#
# A fatal error has been detected by the Java Runtime Environment:
#
#  EXCEPTION_ACCESS_VIOLATION (0xc0000005) at pc=0x00007ffef5387075, pid=14156, tid=18520
#
# JRE version: OpenJDK Runtime Environment Temurin-25.0.4.1+1 (25.0.4.1+1) (build 25.0.4.1+1-LTS)
# Java VM: OpenJDK 64-Bit Server VM Temurin-25.0.4.1+1 (25.0.4.1+1-LTS, mixed mode, sharing, tiered, compressed oops, compressed class ptrs, g1 gc, windows-amd64)
# Problematic frame:
# C  [skiko-windows-x64.dll+0x7075]
#
# No core dump will be written. Minidumps are not enabled by default on client versions of Windows
#
# If you would like to submit a bug report, please visit:
#   https://github.com/adoptium/adoptium-support/issues
# The crash happened outside the Java Virtual Machine in native code.
# See problematic frame for where to report the bug.
#

---------------  S U M M A R Y ------------

Command Line: -Dcompose.application.configure.swing.globals=true -Dcompose.application.resources.dir=C:\Codes\piko\desktopApp\build\compose\tmp\prepareAppResources -Dpiko.upgrade-code=6d8d332e-f0f4-4ee0-bc2d-fb3ebf3d4267 --enable-native-access=ALL-UNNAMED -XX:+UnlockDiagnosticVMOptions -XX:-AOTAdapterCaching -XX:-AOTStubCaching --enable-native-access=ALL-UNNAMED -Dfile.encoding=UTF-8 -Duser.country=SG -Duser.language=en -Duser.variant dev.piko.desktop.MainKt

Host: 12th Gen Intel(R) Core(TM) i7-12650H, 16 cores, 31G,  Windows 11 , 64 bit Build 26100 (10.0.26100.9568)
Time: Mon Sep 28 17:00:50 2026 China Standard Time elapsed time: 1927.000305 seconds (0d 0h 32m 7s)

---------------  T H R E A D  ---------------

Current thread (0x00000235c8f55530):  JavaThread "AWT-EventQueue-0"        [_thread_in_native, id=18520, stack(0x000000bd3d700000,0x000000bd3d800000) (1024K)]

Stack: [0x000000bd3d700000,0x000000bd3d800000],  sp=0x000000bd3d7fdfc0,  free space=1015k
Native frames: (J=compiled Java code, j=interpreted, Vv=VM code, C=native code)
C  [skiko-windows-x64.dll+0x7075]  (no source info available)
C  0x00000235ae8cd193  (no source info available)

The last pc belongs to native method entry point (kind = native) (printed below).
Java frames: (J=compiled Java code, j=interpreted, Vv=VM code)
j  org.jetbrains.skiko.redrawer.Direct3DRedrawer.makeDirectXSurface(JJIILjava/lang/Object;I)J+0
j  org.jetbrains.skiko.redrawer.Direct3DRedrawer.makeSurface(JIILorg/jetbrains/skia/SurfaceProps;I)Lorg/jetbrains/skia/Surface;+47
J 11092 c1 org.jetbrains.skiko.context.Direct3DContextHandler.initCanvas(Lorg/jetbrains/skiko/LayerDrawScope;)V (201 bytes) @ 0x00000235a84714b4 [0x00000235a846f680+0x0000000000001e34]
J 10664 c1 org.jetbrains.skiko.context.ContextHandler.draw(Lorg/jetbrains/skiko/LayerDrawScope;)V (110 bytes) @ 0x00000235a834e56c [0x00000235a834e100+0x000000000000046c]
J 10077 c1 org.jetbrains.skiko.redrawer.Direct3DRedrawer.drawAndSwap(Lorg/jetbrains/skiko/LayerDrawScope;Z)V (57 bytes) @ 0x00000235a8217604 [0x00000235a8217000+0x0000000000000604]
j  org.jetbrains.skiko.redrawer.Direct3DRedrawer.renderImmediately()V+231
j  org.jetbrains.skiko.SkiaLayer.reshape(IIII)V+51
j  java.awt.Component.setBounds(IIII)V+6 java.desktop@25.0.4.1
j  java.awt.Component.resize(II)V+23 java.desktop@25.0.4.1
j  java.awt.Component.setSize(II)V+3 java.desktop@25.0.4.1
j  androidx.compose.ui.scene.ComposeContainer.setBounds(IIII)V+10
j  androidx.compose.ui.awt.ComposeWindowPanel.setBounds(IIII)V+18
j  dev.piko.desktop.PixelAlignedLayout.layoutContainer(Ljava/awt/Container;)V+96
j  java.awt.Container.layout()V+11 java.desktop@25.0.4.1
j  java.awt.Container.doLayout()V+1 java.desktop@25.0.4.1
j  java.awt.Container.validateTree()V+47 java.desktop@25.0.4.1
j  java.awt.Container.validateTree()V+110 java.desktop@25.0.4.1
j  java.awt.Container.validateTree()V+110 java.desktop@25.0.4.1
j  java.awt.Container.validateTree()V+110 java.desktop@25.0.4.1
j  java.awt.Container.validate()V+60 java.desktop@25.0.4.1
j  java.awt.Window.dispatchEventImpl(Ljava/awt/AWTEvent;)V+14 java.desktop@25.0.4.1
J 10275 c2 java.awt.EventQueue.dispatchEvent(Ljava/awt/AWTEvent;)V java.desktop@25.0.4.1 (48 bytes) @ 0x00000235af433380 [0x00000235af432f80+0x0000000000000400]
J 13973 c1 java.awt.EventDispatchThread.pumpOneEventForFilters(I)V java.desktop@25.0.4.1 (106 bytes) @ 0x00000235a76dc544 [0x00000235a76dbd80+0x00000000000007c4]
j  java.awt.EventDispatchThread.pumpEventsForFilter(ILjava/awt/Conditional;Ljava/awt/EventFilter;)V+35 java.desktop@25.0.4.1
j  java.awt.EventDispatchThread.pumpEventsForHierarchy(ILjava/awt/Conditional;Ljava/awt/Component;)V+11 java.desktop@25.0.4.1
j  java.awt.EventDispatchThread.pumpEvents(ILjava/awt/Conditional;)V+4 java.desktop@25.0.4.1
j  java.awt.EventDispatchThread.pumpEvents(Ljava/awt/Conditional;)V+3 java.desktop@25.0.4.1
j  java.awt.EventDispatchThread.run()V+9 java.desktop@25.0.4.1
v  ~StubRoutines::call_stub 0x00000235ae8c12ed

siginfo: EXCEPTION_ACCESS_VIOLATION (0xc0000005), reading address 0x0000000000000000


Registers:
RAX=0x000000bd3d7fe0a8, RBX=0x0000023615b268d8, RCX=0x0000000000000000, RDX=0x0000000000000000
RSP=0x000000bd3d7fdfc0, RBP=0x000000bd3d7fe2d8, RSI=0x00000235cb7c3f50, RDI=0x00000235c8f55978
R8 =0x0000000000000000, R9 =0x0000000000000056, R10=0x0000000000000000, R11=0x0000000000000015
R12=0x0000000000000000, R13=0x00000235c5f9eb98, R14=0x000000bd3d7fe300, R15=0x0000000000000000
RIP=0x00007ffef5387075, EFLAGS=0x0000000000010206

XMM[0]=0x0000000000000000 0x000000003f000000
XMM[1]=0x0000000000000000 0x00049a7000d8f000
XMM[2]=0x00007fff48e6ba58 0x00007fff48ced120
XMM[3]=0x000000bd00001faf 0x00007fff48f662d4
XMM[4]=0x000000bd3d7fc1c0 0x000000bd3d7fbbf0
XMM[5]=0x00007fff48f95da8 0x000000bd3d7fb6a0
XMM[6]=0x0000000000000000 0x0000000000000000
XMM[7]=0x0000000000000000 0x00000000bd160000
XMM[8]=0x0000000000000000 0x0000000042198400
XMM[9]=0x0000000000000000 0x0000000040f00000
XMM[10]=0x0000000000000000 0x0000000041700000
XMM[11]=0x0000000000000000 0x00000000c0787000
XMM[12]=0x0000000000000000 0x000000004c465c6d
XMM[13]=0x0000000000000000 0x0000000042400000
XMM[14]=0x0000000000000000 0x000000003f800000
XMM[15]=0x0000000000000000 0x00000000414649c5
  MXCSR=0x00001faf


Register to memory mapping:

RAX=0x000000bd3d7fe0a8 is pointing into the stack for thread: 0x00000235c8f55530
RBX=0x0000023615b268d8 points into unknown readable memory: 0x0000000000000000 | 00 00 00 00 00 00 00 00
RCX=0x0 is null
RDX=0x0 is null
RSP=0x000000bd3d7fdfc0 is pointing into the stack for thread: 0x00000235c8f55530
RBP=0x000000bd3d7fe2d8 is pointing into the stack for thread: 0x00000235c8f55530
RSI=0x00000235cb7c3f50 points into unknown readable memory: 0x00007ffef5ed3a30 | 30 3a ed f5 fe 7f 00 00
RDI=0x00000235c8f55978 points into unknown readable memory: 0x00007fff29356dc0 | c0 6d 35 29 ff 7f 00 00
R8 =0x0 is null
R9 =0x0000000000000056 is an unknown value
R10=0x0 is null
R11=0x0000000000000015 is an unknown value
R12=0x0 is null
R13={method} {0x00000235c5f9eba0} 'makeDirectXSurface' '(JJIILjava/lang/Object;I)J' in 'org/jetbrains/skiko/redrawer/Direct3DRedrawer'
R14=0x000000bd3d7fe300 is pointing into the stack for thread: 0x00000235c8f55530
R15=0x0 is null

Top of Stack: (sp=0x000000bd3d7fdfc0)
0x000000bd3d7fdfc0:   0000000000000000 0000000000000000   ................
0x000000bd3d7fdfd0:   0000000000000000 0000000000000000   ................
0x000000bd3d7fdfe0:   0000000000000000 0000000000000000   ................
0x000000bd3d7fdff0:   0000000000000000 0000000000000000   ................
0x000000bd3d7fe000:   0000000000000000 0000000000000000   ................
0x000000bd3d7fe010:   0000000000000000 0000000000000000   ................
0x000000bd3d7fe020:   0000ad12e32f5391 0000000000000001   .S/.............
0x000000bd3d7fe030:   00000235cb7973a0 00007ff8029e6e4c   .sy.5...Ln......
0x000000bd3d7fe040:   000000000000050a 00000000000002c1   ................
0x000000bd3d7fe050:   000000bd3d7fe1f0 00007ff8029c3941   ...=....A9......
0x000000bd3d7fe060:   000000bd3d7fe178 0000000000000000   x..=............
0x000000bd3d7fe070:   0000ad12e32f6db1 000000bd3d7fe1a8   .m/........=....
0x000000bd3d7fe080:   00000000887a0005 00007ff8029c71fb   ..z......q......
0x000000bd3d7fe090:   0000000000000000 0000000000000000   ................
0x000000bd3d7fe0a0:   000000bd00000002 0000023615fa0310   ............6...
0x000000bd3d7fe0b0:   0000000000000000 0000000000000000   ................
0x000000bd3d7fe0c0:   0000001c00000000 0000000100000001   ................
0x000000bd3d7fe0d0:   0000000000000000 00007ffe00000000   ................
0x000000bd3d7fe0e0:   00000235c8f55530 000000bd3d7fe2c0   0U..5......=....
0x000000bd3d7fe0f0:   000000bd3d7fe380 0000000000000000   ...=............
0x000000bd3d7fe100:   0000023615b268e8 00007fff28cd9c75   .h..6...u..(....
0x000000bd3d7fe110:   0000023615b268d8 000002361566dac0   .h..6.....f.6...
0x000000bd3d7fe120:   00007ff808326f90 00000235c8f55530   .o2.....0U..5...
0x000000bd3d7fe130:   000000bd3d7fe1c0 00007fff28cd992a   ...=....*..(....
0x000000bd3d7fe140:   000000bd3d7fe1c0 000000003d1846f8   ...=.....F.=....
0x000000bd3d7fe150:   000002361566dac0 00007fff48cc3b47   ..f.6...G;.H....
0x000000bd3d7fe160:   000000bd3d7fe1c0 00000235c8f55530   ...=....0U..5...
0x000000bd3d7fe170:   000000bd3d7fe1a0 00000236887a0000   ...=......z.6...
0x000000bd3d7fe180:   0000000000000000 0000000000000000   ................
0x000000bd3d7fe190:   0000000000000002 00007fff28864452   ........RD.(....
0x000000bd3d7fe1a0:   0000000623a42338 00000235c8f55530   8#.#....0U..5...
0x000000bd3d7fe1b0:   0000000000000001 00007fff74ca5af4   .........Z.t....

Instructions: (pc=0x00007ffef5387075)
  0x00007ffef5386f75:   48 83 c4 58 5f 5e c3 e8 ff ae a4 00 cc cc cc cc
  0x00007ffef5386f85:   cc cc cc cc cc cc cc cc cc cc cc 41 57 41 56 56
  0x00007ffef5386f95:   57 53 48 81 ec 30 02 00 00 0f 29 b4 24 20 02 00
  0x00007ffef5386fa5:   00 4c 89 ce 48 89 cf 48 63 94 24 98 02 00 00 4c
  0x00007ffef5386fb5:   8b b4 24 90 02 00 00 48 8b 05 bd 22 d1 00 48 31
  0x00007ffef5386fc5:   e0 48 89 84 24 18 02 00 00 0f 57 f6 0f 29 b4 24
  0x00007ffef5386fd5:   f0 00 00 00 c7 84 24 00 01 00 00 00 00 00 00 0f
  0x00007ffef5386fe5:   28 05 35 14 b4 00 0f 11 84 24 04 01 00 00 c6 84
  0x00007ffef5386ff5:   24 14 01 00 00 00 49 8b 48 38 49 8d 5c d0 48 48
  0x00007ffef5387005:   8b 01 4c 8d 05 ea 15 b4 00 49 89 d9 ff 50 48 48
  0x00007ffef5387015:   8d 84 24 f0 00 00 00 48 39 d8 74 36 4c 8b 3b 4d
  0x00007ffef5387025:   85 ff 74 26 49 8b 07 4c 89 f9 ff 50 08 48 8b 8c
  0x00007ffef5387035:   24 f0 00 00 00 4c 89 bc 24 f0 00 00 00 48 85 c9
  0x00007ffef5387045:   74 10 48 8b 01 ff 50 10 eb 08 4c 89 bc 24 f0 00
  0x00007ffef5387055:   00 00 48 8d 8c 24 e8 00 00 00 48 89 fa 4d 89 f0
  0x00007ffef5387065:   e8 06 e6 00 00 0f 29 b4 24 d0 00 00 00 48 8b 0b
=>0x00007ffef5387075:   48 8b 01 48 8d 94 24 98 00 00 00 ff 50 50 8b bc
  0x00007ffef5387085:   24 b0 00 00 00 48 8b 0b 48 8b 01 48 8d 54 24 60
  0x00007ffef5387095:   ff 50 50 8b 54 24 70 48 8d 84 24 d0 00 00 00 48
  0x00007ffef53870a5:   89 44 24 20 48 8d 9c 24 20 01 00 00 4c 8d 8c 24
  0x00007ffef53870b5:   f0 00 00 00 48 89 d9 41 89 f8 e8 ac ef 0b 00 4c
  0x00007ffef53870c5:   8b b4 24 e8 00 00 00 48 8d 7c 24 58 48 89 f9 e8
  0x00007ffef53870d5:   87 26 08 00 0f 11 74 24 40 4c 89 74 24 38 48 89
  0x00007ffef53870e5:   7c 24 30 c7 44 24 28 04 00 00 00 c7 44 24 20 00
  0x00007ffef53870f5:   00 00 00 48 8d 8c 24 98 00 00 00 48 89 f2 49 89
  0x00007ffef5387105:   d8 45 31 c9 e8 d2 21 0c 00 48 8b b4 24 98 00 00
  0x00007ffef5387115:   00 48 89 d9 e8 52 a0 0b 00 48 8b 8c 24 e8 00 00
  0x00007ffef5387125:   00 48 85 c9 74 0a ba 10 00 00 00 e8 13 ab a4 00
  0x00007ffef5387135:   48 8b 8c 24 f8 00 00 00 48 85 c9 74 0c f0 ff 49
  0x00007ffef5387145:   08 75 06 48 8b 01 ff 50 08 48 8b 8c 24 f0 00 00
  0x00007ffef5387155:   00 48 85 c9 74 06 48 8b 01 ff 50 10 48 8b 8c 24
  0x00007ffef5387165:   18 02 00 00 48 31 e1 48 3b 0d 0d 21 d1 00 75 1a


Stack slot to memory mapping:

stack at sp + 0 slots: 0x0 is null
stack at sp + 1 slots: 0x0 is null
stack at sp + 2 slots: 0x0 is null
stack at sp + 3 slots: 0x0 is null
stack at sp + 4 slots: 0x0 is null
stack at sp + 5 slots: 0x0 is null
stack at sp + 6 slots: 0x0 is null
stack at sp + 7 slots: 0x0 is null

Lock stack of current Java thread (top to bottom):
LockStack[2]: java.lang.Object 
{0x00000006053a1a38} - klass: 'java/lang/Object' - flags: 

 - ---- fields (total size 2 words):
LockStack[1]: java.awt.Component$AWTTreeLock 
{0x0000000604002dc0} - klass: 'java/awt/Component$AWTTreeLock' - flags: 

 - ---- fields (total size 2 words):
LockStack[0]: java.awt.Component$AWTTreeLock 
{0x0000000604002dc0} - klass: 'java/awt/Component$AWTTreeLock' - flags: 

 - ---- fields (total size 2 words):

native method entry point (kind = native)  [0x00000235ae8ccdc0, 0x00000235ae8cd8b8]  2808 bytes
[MachCode]
  0x00000235ae8ccdc0: 488b 4b08 | 0fb7 492e | 584c 8d74 | ccf8 6800 | 0000 0068 | 0000 0000 | 5055 488b | ec41 5548 
  0x00000235ae8ccde0: 8b43 084c | 8d68 3848 | 8b40 0868 | 0000 0000 | 5348 8b50 | 1848 8b52 | 7048 8b12 | 5248 8b53 
  0x00000235ae8cce00: 1048 85d2 | 7407 4881 | c2d0 0000 | 0052 488b | 5010 5249 | 8bc6 482b | c548 c1e8 | 0350 6800 
  0x00000235ae8cce20: 0000 0068 | f7ff ffff | 41c6 87f1 | 0400 0001 | 488b 4310 | 4885 c074 | 208b 8890 | 0000 0083 
  0x00000235ae8cce40: c102 8988 | 9000 0000 | 2388 a400 | 0000 0f84 | b209 0000 | e9cf 0000 | 0048 8b43 | 1848 85c0 
  0x00000235ae8cce60: 0f85 b000 | 0000 e805 | 0000 00e9 | 9900 0000 | 488b d348 | 8d44 2408 | 4c89 6dc0 | 498b cfc5 
  0x00000235ae8cce80: f877 4989 | af38 0400 | 0049 8987 | 2804 0000 | 4883 ec20 | 40f6 c40f | 0f84 1900 | 0000 4883 
  0x00000235ae8ccea0: ec08 48b8 | 3048 a228 | ff7f 0000 | ffd0 4883 | c408 e90c | 0000 0048 | b830 48a2 | 28ff 7f00 
  0x00000235ae8ccec0: 00ff d048 | 83c4 2049 | c787 2804 | 0000 0000 | 0000 49c7 | 8738 0400 | 0000 0000 | 0049 c787 
  0x00000235ae8ccee0: 3004 0000 | 0000 0000 | c5f8 7749 | 837f 0800 | 0f84 0500 | 0000 e9e5 | 42ff ff4c | 8b6d c04c 
  0x00000235ae8ccf00: 8b75 c84e | 8d74 f500 | c348 8b43 | 1848 85c0 | 0f84 1200 | 0000 8b48 | 0883 c102 | 8948 0823 
  0x00000235ae8ccf20: 482c 0f84 | de08 0000 | 493b a770 | 0500 000f | 8748 0000 | 0089 8424 | 00f0 ffff | 8984 2400 
  0x00000235ae8ccf40: e0ff ff89 | 8424 00d0 | ffff 8984 | 2400 c0ff | ff89 8424 | 00b0 ffff | 8984 2400 | a0ff ff89 
  0x00000235ae8ccf60: 8424 0090 | ffff 8984 | 2400 80ff | ff49 3ba7 | 6805 0000 | 7607 4989 | a770 0500 | 0041 c687 
  0x00000235ae8ccf80: f104 0000 | 0048 8b5d | e84c 8b5b | 0845 0fb7 | 5b2e 41c1 | e303 492b | e348 83ec | 2048 83e4 
  0x00000235ae8ccfa0: f04c 8b5b | 604d 85db | 0f85 ab00 | 0000 e805 | 0000 00e9 | 9900 0000 | 488b d348 | 8d44 2408 
  0x00000235ae8ccfc0: 4c89 6dc0 | 498b cfc5 | f877 4989 | af38 0400 | 0049 8987 | 2804 0000 | 4883 ec20 | 40f6 c40f 
  0x00000235ae8ccfe0: 0f84 1900 | 0000 4883 | ec08 48b8 | 6071 a228 | ff7f 0000 | ffd0 4883 | c408 e90c | 0000 0048 
  0x00000235ae8cd000: b860 71a2 | 28ff 7f00 | 00ff d048 | 83c4 2049 | c787 2804 | 0000 0000 | 0000 49c7 | 8738 0400 
  0x00000235ae8cd020: 0000 0000 | 0049 c787 | 3004 0000 | 0000 0000 | c5f8 7749 | 837f 0800 | 0f84 0500 | 0000 e99d 
  0x00000235ae8cd040: 41ff ff4c | 8b6d c04c | 8b75 c84e | 8d74 f500 | c348 8b5d | e84c 8b5b | 6041 ffd3 | 488b 5de8 
  0x00000235ae8cd060: 4889 4518 | 440f b75b | 2c41 f6c3 | 080f 841b | 0000 004c | 8b5b 084d | 8b5b 084d | 8b5b 184d 
  0x00000235ae8cd080: 8b5b 704d | 8b1b 4c89 | 5d10 488d | 5510 488b | 4358 49ba | 905f dd28 | ff7f 0000 | 493b c20f 
  0x00000235ae8cd0a0: 85ab 0000 | 00e8 0500 | 0000 e999 | 0000 0048 | 8bd3 488d | 4424 084c | 896d c049 | 8bcf c5f8 
  0x00000235ae8cd0c0: 7749 89af | 3804 0000 | 4989 8728 | 0400 0048 | 83ec 2040 | f6c4 0f0f | 8419 0000 | 0048 83ec 
  0x00000235ae8cd0e0: 0848 b860 | 71a2 28ff | 7f00 00ff | d048 83c4 | 08e9 0c00 | 0000 48b8 | 6071 a228 | ff7f 0000 
  0x00000235ae8cd100: ffd0 4883 | c420 49c7 | 8728 0400 | 0000 0000 | 0049 c787 | 3804 0000 | 0000 0000 | 49c7 8730 
  0x00000235ae8cd120: 0400 0000 | 0000 00c5 | f877 4983 | 7f08 000f | 8405 0000 | 00e9 a640 | ffff 4c8b | 6dc0 4c8b 
  0x00000235ae8cd140: 75c8 4e8d | 74f5 00c3 | 488b 5de8 | 488b 4358 | 498d 8f48 | 0400 004c | 8d15 d500 | 0000 4d89 
  0x00000235ae8cd160: 9730 0400 | 00c5 f877 | 4989 af38 | 0400 0049 | 89a7 2804 | 0000 41c7 | 87d4 0400 | 0004 0000 
  0x00000235ae8cd180: 0049 3ba7 | c805 0000 | 7607 4989 | a7c8 0500 | 00ff d049 | 3ba7 c805 | 0000 720b | 49c7 87c8 
  0x00000235ae8cd1a0: 0500 0000 | 0000 00c5 | f877 4883 | ec10 c5fb | 1104 2448 | 83ec 1048 | 8904 2448 | c744 2408 
  0x00000235ae8cd1c0: 0000 0000 | 41c7 87d4 | 0400 0005 | 0000 00f0 | 8344 24c0 | 0049 3b6f | 280f 870e | 0000 0041 
  0x00000235ae8cd1e0: 83bf d004 | 0000 000f | 8420 0000 | 0049 8bcf | 4c8b e448 | 83ec 2048 | 83e4 f048 | b8e0 d8a3 
  0x00000235ae8cd200: 28ff 7f00 | 00ff d049 | 8be4 4d33 | e441 c787 | d404 0000 | 0800 0000 | 4d8b 97f0 | 0500 0049 
  0x00000235ae8cd220: 83fa 0074 | 3549 c787 | f005 0000 | 0000 0000 | 41ff e249 | ba60 be8c | ae35 0200 | 0041 ffd2 
  0x00000235ae8cd240: 4883 ec10 | c5fb 1104 | 2448 83ec | 1048 8904 | 2448 c744 | 2408 0000 | 0000 49c7 | 8728 0400 
  0x00000235ae8cd260: 0000 0000 | 0049 c787 | 3804 0000 | 0000 0000 | 49c7 8730 | 0400 0000 | 0000 00c5 | f877 4d8b 
  0x00000235ae8cd280: 9fb8 0400 | 0041 c783 | 0001 0000 | 0000 0000 | 49bb 5aa7 | 8cae 3502 | 0000 4c3b | 5d18 0f85 
  0x00000235ae8cd2a0: 5501 0000 | 488b 0424 | 4883 c410 | 4885 c00f | 842f 0100 | 00a8 030f | 8508 0000 | 0048 8b00 
  0x00000235ae8cd2c0: e91f 0100 | 00a8 010f | 8509 0000 | 0048 8b40 | fee9 0e01 | 0000 488b | 40ff 4180 | 7f48 000f 
  0x00000235ae8cd2e0: 84ff 0000 | 0048 83f8 | 000f 84f5 | 0000 004d | 8b5f 384d | 85db 0f84 | 1400 0000 | 4983 eb08 
  0x00000235ae8cd300: 4d89 5f38 | 4d03 5f40 | 4989 03e9 | d400 0000 | 4883 ec70 | 4889 0424 | 4889 4c24 | 0848 8954 
  0x00000235ae8cd320: 2410 4c89 | 4424 184c | 894c 2420 | 4c89 5424 | 284c 895c | 2430 c5fb | 1144 2440 | c5fb 114c 
  0x00000235ae8cd340: 2448 c5fb | 1154 2450 | c5fb 115c | 2458 c5fb | 1164 2460 | c5fb 116c | 2468 498b | d748 8bc8 
  0x00000235ae8cd360: 4883 ec20 | 40f6 c40f | 0f84 1900 | 0000 4883 | ec08 48b8 | 0095 9628 | ff7f 0000 | ffd0 4883 
  0x00000235ae8cd380: c408 e90c | 0000 0048 | b800 9596 | 28ff 7f00 | 00ff d048 | 83c4 20c5 | fb10 6c24 | 68c5 fb10 
  0x00000235ae8cd3a0: 6424 60c5 | fb10 5c24 | 58c5 fb10 | 5424 50c5 | fb10 4c24 | 48c5 fb10 | 4424 404c | 8b5c 2430 
  0x00000235ae8cd3c0: 4c8b 5424 | 284c 8b4c | 2420 4c8b | 4424 1848 | 8b54 2410 | 488b 4c24 | 0848 8b04 | 2448 83c4 
  0x00000235ae8cd3e0: 70c5 f877 | 4889 4510 | 4883 ec10 | 4889 0424 | 48c7 4424 | 0800 0000 | 0041 83bf | 5005 0000 
  0x00000235ae8cd400: 020f 85bf | 0000 0048 | 81ec 8000 | 0000 4889 | 4424 7848 | 894c 2470 | 4889 5424 | 6848 895c 
  0x00000235ae8cd420: 2460 4889 | 6c24 5048 | 8974 2448 | 4889 7c24 | 404c 8944 | 2438 4c89 | 4c24 304c | 8954 2428 
  0x00000235ae8cd440: 4c89 5c24 | 204c 8964 | 2418 4c89 | 6c24 104c | 8974 2408 | 4c89 3c24 | 4c8b e448 | 83ec 2048 
  0x00000235ae8cd460: 83e4 f048 | b800 47dd | 28ff 7f00 | 00ff d049 | 8be4 4c8b | 3c24 4c8b | 7424 084c | 8b6c 2410 
  0x00000235ae8cd480: 4c8b 6424 | 184c 8b5c | 2420 4c8b | 5424 284c | 8b4c 2430 | 4c8b 4424 | 3848 8b7c | 2440 488b 
  0x00000235ae8cd4a0: 7424 4848 | 8b6c 2450 | 488b 5c24 | 6048 8b54 | 2468 488b | 4c24 7048 | 8b44 2478 | 4881 c480 
  0x00000235ae8cd4c0: 0000 004d | 33e4 488b | 5de8 4c8b | 6b08 4d8d | 6d38 4983 | 7f08 000f | 84bb 0000 | 00e8 0500 
  0x00000235ae8cd4e0: 0000 e996 | 0000 0048 | 8d44 2408 | 4c89 6dc0 | 498b cfc5 | f877 4989 | af38 0400 | 0049 8987 
  0x00000235ae8cd500: 2804 0000 | 4883 ec20 | 40f6 c40f | 0f84 1900 | 0000 4883 | ec08 48b8 | a08f a228 | ff7f 0000 
  0x00000235ae8cd520: ffd0 4883 | c408 e90c | 0000 0048 | b8a0 8fa2 | 28ff 7f00 | 00ff d048 | 83c4 2049 | c787 2804 
  0x00000235ae8cd540: 0000 0000 | 0000 49c7 | 8738 0400 | 0000 0000 | 0049 c787 | 3004 0000 | 0000 0000 | c5f8 7749 
  0x00000235ae8cd560: 837f 0800 | 0f84 0500 | 0000 e971 | 3cff ff4c | 8b6d c04c | 8b75 c84e | 8d74 f500 | c348 b940 
  0x00000235ae8cd580: 710f 29ff | 7f00 0048 | 83e4 f048 | b8a0 b8c9 | 28ff 7f00 | 00ff d0f4 | 440f b75b | 2c41 f6c3 
  0x00000235ae8cd5a0: 200f 8472 | 0100 0048 | 8d55 a84c | 8b5a 084d | 85db 0f85 | bb00 0000 | e805 0000 | 00e9 9600 
  0x00000235ae8cd5c0: 0000 488d | 4424 084c | 896d c049 | 8bcf c5f8 | 7749 89af | 3804 0000 | 4989 8728 | 0400 0048 
  0x00000235ae8cd5e0: 83ec 2040 | f6c4 0f0f | 8419 0000 | 0048 83ec | 0848 b8d0 | 8ea2 28ff | 7f00 00ff | d048 83c4 
  0x00000235ae8cd600: 08e9 0c00 | 0000 48b8 | d08e a228 | ff7f 0000 | ffd0 4883 | c420 49c7 | 8728 0400 | 0000 0000 
  0x00000235ae8cd620: 0049 c787 | 3804 0000 | 0000 0000 | 49c7 8730 | 0400 0000 | 0000 00c5 | f877 4983 | 7f08 000f 
  0x00000235ae8cd640: 8405 0000 | 00e9 963b | ffff 4c8b | 6dc0 4c8b | 75c8 4e8d | 74f5 00c3 | 48b9 4071 | 0f29 ff7f 
  0x00000235ae8cd660: 0000 4883 | e4f0 48b8 | a0b8 c928 | ff7f 0000 | ffd0 f44c | 896d c04c | 8b4a 0848 | c742 0800 
  0x00000235ae8cd680: 0000 0045 | 8b87 d806 | 0000 4f3b | 4c07 f80f | 8542 0000 | 0041 83af | d806 0000 | 084f 3b4c 
  0x00000235ae8cd6a0: 07f0 0f84 | 2a00 0000 | 498b 01a8 | 020f 8512 | 0000 004c | 8bc0 4983 | c801 f04d | 0fb1 010f 
  0x00000235ae8cd6c0: 840d 0000 | 0041 8387 | d806 0000 | 08e9 0500 | 0000 e93e | 0000 004c | 894a 0848 | 8bca 4883 
  0x00000235ae8cd6e0: ec20 40f6 | c40f 0f84 | 1900 0000 | 4883 ec08 | 48b8 2061 | a228 ff7f | 0000 ffd0 | 4883 c408 
  0x00000235ae8cd700: e90c 0000 | 0048 b820 | 61a2 28ff | 7f00 00ff | d048 83c4 | 204c 8b6d | c041 c687 | 9603 0000 
  0x00000235ae8cd720: 0149 3b6f | 280f 8705 | 0000 00e9 | ab00 0000 | 4883 ec10 | c5fb 1104 | 2448 83ec | 1048 8904 
  0x00000235ae8cd740: 2448 c744 | 2408 0000 | 0000 c5f8 | 7749 89af | 3804 0000 | 49ba 4ad7 | 8cae 3502 | 0000 4d89 
  0x00000235ae8cd760: 9730 0400 | 0049 89a7 | 2804 0000 | 498b cf48 | 83ec 2040 | f6c4 0f0f | 8419 0000 | 0048 83ec 
  0x00000235ae8cd780: 0848 b8c0 | 47a2 28ff | 7f00 00ff | d048 83c4 | 08e9 0c00 | 0000 48b8 | c047 a228 | ff7f 0000 
  0x00000235ae8cd7a0: ffd0 4883 | c420 49c7 | 8728 0400 | 0000 0000 | 0049 c787 | 3804 0000 | 0000 0000 | 49c7 8730 
  0x00000235ae8cd7c0: 0400 0000 | 0000 00c5 | f877 488b | 0424 4883 | c410 c5fb | 1004 2448 | 83c4 1048 | 8b04 2448 
  0x00000235ae8cd7e0: 83c4 10c5 | fb10 0424 | 4883 c410 | 4c8b 5d18 | 41ff d34c | 8b5d f8c9 | 41c6 8796 | 0300 0000 
  0x00000235ae8cd800: 5f49 8be3 | ffe7 ba00 | 0000 00e8 | 0500 0000 | e996 0000 | 0048 8d44 | 2408 4c89 | 6dc0 498b 
  0x00000235ae8cd820: cfc5 f877 | 4989 af38 | 0400 0049 | 8987 2804 | 0000 4883 | ec20 40f6 | c40f 0f84 | 1900 0000 
  0x00000235ae8cd840: 4883 ec08 | 48b8 1057 | a228 ff7f | 0000 ffd0 | 4883 c408 | e90c 0000 | 0048 b810 | 57a2 28ff 
  0x00000235ae8cd860: 7f00 00ff | d048 83c4 | 2049 c787 | 2804 0000 | 0000 0000 | 49c7 8738 | 0400 0000 | 0000 0049 
  0x00000235ae8cd880: c787 3004 | 0000 0000 | 0000 c5f8 | 7749 837f | 0800 0f84 | 0500 0000 | e943 39ff | ff4c 8b6d 
  0x00000235ae8cd8a0: c04c 8b75 | c84e 8d74 | f500 c348 | 8b5d e8e9 | 74f6 ffff | 0f1f 4000 
[/MachCode]

Compiled method (c1) 1927122 11092   !   3       org.jetbrains.skiko.context.Direct3DContextHandler::initCanvas (201 bytes)
 total in heap  [0x00000235a846f588,0x00000235a8474180] = 19448
 main code      [0x00000235a846f680,0x00000235a8474048] = 18888
 stub code      [0x00000235a8474048,0x00000235a8474160] = 280
 oops           [0x00000235a8474160,0x00000235a8474180] = 32
 mutable data [0x00000235ca3b9340,0x00000235ca3b9970] = 1584
 relocation     [0x00000235ca3b9340,0x00000235ca3b9878] = 1336
 metadata       [0x00000235ca3b9878,0x00000235ca3b9970] = 248
 immutable data [0x00000235c96d4fd0,0x00000235c96d66c0] = 5872
 dependencies   [0x00000235c96d4fd0,0x00000235c96d5010] = 64
 nul chk table  [0x00000235c96d5010,0x00000235c96d50f0] = 224
 handler table  [0x00000235c96d50f0,0x00000235c96d53a8] = 696
 scopes pcs     [0x00000235c96d53a8,0x00000235c96d5d18] = 2416
 scopes data    [0x00000235c96d5d18,0x00000235c96d66c0] = 2472

[Constant Pool (empty)]

[MachCode]
[Instructions begin]
  0x00000235a846f680: 6666 660f | 1f84 0000 | 0000 0066 | 6666 9066 | 6690 448b | 5208 443b 

  0x00000235a846f698: ;   {runtime_call Shared Runtime ic_miss_blob}
  0x00000235a846f698: 5008 0f85 | 40f4 4906 
[Verified Entry Point]
  0x00000235a846f6a0: 8984 2400 | 80ff ff55 | 4881 ecb0 | 0100 0090 | 4181 7f20 | 0e00 0000 

  0x00000235a846f6b8: ;   {runtime_call Stub::method_entry_barrier}
  0x00000235a846f6b8: 7405 e881 | 4b48 0648 | 8994 24e8 | 0000 004c | 8984 24f0 

  0x00000235a846f6cc: ;   {metadata(method data for {method} {0x00000235c5fa6210} 'initCanvas' '(Lorg/jetbrains/skiko/LayerDrawScope;)V' in 'org/jetbrains/skiko/context/Direct3DContextHandler')}
  0x00000235a846f6cc: 0000 0048 | be88 7870 | c735 0200 | 008b be90 | 0000 0083 | c702 89be | 9000 0000 | 81e7 fe07 
  0x00000235a846f6ec: 0000 85ff | 0f84 213f 

  0x00000235a846f6f4: ;   {metadata(method data for {method} {0x00000235c5fa6210} 'initCanvas' '(Lorg/jetbrains/skiko/LayerDrawScope;)V' in 'org/jetbrains/skiko/context/Direct3DContextHandler')}
  0x00000235a846f6f4: 0000 48be | 8878 70c7 | 3502 0000 | 4883 86d8 | 0000 0001 

  0x00000235a846f708: ;   {metadata(method data for {method} {0x00000235c4417008} 'checkNotNullParameter' '(Ljava/lang/Object;Ljava/lang/String;)V' in 'kotlin/jvm/internal/Intrinsics')}
  0x00000235a846f708: 48be 98fe | 67c4 3502 | 0000 8bbe | 9000 0000 | 83c7 0289 | be90 0000 | 0081 e7fe | ff1f 0085 
  0x00000235a846f728: ff0f 8409 | 3f00 004d 

  0x00000235a846f730: ;   {metadata(method data for {method} {0x00000235c4417008} 'checkNotNullParameter' '(Ljava/lang/Object;Ljava/lang/String;)V' in 'kotlin/jvm/internal/Intrinsics')}
  0x00000235a846f730: 85c0 48be | 98fe 67c4 | 3502 0000 | bfd8 0000 | 0075 05bf | e800 0000 | 488b 043e | 488d 4001 
  0x00000235a846f750: 4889 043e | 0f85 8202 

  0x00000235a846f758: ;   {metadata(method data for {method} {0x00000235c4417008} 'checkNotNullParameter' '(Ljava/lang/Object;Ljava/lang/String;)V' in 'kotlin/jvm/internal/Intrinsics')}
  0x00000235a846f758: 0000 48be | 98fe 67c4 | 3502 0000 | 4883 86f8 | 0000 0001 

  0x00000235a846f76c: ;   {metadata(method data for {method} {0x00000235c4417178} 'throwParameterIsNullNPE' '(Ljava/lang/String;)V' in 'kotlin/jvm/internal/Intrinsics')}
  0x00000235a846f76c: 48be 30b2 | 67c4 3502 | 0000 8bbe | 9000 0000 | 83c7 0289 | be90 0000 | 0081 e7fe | ff1f 0085 
  0x00000235a846f78c: ff0f 84c6 | 3e00 000f | 1f44 0000 

  0x00000235a846f798: ;   {other}
  0x00000235a846f798: e9ec 3e00 | 0000 0000 | 0000 498b | 87c8 0100 | 0048 8d78 | 3049 3bbf | d801 0000 | 0f87 d93e 
  0x00000235a846f7b8: 0000 4989 | bfc8 0100 | 0048 c700 | 0100 0000 | 488b ca41 | ba00 0000 | 3d49 2bca | 8948 0848 
  0x00000235a846f7d8: 33c9 8948 | 0c48 33c9 | 4889 4810 | 4889 4818 | 4889 4820 | 4889 4828 

  0x00000235a846f7f0: ;   {metadata(method data for {method} {0x00000235c4417178} 'throwParameterIsNullNPE' '(Ljava/lang/String;)V' in 'kotlin/jvm/internal/Intrinsics')}
  0x00000235a846f7f0: 48ba 30b2 | 67c4 3502 | 0000 4883 | 82d8 0000 

  0x00000235a846f800: ;   {oop("<this>"{0x0000000604001ed8})}
  0x00000235a846f800: 0001 48ba | d81e 0004 | 0600 0000 | 4889 8424 | e000 0000 

  0x00000235a846f814: ;   {static_call}
  0x00000235a846f814: 6666 90e8 

  0x00000235a846f818: ; ImmutableOopMap {[224]=Oop [232]=Oop [240]=Oop }
                      ;*invokestatic createParameterIsNullExceptionMessage {reexecute=0 rethrow=0 return_oop=0}
                      ; - kotlin.jvm.internal.Intrinsics::throwParameterIsNullNPE@5 (line 140)
                      ; - kotlin.jvm.internal.Intrinsics::checkNotNullParameter@5 (line 131)
                      ; - org.jetbrains.skiko.context.Direct3DContextHandler::initCanvas@3
  0x00000235a846f818: c4fb 4906 

  0x00000235a846f81c: ;   {post_call_nop}
  0x00000235a846f81c: 0f1f 8400 | 9402 0000 | 4c8b 8424 | e000 0000 

  0x00000235a846f82c: ;   {metadata(method data for {method} {0x00000235c4417178} 'throwParameterIsNullNPE' '(Ljava/lang/String;)V' in 'kotlin/jvm/internal/Intrinsics')}
  0x00000235a846f82c: 48ba 30b2 | 67c4 3502 | 0000 4883 | 82e8 0000 | 0001 4c8b | c048 8b94 | 24e0 0000 | 0066 0f1f 
  0x00000235a846f84c: ;   {optimized virtual_call}
  0x00000235a846f84c: 4400 00e8 

  0x00000235a846f850: ; ImmutableOopMap {[224]=Oop [232]=Oop [240]=Oop }
                      ;*invokespecial <init> {reexecute=0 rethrow=0 return_oop=0}
                      ; - kotlin.jvm.internal.Intrinsics::throwParameterIsNullNPE@8 (line 140)
                      ; - kotlin.jvm.internal.Intrinsics::checkNotNullParameter@5 (line 131)
                      ; - org.jetbrains.skiko.context.Direct3DContextHandler::initCanvas@3
  0x00000235a846f850: 8cf5 4906 

  0x00000235a846f854: ;   {post_call_nop}
  0x00000235a846f854: 0f1f 8400 | cc02 0001 

  0x00000235a846f85c: ;   {metadata(method data for {method} {0x00000235c4417178} 'throwParameterIsNullNPE' '(Ljava/lang/String;)V' in 'kotlin/jvm/internal/Intrinsics')}
  0x00000235a846f85c: 48ba 30b2 | 67c4 3502 | 0000 4883 | 82f8 0000 

  0x00000235a846f86c: ;   {metadata(method data for {method} {0x00000235c44181d8} 'sanitizeStackTrace' '(Ljava/lang/Throwable;)Ljava/lang/Throwable;' in 'kotlin/jvm/internal/Intrinsics')}
  0x00000235a846f86c: 0001 48ba | 20b8 67c4 | 3502 0000 | 8bb2 9000 | 0000 83c6 | 0289 b290 | 0000 0081 | e6fe ff1f 
  0x00000235a846f88c: 0085 f60f | 840b 3e00 

  0x00000235a846f894: ;   {oop(a 'java/lang/Class'{0x00000006040022d8} = 'kotlin/jvm/internal/Intrinsics')}
  0x00000235a846f894: 0048 bad8 | 2200 0406 | 0000 0048 

  0x00000235a846f8a0: ;   {metadata(method data for {method} {0x00000235c44181d8} 'sanitizeStackTrace' '(Ljava/lang/Throwable;)Ljava/lang/Throwable;' in 'kotlin/jvm/internal/Intrinsics')}
  0x00000235a846f8a0: 8bf2 48bf | 20b8 67c4 | 3502 0000 | 8b76 0841 | ba00 0000 | 3d49 03f2 | 483b b7e0 | 0000 0075 
  0x00000235a846f8c0: 0d48 8387 | e800 0000 | 01e9 6000 | 0000 483b | b7f0 0000 | 0075 0d48 | 8387 f800 | 0000 01e9 
  0x00000235a846f8e0: 4a00 0000 | 4883 bfe0 | 0000 0000 | 7517 4889 | b7e0 0000 | 0048 c787 | e800 0000 | 0100 0000 
  0x00000235a846f900: e929 0000 | 0048 83bf | f000 0000 | 0075 1748 | 89b7 f000 | 0000 48c7 | 87f8 0000 | 0001 0000 
  0x00000235a846f920: 00e9 0800 | 0000 4883 | 87d8 0000 

  0x00000235a846f92c: ;   {metadata(method data for {method} {0x000000003d196ac8} 'getName' '()Ljava/lang/String;' in 'java/lang/Class')}
  0x00000235a846f92c: 0001 48be | 883c 0ec4 | 3502 0000 | 8bbe 9000 | 0000 83c7 | 0289 be90 | 0000 0081 | e7fe ff1f 
  0x00000235a846f94c: 0085 ff0f | 846c 3d00 | 008b 5230 | 48c1 e203 

  0x00000235a846f95c: ;   {metadata(method data for {method} {0x000000003d196ac8} 'getName' '()Ljava/lang/String;' in 'java/lang/Class')}
  0x00000235a846f95c: 4885 d248 | be88 3c0e | c435 0200 | 00bf d800 | 0000 7405 | bfe8 0000 | 0048 8b1c | 3e48 8d5b 
  0x00000235a846f97c: 0148 891c | 3e0f 8418 

  0x00000235a846f984: ;   {metadata(method data for {method} {0x000000003d196ac8} 'getName' '()Ljava/lang/String;' in 'java/lang/Class')}
  0x00000235a846f984: 0000 0048 | be88 3c0e | c435 0200 | 00ff 86f8 | 0000 0048 | 8bf2 e930 

  0x00000235a846f99c: ;   {oop(a 'java/lang/Class'{0x00000006040022d8} = 'kotlin/jvm/internal/Intrinsics')}
  0x00000235a846f99c: 0000 0048 | bad8 2200 | 0406 0000 | 0048 8bf2 

  0x00000235a846f9ac: ;   {metadata(method data for {method} {0x000000003d196ac8} 'getName' '()Ljava/lang/String;' in 'java/lang/Class')}
  0x00000235a846f9ac: 48bf 883c | 0ec4 3502 | 0000 4883 | 8710 0100 

  0x00000235a846f9bc: ;   {optimized virtual_call}
  0x00000235a846f9bc: 0001 90e8 

  0x00000235a846f9c0: ; ImmutableOopMap {[224]=Oop [232]=Oop [240]=Oop }
                      ;*invokevirtual initClassName {reexecute=0 rethrow=0 return_oop=0}
                      ; - java.lang.Class::getName@14 (line 951)
                      ; - kotlin.jvm.internal.Intrinsics::sanitizeStackTrace@3 (line 253)
                      ; - kotlin.jvm.internal.Intrinsics::throwParameterIsNullNPE@11 (line 140)
                      ; - kotlin.jvm.internal.Intrinsics::checkNotNullParameter@5 (line 131)
                      ; - org.jetbrains.skiko.context.Direct3DContextHandler::initCanvas@3
  0x00000235a846f9c0: 1cf4 4906 

  0x00000235a846f9c4: ;   {post_call_nop}
  0x00000235a846f9c4: 0f1f 8400 | 3c04 0002 | 488b f048 | 8b84 24e0 | 0000 00e9 | e13a 0000 

  0x00000235a846f9dc: ;   {metadata(method data for {method} {0x00000235c5fa6210} 'initCanvas' '(Lorg/jetbrains/skiko/LayerDrawScope;)V' in 'org/jetbrains/skiko/context/Direct3DContextHandler')}
  0x00000235a846f9dc: 488b f248 | bf88 7870 | c735 0200 | 008b 7608 | 41ba 0000 | 003d 4903 | f248 3bb7 | f000 0000 
  0x00000235a846f9fc: 750d 4883 | 87f8 0000 | 0001 e960 | 0000 0048 | 3bb7 0001 | 0000 750d | 4883 8708 | 0100 0001 
  0x00000235a846fa1c: e94a 0000 | 0048 83bf | f000 0000 | 0075 1748 | 89b7 f000 | 0000 48c7 | 87f8 0000 | 0001 0000 
  0x00000235a846fa3c: 00e9 2900 | 0000 4883 | bf00 0100 | 0000 7517 | 4889 b700 | 0100 0048 | c787 0801 | 0000 0100 
  0x00000235a846fa5c: 0000 e908 | 0000 0048 | 8387 e800 | 0000 018b | 7214 48c1 | e603 4889 | b424 f800 | 0000 4885 
  0x00000235a846fa7c: ;   {metadata(method data for {method} {0x00000235c5fa6210} 'initCanvas' '(Lorg/jetbrains/skiko/LayerDrawScope;)V' in 'org/jetbrains/skiko/context/Direct3DContextHandler')}
  0x00000235a846fa7c: f648 bf88 | 7870 c735 | 0200 00bb | 2801 0000 | 7405 bb18 | 0100 0048 | 8b04 1f48 | 8d40 0148 
  0x00000235a846fa9c: 8904 1f0f | 84ba 3300 | 004c 8b84 | 24f0 0000 | 0049 3b00 

  0x00000235a846fab0: ;   {metadata(method data for {method} {0x00000235c5fa6210} 'initCanvas' '(Lorg/jetbrains/skiko/LayerDrawScope;)V' in 'org/jetbrains/skiko/context/Direct3DContextHandler')}
  0x00000235a846fab0: 498b f848 | bb88 7870 | c735 0200 | 008b 7f08 | 41ba 0000 | 003d 4903 | fa48 3bbb | 4001 0000 
  0x00000235a846fad0: 750d 4883 | 8348 0100 | 0001 e960 | 0000 0048 | 3bbb 5001 | 0000 750d | 4883 8358 | 0100 0001 
  0x00000235a846faf0: e94a 0000 | 0048 83bb | 4001 0000 | 0075 1748 | 89bb 4001 | 0000 48c7 | 8348 0100 | 0001 0000 
  0x00000235a846fb10: 00e9 2900 | 0000 4883 | bb50 0100 | 0000 7517 | 4889 bb50 | 0100 0048 | c783 5801 | 0000 0100 
  0x00000235a846fb30: 0000 e908 | 0000 0048 | 8383 3801 | 0000 0141 

  0x00000235a846fb40: ;   {metadata(method data for {method} {0x00000235c5fa6210} 'initCanvas' '(Lorg/jetbrains/skiko/LayerDrawScope;)V' in 'org/jetbrains/skiko/context/Direct3DContextHandler')}
  0x00000235a846fb40: 8b78 0c48 | bb88 7870 | c735 0200 | 0048 8383 | 6801 0000 

  0x00000235a846fb54: ;   {metadata(method data for {method} {0x00000235c45cf310} 'coerceAtLeast' '(II)I' in 'kotlin/ranges/RangesKt___RangesKt')}
  0x00000235a846fb54: 0148 bbf8 | f9a9 c435 | 0200 008b | 8390 0000 | 0083 c002 | 8983 9000 | 0000 25fe | ff1f 0085 
  0x00000235a846fb74: c00f 846c | 3b00 0083 

  0x00000235a846fb7c: ;   {metadata(method data for {method} {0x00000235c45cf310} 'coerceAtLeast' '(II)I' in 'kotlin/ranges/RangesKt___RangesKt')}
  0x00000235a846fb7c: ff01 48bb | f8f9 a9c4 | 3502 0000 | b8d8 0000 | 007d 05b8 | e800 0000 | 488b 0c03 | 488d 4901 
  0x00000235a846fb9c: 4889 0c03 | 0f8d 1500 

  0x00000235a846fba4: ;   {metadata(method data for {method} {0x00000235c45cf310} 'coerceAtLeast' '(II)I' in 'kotlin/ranges/RangesKt___RangesKt')}
  0x00000235a846fba4: 0000 48bf | f8f9 a9c4 | 3502 0000 | ff87 f800 | 0000 bf01 | 0000 0049 

  0x00000235a846fbbc: ;   {metadata(method data for {method} {0x00000235c5fa6210} 'initCanvas' '(Lorg/jetbrains/skiko/LayerDrawScope;)V' in 'org/jetbrains/skiko/context/Direct3DContextHandler')}
  0x00000235a846fbbc: 8bd8 48b8 | 8878 70c7 | 3502 0000 | 8b5b 0841 | ba00 0000 | 3d49 03da | 483b 9880 | 0100 0075 
  0x00000235a846fbdc: 0d48 8380 | 8801 0000 | 01e9 6000 | 0000 483b | 9890 0100 | 0075 0d48 | 8380 9801 | 0000 01e9 
  0x00000235a846fbfc: 4a00 0000 | 4883 b880 | 0100 0000 | 7517 4889 | 9880 0100 | 0048 c780 | 8801 0000 | 0100 0000 
  0x00000235a846fc1c: e929 0000 | 0048 83b8 | 9001 0000 | 0075 1748 | 8998 9001 | 0000 48c7 | 8098 0100 | 0001 0000 
  0x00000235a846fc3c: 00e9 0800 | 0000 4883 | 8078 0100 | 0001 418b 

  0x00000235a846fc4c: ;   {metadata(method data for {method} {0x00000235c5fa6210} 'initCanvas' '(Lorg/jetbrains/skiko/LayerDrawScope;)V' in 'org/jetbrains/skiko/context/Direct3DContextHandler')}
  0x00000235a846fc4c: 5810 48b8 | 8878 70c7 | 3502 0000 | 4883 80a8 | 0100 0001 

  0x00000235a846fc60: ;   {metadata(method data for {method} {0x00000235c45cf310} 'coerceAtLeast' '(II)I' in 'kotlin/ranges/RangesKt___RangesKt')}
  0x00000235a846fc60: 48b8 f8f9 | a9c4 3502 | 0000 8b88 | 9000 0000 | 83c1 0289 | 8890 0000 | 0081 e1fe | ff1f 0085 
  0x00000235a846fc80: c90f 8481 | 3a00 0083 

  0x00000235a846fc88: ;   {metadata(method data for {method} {0x00000235c45cf310} 'coerceAtLeast' '(II)I' in 'kotlin/ranges/RangesKt___RangesKt')}
  0x00000235a846fc88: fb01 48b8 | f8f9 a9c4 | 3502 0000 | b9d8 0000 | 007d 05b9 | e800 0000 | 4c8b 0c08 | 4d8d 4901 
  0x00000235a846fca8: 4c89 0c08 | 0f8d 1500 

  0x00000235a846fcb0: ;   {metadata(method data for {method} {0x00000235c45cf310} 'coerceAtLeast' '(II)I' in 'kotlin/ranges/RangesKt___RangesKt')}
  0x00000235a846fcb0: 0000 48bb | f8f9 a9c4 | 3502 0000 | ff83 f800 | 0000 bb01 | 0000 0048 

  0x00000235a846fcc8: ;   {metadata(method data for {method} {0x00000235c5fa6210} 'initCanvas' '(Lorg/jetbrains/skiko/LayerDrawScope;)V' in 'org/jetbrains/skiko/context/Direct3DContextHandler')}
  0x00000235a846fcc8: 8bc2 48b9 | 8878 70c7 | 3502 0000 | 4883 81b8 | 0100 0001 

  0x00000235a846fcdc: ;   {metadata(method data for {method} {0x00000235c5fa6008} 'isSizeChanged' '(II)Z' in 'org/jetbrains/skiko/context/Direct3DContextHandler')}
  0x00000235a846fcdc: 48b8 687e | 70c7 3502 | 0000 8b88 | 9000 0000 | 83c1 0289 | 8890 0000 | 0081 e1fe | ff1f 0085 
  0x00000235a846fcfc: c90f 8426 | 3a00 008b | 4230 3bf8 

  0x00000235a846fd08: ;   {metadata(method data for {method} {0x00000235c5fa6008} 'isSizeChanged' '(II)Z' in 'org/jetbrains/skiko/context/Direct3DContextHandler')}
  0x00000235a846fd08: 48b8 687e | 70c7 3502 | 0000 b9d8 | 0000 0075 | 05b9 e800 | 0000 4c8b | 0c08 4d8d | 4901 4c89 
  0x00000235a846fd28: 0c08 0f85 | 2d00 0000 | 8b42 343b 

  0x00000235a846fd34: ;   {metadata(method data for {method} {0x00000235c5fa6008} 'isSizeChanged' '(II)Z' in 'org/jetbrains/skiko/context/Direct3DContextHandler')}
  0x00000235a846fd34: d848 b868 | 7e70 c735 | 0200 00b9 | f800 0000 | 7405 b908 | 0100 004c | 8b0c 084d | 8d49 014c 
  0x00000235a846fd54: 890c 080f | 8410 0000 | 0089 7a30 | 895a 34b8 | 0100 0000 | e905 0000 | 00b8 0000 | 0000 85c0 
  0x00000235a846fd74: ;   {metadata(method data for {method} {0x00000235c5fa6210} 'initCanvas' '(Lorg/jetbrains/skiko/LayerDrawScope;)V' in 'org/jetbrains/skiko/context/Direct3DContextHandler')}
  0x00000235a846fd74: 48b8 8878 | 70c7 3502 | 0000 b9c8 | 0100 0075 | 05b9 d801 | 0000 4c8b | 0c08 4d8d | 4901 4c89 
  0x00000235a846fd94: 0c08 899c | 2404 0100 | 0089 bc24 | 0001 0000 | 0f85 5c00 | 0000 488b 

  0x00000235a846fdac: ;   {metadata(method data for {method} {0x00000235c5fa6210} 'initCanvas' '(Lorg/jetbrains/skiko/LayerDrawScope;)V' in 'org/jetbrains/skiko/context/Direct3DContextHandler')}
  0x00000235a846fdac: c248 b988 | 7870 c735 | 0200 0048 | 8381 e801 | 0000 0148 | 8bc2 488b 

  0x00000235a846fdc4: ;   {optimized virtual_call}
  0x00000235a846fdc4: d066 90e8 

  0x00000235a846fdc8: ; ImmutableOopMap {[232]=Oop [240]=Oop [248]=Oop }
                      ;*invokespecial isSurfacesNull {reexecute=0 rethrow=0 return_oop=0}
                      ; - org.jetbrains.skiko.context.Direct3DContextHandler::initCanvas@47 (line 42)
  0x00000235a846fdc8: d430 dbff 

  0x00000235a846fdcc: ;   {post_call_nop}
  0x00000235a846fdcc: 0f1f 8400 | 4408 0003 

  0x00000235a846fdd4: ;   {metadata(method data for {method} {0x00000235c5fa6210} 'initCanvas' '(Lorg/jetbrains/skiko/LayerDrawScope;)V' in 'org/jetbrains/skiko/context/Direct3DContextHandler')}
  0x00000235a846fdd4: 85c0 48ba | 8878 70c7 | 3502 0000 | bef8 0100 | 0074 05be | 0802 0000 | 488b 3c32 | 488d 7f01 
  0x00000235a846fdf4: 4889 3c32 | 0f84 f622 | 0000 488b | 9424 e800 | 0000 488b 

  0x00000235a846fe08: ;   {metadata(method data for {method} {0x00000235c5fa6210} 'initCanvas' '(Lorg/jetbrains/skiko/LayerDrawScope;)V' in 'org/jetbrains/skiko/context/Direct3DContextHandler')}
  0x00000235a846fe08: fa48 bb88 | 7870 c735 | 0200 008b | 7f08 41ba | 0000 003d | 4903 fa48 | 3bbb 2002 | 0000 750d 
  0x00000235a846fe28: 4883 8328 | 0200 0001 | e960 0000 | 0048 3bbb | 3002 0000 | 750d 4883 | 8338 0200 | 0001 e94a 
  0x00000235a846fe48: 0000 0048 | 83bb 2002 | 0000 0075 | 1748 89bb | 2002 0000 | 48c7 8328 | 0200 0001 | 0000 00e9 
  0x00000235a846fe68: 2900 0000 | 4883 bb30 | 0200 0000 | 7517 4889 | bb30 0200 | 0048 c783 | 3802 0000 | 0100 0000 
  0x00000235a846fe88: e908 0000 | 0048 8383 | 1802 0000 | 0148 8bfa | 488b d70f 

  0x00000235a846fe9c: ;   {optimized virtual_call}
  0x00000235a846fe9c: 1f40 00e8 

  0x00000235a846fea0: ; ImmutableOopMap {[232]=Oop [240]=Oop [248]=Oop }
                      ;*invokevirtual disposeCanvas {reexecute=0 rethrow=0 return_oop=0}
                      ; - org.jetbrains.skiko.context.Direct3DContextHandler::initCanvas@54 (line 43)
  0x00000235a846fea0: 5842 0000 

  0x00000235a846fea4: ;   {post_call_nop}
  0x00000235a846fea4: 0f1f 8400 | 1c09 0004 | 488b b424 | f800 0000 

  0x00000235a846feb4: ; implicit exception: dispatches to 0x00000235a847374a
  0x00000235a846feb4: 483b 0648 

  0x00000235a846feb8: ;   {metadata(method data for {method} {0x00000235c5fa6210} 'initCanvas' '(Lorg/jetbrains/skiko/LayerDrawScope;)V' in 'org/jetbrains/skiko/context/Direct3DContextHandler')}
  0x00000235a846feb8: 8bd6 48bf | 8878 70c7 | 3502 0000 | 8b52 0841 | ba00 0000 | 3d49 03d2 | 483b 9750 | 0200 0075 
  0x00000235a846fed8: 0d48 8387 | 5802 0000 | 01e9 6000 | 0000 483b | 9760 0200 | 0075 0d48 | 8387 6802 | 0000 01e9 
  0x00000235a846fef8: 4a00 0000 | 4883 bf50 | 0200 0000 | 7517 4889 | 9750 0200 | 0048 c787 | 5802 0000 | 0100 0000 
  0x00000235a846ff18: e929 0000 | 0048 83bf | 6002 0000 | 0075 1748 | 8997 6002 | 0000 48c7 | 8768 0200 | 0001 0000 
  0x00000235a846ff38: 00e9 0800 | 0000 4883 | 8748 0200 

  0x00000235a846ff44: ;   {metadata(method data for {method} {0x00000235c6e20740} 'flush' '()Lorg/jetbrains/skia/DirectContext;' in 'org/jetbrains/skia/DirectContext')}
  0x00000235a846ff44: 0001 48ba | 48d4 76c7 | 3502 0000 | 8bba 9000 | 0000 83c7 | 0289 ba90 | 0000 0081 | e7fe ff1f 
  0x00000235a846ff64: 0085 ff0f | 84e2 3700 

  0x00000235a846ff6c: ;   {oop(a 'org/jetbrains/skia/impl/Stats'{0x000000060529bd28})}
  0x00000235a846ff6c: 0048 ba28 | bd29 0506 | 0000 0048 

  0x00000235a846ff78: ;   {metadata(method data for {method} {0x00000235c6e20740} 'flush' '()Lorg/jetbrains/skia/DirectContext;' in 'org/jetbrains/skia/DirectContext')}
  0x00000235a846ff78: 8bfa 48bb | 48d4 76c7 | 3502 0000 | 8b7f 0841 | ba00 0000 | 3d49 03fa | 483b bbe0 | 0000 0075 
  0x00000235a846ff98: 0d48 8383 | e800 0000 | 01e9 6000 | 0000 483b | bbf0 0000 | 0075 0d48 | 8383 f800 | 0000 01e9 
  0x00000235a846ffb8: 4a00 0000 | 4883 bbe0 | 0000 0000 | 7517 4889 | bbe0 0000 | 0048 c783 | e800 0000 | 0100 0000 
  0x00000235a846ffd8: e929 0000 | 0048 83bb | f000 0000 | 0075 1748 | 89bb f000 | 0000 48c7 | 83f8 0000 | 0001 0000 
  0x00000235a846fff8: 00e9 0800 | 0000 4883 | 83d8 0000 

  0x00000235a8470004: ;   {optimized virtual_call}
  0x00000235a8470004: 0001 90e8 

  0x00000235a8470008: ; ImmutableOopMap {[232]=Oop [240]=Oop [248]=Oop }
                      ;*invokevirtual onNativeCall {reexecute=0 rethrow=0 return_oop=0}
                      ; - org.jetbrains.skia.DirectContext::flush@3 (line 47)
                      ; - org.jetbrains.skiko.context.Direct3DContextHandler::initCanvas@58 (line 44)
  0x00000235a8470008: 043d e006 

  0x00000235a847000c: ;   {post_call_nop}
  0x00000235a847000c: 0f1f 8400 | 840a 0005 | 488b b424 | f800 0000 

  0x00000235a847001c: ;   {metadata(method data for {method} {0x00000235c6e20740} 'flush' '()Lorg/jetbrains/skia/DirectContext;' in 'org/jetbrains/skia/DirectContext')}
  0x00000235a847001c: 48ba 48d4 | 76c7 3502 | 0000 8b76 | 0841 ba00 | 0000 3d49 | 03f2 483b | b210 0100 | 0075 0d48 
  0x00000235a847003c: 8382 1801 | 0000 01e9 | 6000 0000 | 483b b220 | 0100 0075 | 0d48 8382 | 2801 0000 | 01e9 4a00 
  0x00000235a847005c: 0000 4883 | ba10 0100 | 0000 7517 | 4889 b210 | 0100 0048 | c782 1801 | 0000 0100 | 0000 e929 
  0x00000235a847007c: 0000 0048 | 83ba 2001 | 0000 0075 | 1748 89b2 | 2001 0000 | 48c7 8228 | 0100 0001 | 0000 00e9 
  0x00000235a847009c: 0800 0000 | 4883 8208 | 0100 0001 | 488b b424 | f800 0000 | 488b 5610 

  0x00000235a84700b4: ;   {metadata(method data for {method} {0x00000235c6e20740} 'flush' '()Lorg/jetbrains/skia/DirectContext;' in 'org/jetbrains/skia/DirectContext')}
  0x00000235a84700b4: 48bf 48d4 | 76c7 3502 | 0000 4883 | 8738 0100 

  0x00000235a84700c4: ;   {metadata(method data for {method} {0x00000235c6e23150} 'access$DirectContext_nFlushDefault' '(J)V' in 'org/jetbrains/skia/DirectContextKt')}
  0x00000235a84700c4: 0001 48bf | b0d9 76c7 | 3502 0000 | 8b9f 9000 | 0000 83c3 | 0289 9f90 | 0000 0081 | e3fe ff1f 
  0x00000235a84700e4: 0085 db0f | 8483 3600 

  0x00000235a84700ec: ;   {metadata(method data for {method} {0x00000235c6e23150} 'access$DirectContext_nFlushDefault' '(J)V' in 'org/jetbrains/skia/DirectContextKt')}
  0x00000235a84700ec: 0048 bfb0 | d976 c735 | 0200 0048 | 8387 d800 

  0x00000235a84700fc: ;   {static_call}
  0x00000235a84700fc: 0000 01e8 

  0x00000235a8470100: ; ImmutableOopMap {[232]=Oop [240]=Oop [248]=Oop }
                      ;*invokestatic DirectContext_nFlushDefault {reexecute=0 rethrow=0 return_oop=0}
                      ; - org.jetbrains.skia.DirectContextKt::access$DirectContext_nFlushDefault@1 (line 1)
                      ; - org.jetbrains.skia.DirectContext::flush@10 (line 48)
                      ; - org.jetbrains.skiko.context.Direct3DContextHandler::initCanvas@58 (line 44)
  0x00000235a8470100: 1640 0000 

  0x00000235a8470104: ;   {post_call_nop}
  0x00000235a8470104: 0f1f 8400 | 7c0b 0006 | 488b 9424 | e800 0000 

  0x00000235a8470114: ;   {metadata(method data for {method} {0x00000235c5fa6210} 'initCanvas' '(Lorg/jetbrains/skiko/LayerDrawScope;)V' in 'org/jetbrains/skiko/context/Direct3DContextHandler')}
  0x00000235a8470114: 48be 8878 | 70c7 3502 | 0000 4883 | 8678 0200 

  0x00000235a8470124: ;   {metadata(method data for {method} {0x00000235c5fa5e78} 'getDirectXRedrawer' '()Lorg/jetbrains/skiko/redrawer/Direct3DRedrawer;' in 'org/jetbrains/skiko/context/Direct3DContextHandler')}
  0x00000235a8470124: 0001 48ba | 4848 6bc7 | 3502 0000 | 8bb2 9000 | 0000 83c6 | 0289 b290 | 0000 0081 | e6fe ff1f 
  0x00000235a8470144: 0085 f60f | 8444 3600 | 0048 8b94 | 24e8 0000 

  0x00000235a8470154: ;   {metadata(method data for {method} {0x00000235c5fa5e78} 'getDirectXRedrawer' '()Lorg/jetbrains/skiko/redrawer/Direct3DRedrawer;' in 'org/jetbrains/skiko/context/Direct3DContextHandler')}
  0x00000235a8470154: 0048 be48 | 486b c735 | 0200 008b | 5208 41ba | 0000 003d | 4903 d248 | 3b96 e000 | 0000 750d 
  0x00000235a8470174: 4883 86e8 | 0000 0001 | e960 0000 | 0048 3b96 | f000 0000 | 750d 4883 | 86f8 0000 | 0001 e94a 
  0x00000235a8470194: 0000 0048 | 83be e000 | 0000 0075 | 1748 8996 | e000 0000 | 48c7 86e8 | 0000 0001 | 0000 00e9 
  0x00000235a84701b4: 2900 0000 | 4883 bef0 | 0000 0000 | 7517 4889 | 96f0 0000 | 0048 c786 | f800 0000 | 0100 0000 
  0x00000235a84701d4: e908 0000 | 0048 8386 | d800 0000 | 0148 8b94 | 24e8 0000 | 008b 720c | 48c1 e603 

  0x00000235a84701f0: ; implicit exception: dispatches to 0x00000235a84737b2
  0x00000235a84701f0: 483b 0648 

  0x00000235a84701f4: ;   {metadata(method data for {method} {0x00000235c5fa5e78} 'getDirectXRedrawer' '()Lorg/jetbrains/skiko/redrawer/Direct3DRedrawer;' in 'org/jetbrains/skiko/context/Direct3DContextHandler')}
  0x00000235a84701f4: 8bfe 48b8 | 4848 6bc7 | 3502 0000 | 8b7f 0841 | ba00 0000 | 3d49 03fa | 483b b810 | 0100 0075 
  0x00000235a8470214: 0d48 8380 | 1801 0000 | 01e9 6000 | 0000 483b | b820 0100 | 0075 0d48 | 8380 2801 | 0000 01e9 
  0x00000235a8470234: 4a00 0000 | 4883 b810 | 0100 0000 | 7517 4889 | b810 0100 | 0048 c780 | 1801 0000 | 0100 0000 
  0x00000235a8470254: e929 0000 | 0048 83b8 | 2001 0000 | 0075 1748 | 89b8 2001 | 0000 48c7 | 8028 0100 | 0001 0000 
  0x00000235a8470274: 00e9 0800 | 0000 4883 | 8008 0100 

  0x00000235a8470280: ;   {metadata(method data for {method} {0x00000235c5ba7488} 'getRedrawer$skiko' '()Lorg/jetbrains/skiko/redrawer/Redrawer;' in 'org/jetbrains/skiko/SkiaLayer')}
  0x00000235a8470280: 0001 48bf | c861 60c7 | 3502 0000 | 8b87 9000 | 0000 83c0 | 0289 8790 | 0000 0025 | feff 1f00 
  0x00000235a84702a0: 85c0 0f84 | 0f35 0000 | 8bb6 8001 | 0000 48c1 | e603 483b | 0648 8bfe 

  0x00000235a84702b8: ;   {metadata(method data for {method} {0x00000235c5ba7488} 'getRedrawer$skiko' '()Lorg/jetbrains/skiko/redrawer/Redrawer;' in 'org/jetbrains/skiko/SkiaLayer')}
  0x00000235a84702b8: 48b8 c861 | 60c7 3502 | 0000 8b7f | 0841 ba00 | 0000 3d49 | 03fa 483b | b8e0 0000 | 0075 0d48 
  0x00000235a84702d8: 8380 e800 | 0000 01e9 | 6000 0000 | 483b b8f0 | 0000 0075 | 0d48 8380 | f800 0000 | 01e9 4a00 
  0x00000235a84702f8: 0000 4883 | b8e0 0000 | 0000 7517 | 4889 b8e0 | 0000 0048 | c780 e800 | 0000 0100 | 0000 e929 
  0x00000235a8470318: 0000 0048 | 83b8 f000 | 0000 0075 | 1748 89b8 | f000 0000 | 48c7 80f8 | 0000 0001 | 0000 00e9 
  0x00000235a8470338: 0800 0000 | 4883 80d8 | 0000 0001 | 8b76 1848 | c1e6 0348 

  0x00000235a847034c: ;   {metadata(method data for {method} {0x00000235c5ba7488} 'getRedrawer$skiko' '()Lorg/jetbrains/skiko/redrawer/Redrawer;' in 'org/jetbrains/skiko/SkiaLayer')}
  0x00000235a847034c: 85f6 48bf | c861 60c7 | 3502 0000 | 750c 808f | 0101 0000 | 01e9 c100 | 0000 8b46 | 0841 ba00 
  0x00000235a847036c: 0000 3d49 | 03c2 483b | 8710 0100 | 0075 0d48 | 8387 1801 | 0000 01e9 | 6000 0000 | 483b 8720 
  0x00000235a847038c: 0100 0075 | 0d48 8387 | 2801 0000 | 01e9 4a00 | 0000 4883 | bf10 0100 | 0000 7517 | 4889 8710 
  0x00000235a84703ac: 0100 0048 | c787 1801 | 0000 0100 | 0000 e929 | 0000 0048 | 83bf 2001 | 0000 0075 | 1748 8987 
  0x00000235a84703cc: 2001 0000 | 48c7 8728 | 0100 0001 | 0000 00e9 | 0800 0000 | 4883 8708 | 0100 0001 

  0x00000235a84703e8: ;   {metadata('org/jetbrains/skiko/redrawer/Redrawer')}
  0x00000235a84703e8: 48b8 885e | 333e 0000 | 0000 8b7e | 0841 ba00 | 0000 3d49 | 03fa 483b | 4720 0f84 | 1f00 0000 
  0x00000235a8470408: 483b f80f | 8416 0000 

  0x00000235a8470410: ;   {runtime_call C1 Runtime slow_subtype_check_blob}
  0x00000235a8470410: 0057 50e8 | 48e3 5606 | 5f5f 85ff | 0f84 bb33 | 0000 e900 | 0000 0048 | 8bde 4889 | 9c24 0801 
  0x00000235a8470430: ;   {metadata(method data for {method} {0x00000235c5fa5e78} 'getDirectXRedrawer' '()Lorg/jetbrains/skiko/redrawer/Direct3DRedrawer;' in 'org/jetbrains/skiko/context/Direct3DContextHandler')}
  0x00000235a8470430: 0000 48be | 4848 6bc7 | 3502 0000 | 4883 8638 | 0100 0001 

  0x00000235a8470444: ;   {metadata(method data for {method} {0x00000235c4412fc0} 'checkNotNull' '(Ljava/lang/Object;)V' in 'kotlin/jvm/internal/Intrinsics')}
  0x00000235a8470444: 48be 205c | 6cc4 3502 | 0000 8bbe | 9000 0000 | 83c7 0289 | be90 0000 | 0081 e7fe | ff1f 0085 
  0x00000235a8470464: ff0f 847b | 3300 0048 

  0x00000235a847046c: ;   {metadata(method data for {method} {0x00000235c4412fc0} 'checkNotNull' '(Ljava/lang/Object;)V' in 'kotlin/jvm/internal/Intrinsics')}
  0x00000235a847046c: 85db 48be | 205c 6cc4 | 3502 0000 | bfd8 0000 | 0075 05bf | e800 0000 | 488b 043e | 488d 4001 
  0x00000235a847048c: 4889 043e | 0f85 4602 

  0x00000235a8470494: ;   {metadata(method data for {method} {0x00000235c4412fc0} 'checkNotNull' '(Ljava/lang/Object;)V' in 'kotlin/jvm/internal/Intrinsics')}
  0x00000235a8470494: 0000 48be | 205c 6cc4 | 3502 0000 | 4883 86f8 | 0000 0001 

  0x00000235a84704a8: ;   {metadata(method data for {method} {0x00000235c4413288} 'throwJavaNpe' '()V' in 'kotlin/jvm/internal/Intrinsics')}
  0x00000235a84704a8: 48be 685d | 6cc4 3502 | 0000 8bbe | 9000 0000 | 83c7 0289 | be90 0000 | 0081 e7fe | ff1f 0085 
  0x00000235a84704c8: ff0f 8438 | 3300 0090 

  0x00000235a84704d0: ;   {other}
  0x00000235a84704d0: e962 3300 | 0000 0000 | 0000 498b | 87c8 0100 | 0048 8d78 | 3049 3bbf | d801 0000 | 0f87 4f33 
  0x00000235a84704f0: 0000 4989 | bfc8 0100 | 0048 c700 | 0100 0000 | 488b ca41 | ba00 0000 | 3d49 2bca | 8948 0848 
  0x00000235a8470510: 33c9 8948 | 0c48 33c9 | 4889 4810 | 4889 4818 | 4889 4820 | 4889 4828 

  0x00000235a8470528: ;   {metadata(method data for {method} {0x00000235c4413288} 'throwJavaNpe' '()V' in 'kotlin/jvm/internal/Intrinsics')}
  0x00000235a8470528: 488b d048 | be68 5d6c | c435 0200 | 0048 8386 | d800 0000 | 0148 8bd0 | 4889 8424 | 1001 0000 
  0x00000235a8470548: 0f1f 8000 

  0x00000235a847054c: ;   {optimized virtual_call}
  0x00000235a847054c: 0000 00e8 

  0x00000235a8470550: ; ImmutableOopMap {[232]=Oop [240]=Oop [248]=Oop [264]=Oop [272]=Oop }
                      ;*invokespecial <init> {reexecute=0 rethrow=0 return_oop=0}
                      ; - kotlin.jvm.internal.Intrinsics::throwJavaNpe@4 (line 45)
                      ; - kotlin.jvm.internal.Intrinsics::checkNotNull@4 (line 25)
                      ; - org.jetbrains.skiko.context.Direct3DContextHandler::getDirectXRedrawer@8 (line 18)
                      ; - org.jetbrains.skiko.context.Direct3DContextHandler::initCanvas@63 (line 46)
  0x00000235a8470550: 8ce8 4906 

  0x00000235a8470554: ;   {post_call_nop}
  0x00000235a8470554: 0f1f 8400 | cc0f 0007 

  0x00000235a847055c: ;   {metadata(method data for {method} {0x00000235c4413288} 'throwJavaNpe' '()V' in 'kotlin/jvm/internal/Intrinsics')}
  0x00000235a847055c: 48ba 685d | 6cc4 3502 | 0000 4883 | 82e8 0000 

  0x00000235a847056c: ;   {metadata(method data for {method} {0x00000235c44181d8} 'sanitizeStackTrace' '(Ljava/lang/Throwable;)Ljava/lang/Throwable;' in 'kotlin/jvm/internal/Intrinsics')}
  0x00000235a847056c: 0001 48ba | 20b8 67c4 | 3502 0000 | 8bb2 9000 | 0000 83c6 | 0289 b290 | 0000 0081 | e6fe ff1f 
  0x00000235a847058c: 0085 f60f | 84b9 3200 

  0x00000235a8470594: ;   {oop(a 'java/lang/Class'{0x00000006040022d8} = 'kotlin/jvm/internal/Intrinsics')}
  0x00000235a8470594: 0048 bad8 | 2200 0406 | 0000 0048 

  0x00000235a84705a0: ;   {metadata(method data for {method} {0x00000235c44181d8} 'sanitizeStackTrace' '(Ljava/lang/Throwable;)Ljava/lang/Throwable;' in 'kotlin/jvm/internal/Intrinsics')}
  0x00000235a84705a0: 8bf2 48bf | 20b8 67c4 | 3502 0000 | 8b76 0841 | ba00 0000 | 3d49 03f2 | 483b b7e0 | 0000 0075 
  0x00000235a84705c0: 0d48 8387 | e800 0000 | 01e9 6000 | 0000 483b | b7f0 0000 | 0075 0d48 | 8387 f800 | 0000 01e9 
  0x00000235a84705e0: 4a00 0000 | 4883 bfe0 | 0000 0000 | 7517 4889 | b7e0 0000 | 0048 c787 | e800 0000 | 0100 0000 
  0x00000235a8470600: e929 0000 | 0048 83bf | f000 0000 | 0075 1748 | 89b7 f000 | 0000 48c7 | 87f8 0000 | 0001 0000 
  0x00000235a8470620: 00e9 0800 | 0000 4883 | 87d8 0000 

  0x00000235a847062c: ;   {metadata(method data for {method} {0x000000003d196ac8} 'getName' '()Ljava/lang/String;' in 'java/lang/Class')}
  0x00000235a847062c: 0001 48be | 883c 0ec4 | 3502 0000 | 8bbe 9000 | 0000 83c7 | 0289 be90 | 0000 0081 | e7fe ff1f 
  0x00000235a847064c: 0085 ff0f | 841a 3200 | 008b 5230 | 48c1 e203 

  0x00000235a847065c: ;   {metadata(method data for {method} {0x000000003d196ac8} 'getName' '()Ljava/lang/String;' in 'java/lang/Class')}
  0x00000235a847065c: 4885 d248 | be88 3c0e | c435 0200 | 00bf d800 | 0000 7405 | bfe8 0000 | 0048 8b1c | 3e48 8d5b 
  0x00000235a847067c: 0148 891c | 3e0f 8418 

  0x00000235a8470684: ;   {metadata(method data for {method} {0x000000003d196ac8} 'getName' '()Ljava/lang/String;' in 'java/lang/Class')}
  0x00000235a8470684: 0000 0048 | be88 3c0e | c435 0200 | 00ff 86f8 | 0000 0048 | 8bf2 e930 

  0x00000235a847069c: ;   {oop(a 'java/lang/Class'{0x00000006040022d8} = 'kotlin/jvm/internal/Intrinsics')}
  0x00000235a847069c: 0000 0048 | bad8 2200 | 0406 0000 | 0048 8bf2 

  0x00000235a84706ac: ;   {metadata(method data for {method} {0x000000003d196ac8} 'getName' '()Ljava/lang/String;' in 'java/lang/Class')}
  0x00000235a84706ac: 48bf 883c | 0ec4 3502 | 0000 4883 | 8710 0100 

  0x00000235a84706bc: ;   {optimized virtual_call}
  0x00000235a84706bc: 0001 90e8 

  0x00000235a84706c0: ; ImmutableOopMap {[232]=Oop [240]=Oop [248]=Oop [264]=Oop [272]=Oop }
                      ;*invokevirtual initClassName {reexecute=0 rethrow=0 return_oop=0}
                      ; - java.lang.Class::getName@14 (line 951)
                      ; - kotlin.jvm.internal.Intrinsics::sanitizeStackTrace@3 (line 253)
                      ; - kotlin.jvm.internal.Intrinsics::throwJavaNpe@7 (line 45)
                      ; - kotlin.jvm.internal.Intrinsics::checkNotNull@4 (line 25)
                      ; - org.jetbrains.skiko.context.Direct3DContextHandler::getDirectXRedrawer@8 (line 18)
                      ; - org.jetbrains.skiko.context.Direct3DContextHandler::initCanvas@63 (line 46)
  0x00000235a84706c0: 1ce7 4906 

  0x00000235a84706c4: ;   {post_call_nop}
  0x00000235a84706c4: 0f1f 8400 | 3c11 0008 | 488b f048 | 8b84 2410 | 0100 00e9 | cc2c 0000 

  0x00000235a84706dc: ;   {metadata(method data for {method} {0x00000235c5fa5e78} 'getDirectXRedrawer' '()Lorg/jetbrains/skiko/redrawer/Direct3DRedrawer;' in 'org/jetbrains/skiko/context/Direct3DContextHandler')}
  0x00000235a84706dc: 4885 db49 | b948 486b | c735 0200 | 0075 0d41 | 8089 4101 | 0000 01e9 | a700 0000 | 8b73 0841 
  0x00000235a84706fc: ba00 0000 | 3d49 03f2 | 493b b150 | 0100 0075 | 0d49 8381 | 5801 0000 | 01e9 6000 | 0000 493b 
  0x00000235a847071c: b160 0100 | 0075 0d49 | 8381 6801 | 0000 01e9 | 4a00 0000 | 4983 b950 | 0100 0000 | 7517 4989 
  0x00000235a847073c: b150 0100 | 0049 c781 | 5801 0000 | 0100 0000 | e929 0000 | 0049 83b9 | 6001 0000 | 0075 1749 
  0x00000235a847075c: 89b1 6001 | 0000 49c7 | 8168 0100 | 0001 0000 | 00e9 0800 | 0000 4983 | 8148 0100 

  0x00000235a8470778: ;   {metadata('org/jetbrains/skiko/redrawer/Direct3DRedrawer')}
  0x00000235a8470778: 0001 48be | c095 3e3e | 0000 0000 | 448b 4308 | 41ba 0000 | 003d 4d03 | c249 3bf0 | 0f85 f630 
  0x00000235a8470798: 0000 e900 | 0000 0048 | 8bd3 483b | 024c 8bc2 

  0x00000235a84707a8: ;   {metadata(method data for {method} {0x00000235c5fa6210} 'initCanvas' '(Lorg/jetbrains/skiko/LayerDrawScope;)V' in 'org/jetbrains/skiko/context/Direct3DContextHandler')}
  0x00000235a84707a8: 49b9 8878 | 70c7 3502 | 0000 458b | 4008 41ba | 0000 003d | 4d03 c24d | 3b81 9002 | 0000 750d 
  0x00000235a84707c8: 4983 8198 | 0200 0001 | e960 0000 | 004d 3b81 | a002 0000 | 750d 4983 | 81a8 0200 | 0001 e94a 
  0x00000235a84707e8: 0000 0049 | 83b9 9002 | 0000 0075 | 174d 8981 | 9002 0000 | 49c7 8198 | 0200 0001 | 0000 00e9 
  0x00000235a8470808: 2900 0000 | 4983 b9a0 | 0200 0000 | 7517 4d89 | 81a0 0200 | 0049 c781 | a802 0000 | 0100 0000 
  0x00000235a8470828: e908 0000 | 0049 8381 | 8802 0000 | 0144 8b84 | 2400 0100 | 0044 8b8c | 2404 0100 

  0x00000235a8470844: ;   {optimized virtual_call}
  0x00000235a8470844: 0066 90e8 

  0x00000235a8470848: ; ImmutableOopMap {[232]=Oop [240]=Oop [248]=Oop }
                      ;*invokevirtual changeSize {reexecute=0 rethrow=0 return_oop=0}
                      ; - org.jetbrains.skiko.context.Direct3DContextHandler::initCanvas@69 (line 46)
  0x00000235a8470848: 4738 0000 

  0x00000235a847084c: ;   {post_call_nop}
  0x00000235a847084c: 0f1f 8400 | c412 0009 | 8984 2430 | 0100 004c | 8b84 24f0 

  0x00000235a8470860: ;   {metadata('org/jetbrains/skia/SurfaceProps')}
  0x00000235a8470860: 0000 0048 | ba00 1c2c | 3e00 0000 | 0049 8b87 | c801 0000 | 488d 7818 | 493b bfd8 | 0100 000f 
  0x00000235a8470880: 8719 3000 | 0049 89bf | c801 0000 | 48c7 0001 | 0000 0048 | 8bca 41ba | 0000 003d | 492b ca89 
  0x00000235a84708a0: 4808 4833 | c989 480c | 4833 c948 | 8948 1048 | 8984 2420 | 0100 0049 

  0x00000235a84708b8: ;   {metadata(method data for {method} {0x00000235c5fa6210} 'initCanvas' '(Lorg/jetbrains/skiko/LayerDrawScope;)V' in 'org/jetbrains/skiko/context/Direct3DContextHandler')}
  0x00000235a84708b8: 8bd0 48be | 8878 70c7 | 3502 0000 | 8b52 0841 | ba00 0000 | 3d49 03d2 | 483b 96c0 | 0200 0075 
  0x00000235a84708d8: 0d48 8386 | c802 0000 | 01e9 6000 | 0000 483b | 96d0 0200 | 0075 0d48 | 8386 d802 | 0000 01e9 
  0x00000235a84708f8: 4a00 0000 | 4883 bec0 | 0200 0000 | 7517 4889 | 96c0 0200 | 0048 c786 | c802 0000 | 0100 0000 
  0x00000235a8470918: e929 0000 | 0048 83be | d002 0000 | 0075 1748 | 8996 d002 | 0000 48c7 | 86d8 0200 | 0001 0000 
  0x00000235a8470938: 00e9 0800 | 0000 4883 | 86b8 0200 | 0001 458b | 4014 49c1 | e003 4c89 | 8424 2801 | 0000 488b 
  0x00000235a8470958: ;   {metadata(method data for {method} {0x00000235c5fa6210} 'initCanvas' '(Lorg/jetbrains/skiko/LayerDrawScope;)V' in 'org/jetbrains/skiko/context/Direct3DContextHandler')}
  0x00000235a8470958: d048 be88 | 7870 c735 | 0200 0048 | 8386 e802 

  0x00000235a8470968: ;   {metadata(method data for {method} {0x00000235c583c558} '<init>' '(ZLorg/jetbrains/skia/PixelGeometry;ILkotlin/jvm/internal/DefaultConstructorMarker;)V' in 'org/jetbrains/skia/SurfaceProps')}
  0x00000235a8470968: 0000 0148 | bab0 dc76 | c735 0200 | 008b b290 | 0000 0083 | c602 89b2 | 9000 0000 | 81e6 feff 
  0x00000235a8470988: 1f00 85f6 | 0f84 192f 

  0x00000235a8470990: ;   {metadata(method data for {method} {0x00000235c583c558} '<init>' '(ZLorg/jetbrains/skia/PixelGeometry;ILkotlin/jvm/internal/DefaultConstructorMarker;)V' in 'org/jetbrains/skia/SurfaceProps')}
  0x00000235a8470990: 0000 48ba | b0dc 76c7 | 3502 0000 | ff82 e800 

  0x00000235a84709a0: ;   {metadata(method data for {method} {0x00000235c583c558} '<init>' '(ZLorg/jetbrains/skia/PixelGeometry;ILkotlin/jvm/internal/DefaultConstructorMarker;)V' in 'org/jetbrains/skia/SurfaceProps')}
  0x00000235a84709a0: 0000 48ba | b0dc 76c7 | 3502 0000 | ff82 f800 | 0000 488b 

  0x00000235a84709b4: ;   {metadata(method data for {method} {0x00000235c583c558} '<init>' '(ZLorg/jetbrains/skia/PixelGeometry;ILkotlin/jvm/internal/DefaultConstructorMarker;)V' in 'org/jetbrains/skia/SurfaceProps')}
  0x00000235a84709b4: d048 beb0 | dc76 c735 | 0200 0048 | 8386 1801 

  0x00000235a84709c4: ;   {metadata(method data for {method} {0x00000235c583c4a0} '<init>' '(ZLorg/jetbrains/skia/PixelGeometry;)V' in 'org/jetbrains/skia/SurfaceProps')}
  0x00000235a84709c4: 0000 0148 | ba20 de76 | c735 0200 | 008b b290 | 0000 0083 | c602 89b2 | 9000 0000 | 81e6 feff 
  0x00000235a84709e4: 1f00 85f6 | 0f84 de2e 

  0x00000235a84709ec: ;   {metadata(method data for {method} {0x00000235c583c4a0} '<init>' '(ZLorg/jetbrains/skia/PixelGeometry;)V' in 'org/jetbrains/skia/SurfaceProps')}
  0x00000235a84709ec: 0000 48ba | 20de 76c7 | 3502 0000 | 4883 82d8 | 0000 0001 

  0x00000235a8470a00: ;   {metadata(method data for {method} {0x00000235c4417008} 'checkNotNullParameter' '(Ljava/lang/Object;Ljava/lang/String;)V' in 'kotlin/jvm/internal/Intrinsics')}
  0x00000235a8470a00: 48ba 98fe | 67c4 3502 | 0000 8bb2 | 9000 0000 | 83c6 0289 | b290 0000 | 0081 e6fe | ff1f 0085 
  0x00000235a8470a20: f60f 84c6 | 2e00 004d 

  0x00000235a8470a28: ;   {metadata(method data for {method} {0x00000235c4417008} 'checkNotNullParameter' '(Ljava/lang/Object;Ljava/lang/String;)V' in 'kotlin/jvm/internal/Intrinsics')}
  0x00000235a8470a28: 85c0 48ba | 98fe 67c4 | 3502 0000 | bed8 0000 | 0075 05be | e800 0000 | 488b 3c32 | 488d 7f01 
  0x00000235a8470a48: 4889 3c32 | 0f85 8202 

  0x00000235a8470a50: ;   {metadata(method data for {method} {0x00000235c4417008} 'checkNotNullParameter' '(Ljava/lang/Object;Ljava/lang/String;)V' in 'kotlin/jvm/internal/Intrinsics')}
  0x00000235a8470a50: 0000 48ba | 98fe 67c4 | 3502 0000 | 4883 82f8 | 0000 0001 

  0x00000235a8470a64: ;   {metadata(method data for {method} {0x00000235c4417178} 'throwParameterIsNullNPE' '(Ljava/lang/String;)V' in 'kotlin/jvm/internal/Intrinsics')}
  0x00000235a8470a64: 48ba 30b2 | 67c4 3502 | 0000 8bb2 | 9000 0000 | 83c6 0289 | b290 0000 | 0081 e6fe | ff1f 0085 
  0x00000235a8470a84: f60f 8483 | 2e00 000f | 1f44 0000 

  0x00000235a8470a90: ;   {other}
  0x00000235a8470a90: e9a9 2e00 | 0000 0000 | 0000 498b | 87c8 0100 | 0048 8d78 | 3049 3bbf | d801 0000 | 0f87 962e 
  0x00000235a8470ab0: 0000 4989 | bfc8 0100 | 0048 c700 | 0100 0000 | 488b ca41 | ba00 0000 | 3d49 2bca | 8948 0848 
  0x00000235a8470ad0: 33c9 8948 | 0c48 33c9 | 4889 4810 | 4889 4818 | 4889 4820 | 4889 4828 

  0x00000235a8470ae8: ;   {metadata(method data for {method} {0x00000235c4417178} 'throwParameterIsNullNPE' '(Ljava/lang/String;)V' in 'kotlin/jvm/internal/Intrinsics')}
  0x00000235a8470ae8: 48ba 30b2 | 67c4 3502 | 0000 4883 | 82d8 0000 

  0x00000235a8470af8: ;   {oop("pixelGeometry"{0x0000000605310b98})}
  0x00000235a8470af8: 0001 48ba | 980b 3105 | 0600 0000 | 4889 8424 | 1801 0000 

  0x00000235a8470b0c: ;   {static_call}
  0x00000235a8470b0c: 6666 90e8 

  0x00000235a8470b10: ; ImmutableOopMap {[232]=Oop [248]=Oop [280]=Oop [288]=Oop [296]=Oop }
                      ;*invokestatic createParameterIsNullExceptionMessage {reexecute=0 rethrow=0 return_oop=0}
                      ; - kotlin.jvm.internal.Intrinsics::throwParameterIsNullNPE@5 (line 140)
                      ; - kotlin.jvm.internal.Intrinsics::checkNotNullParameter@5 (line 131)
                      ; - org.jetbrains.skia.SurfaceProps::<init>@3
                      ; - org.jetbrains.skia.SurfaceProps::<init>@21 (line 3)
                      ; - org.jetbrains.skiko.context.Direct3DContextHandler::initCanvas@86 (line 48)
  0x00000235a8470b10: cce8 4906 

  0x00000235a8470b14: ;   {post_call_nop}
  0x00000235a8470b14: 0f1f 8400 | 8c15 000a | 4c8b 8424 | 1801 0000 

  0x00000235a8470b24: ;   {metadata(method data for {method} {0x00000235c4417178} 'throwParameterIsNullNPE' '(Ljava/lang/String;)V' in 'kotlin/jvm/internal/Intrinsics')}
  0x00000235a8470b24: 48ba 30b2 | 67c4 3502 | 0000 4883 | 82e8 0000 | 0001 4c8b | c048 8b94 | 2418 0100 | 0066 0f1f 
  0x00000235a8470b44: ;   {optimized virtual_call}
  0x00000235a8470b44: 4400 00e8 

  0x00000235a8470b48: ; ImmutableOopMap {[232]=Oop [248]=Oop [280]=Oop [288]=Oop [296]=Oop }
                      ;*invokespecial <init> {reexecute=0 rethrow=0 return_oop=0}
                      ; - kotlin.jvm.internal.Intrinsics::throwParameterIsNullNPE@8 (line 140)
                      ; - kotlin.jvm.internal.Intrinsics::checkNotNullParameter@5 (line 131)
                      ; - org.jetbrains.skia.SurfaceProps::<init>@3
                      ; - org.jetbrains.skia.SurfaceProps::<init>@21 (line 3)
                      ; - org.jetbrains.skiko.context.Direct3DContextHandler::initCanvas@86 (line 48)
  0x00000235a8470b48: 94e2 4906 

  0x00000235a8470b4c: ;   {post_call_nop}
  0x00000235a8470b4c: 0f1f 8400 | c415 000b 

  0x00000235a8470b54: ;   {metadata(method data for {method} {0x00000235c4417178} 'throwParameterIsNullNPE' '(Ljava/lang/String;)V' in 'kotlin/jvm/internal/Intrinsics')}
  0x00000235a8470b54: 48ba 30b2 | 67c4 3502 | 0000 4883 | 82f8 0000 

  0x00000235a8470b64: ;   {metadata(method data for {method} {0x00000235c44181d8} 'sanitizeStackTrace' '(Ljava/lang/Throwable;)Ljava/lang/Throwable;' in 'kotlin/jvm/internal/Intrinsics')}
  0x00000235a8470b64: 0001 48ba | 20b8 67c4 | 3502 0000 | 8bb2 9000 | 0000 83c6 | 0289 b290 | 0000 0081 | e6fe ff1f 
  0x00000235a8470b84: 0085 f60f | 84c8 2d00 

  0x00000235a8470b8c: ;   {oop(a 'java/lang/Class'{0x00000006040022d8} = 'kotlin/jvm/internal/Intrinsics')}
  0x00000235a8470b8c: 0048 bad8 | 2200 0406 | 0000 0048 

  0x00000235a8470b98: ;   {metadata(method data for {method} {0x00000235c44181d8} 'sanitizeStackTrace' '(Ljava/lang/Throwable;)Ljava/lang/Throwable;' in 'kotlin/jvm/internal/Intrinsics')}
  0x00000235a8470b98: 8bf2 48bf | 20b8 67c4 | 3502 0000 | 8b76 0841 | ba00 0000 | 3d49 03f2 | 483b b7e0 | 0000 0075 
  0x00000235a8470bb8: 0d48 8387 | e800 0000 | 01e9 6000 | 0000 483b | b7f0 0000 | 0075 0d48 | 8387 f800 | 0000 01e9 
  0x00000235a8470bd8: 4a00 0000 | 4883 bfe0 | 0000 0000 | 7517 4889 | b7e0 0000 | 0048 c787 | e800 0000 | 0100 0000 
  0x00000235a8470bf8: e929 0000 | 0048 83bf | f000 0000 | 0075 1748 | 89b7 f000 | 0000 48c7 | 87f8 0000 | 0001 0000 
  0x00000235a8470c18: 00e9 0800 | 0000 4883 | 87d8 0000 

  0x00000235a8470c24: ;   {metadata(method data for {method} {0x000000003d196ac8} 'getName' '()Ljava/lang/String;' in 'java/lang/Class')}
  0x00000235a8470c24: 0001 48be | 883c 0ec4 | 3502 0000 | 8bbe 9000 | 0000 83c7 | 0289 be90 | 0000 0081 | e7fe ff1f 
  0x00000235a8470c44: 0085 ff0f | 8429 2d00 | 008b 5230 | 48c1 e203 

  0x00000235a8470c54: ;   {metadata(method data for {method} {0x000000003d196ac8} 'getName' '()Ljava/lang/String;' in 'java/lang/Class')}
  0x00000235a8470c54: 4885 d248 | be88 3c0e | c435 0200 | 00bf d800 | 0000 7405 | bfe8 0000 | 0048 8b1c | 3e48 8d5b 
  0x00000235a8470c74: 0148 891c | 3e0f 8418 

  0x00000235a8470c7c: ;   {metadata(method data for {method} {0x000000003d196ac8} 'getName' '()Ljava/lang/String;' in 'java/lang/Class')}
  0x00000235a8470c7c: 0000 0048 | be88 3c0e | c435 0200 | 00ff 86f8 | 0000 0048 | 8bf2 e930 

  0x00000235a8470c94: ;   {oop(a 'java/lang/Class'{0x00000006040022d8} = 'kotlin/jvm/internal/Intrinsics')}
  0x00000235a8470c94: 0000 0048 | bad8 2200 | 0406 0000 | 0048 8bf2 

  0x00000235a8470ca4: ;   {metadata(method data for {method} {0x000000003d196ac8} 'getName' '()Ljava/lang/String;' in 'java/lang/Class')}
  0x00000235a8470ca4: 48bf 883c | 0ec4 3502 | 0000 4883 | 8710 0100 

  0x00000235a8470cb4: ;   {optimized virtual_call}
  0x00000235a8470cb4: 0001 90e8 

  0x00000235a8470cb8: ; ImmutableOopMap {[232]=Oop [248]=Oop [280]=Oop [288]=Oop [296]=Oop }
                      ;*invokevirtual initClassName {reexecute=0 rethrow=0 return_oop=0}
                      ; - java.lang.Class::getName@14 (line 951)
                      ; - kotlin.jvm.internal.Intrinsics::sanitizeStackTrace@3 (line 253)
                      ; - kotlin.jvm.internal.Intrinsics::throwParameterIsNullNPE@11 (line 140)
                      ; - kotlin.jvm.internal.Intrinsics::checkNotNullParameter@5 (line 131)
                      ; - org.jetbrains.skia.SurfaceProps::<init>@3
                      ; - org.jetbrains.skia.SurfaceProps::<init>@21 (line 3)
                      ; - org.jetbrains.skiko.context.Direct3DContextHandler::initCanvas@86 (line 48)
  0x00000235a8470cb8: 24e1 4906 

  0x00000235a8470cbc: ;   {post_call_nop}
  0x00000235a8470cbc: 0f1f 8400 | 3417 000c | 488b f048 | 8b84 2418 | 0100 00e9 | bc25 0000 

  0x00000235a8470cd4: ;   {metadata(method data for {method} {0x00000235c583c4a0} '<init>' '(ZLorg/jetbrains/skia/PixelGeometry;)V' in 'org/jetbrains/skia/SurfaceProps')}
  0x00000235a8470cd4: 4c8b c848 | bf20 de76 | c735 0200 | 0048 8387 | e800 0000 

  0x00000235a8470ce8: ;   {metadata(method data for {method} {0x000000003d4b3278} '<init>' '()V' in 'java/lang/Object')}
  0x00000235a8470ce8: 0149 b970 | 3a01 c435 | 0200 0041 | 8bb9 9000 | 0000 83c7 | 0241 89b9 | 9000 0000 | 81e7 feff 
  0x00000235a8470d08: 1f00 85ff | 0f84 852c | 0000 c640 | 0c00 450f | be4f 4845 | 85c9 0f85 | 942c 0000 | 4d8b d049 
  0x00000235a8470d28: c1ea 0344 | 8950 104c | 8bc8 4d33 | c849 c1e9 | 1649 83f9 | 000f 8595 | 2c00 0048 | 8b94 24e8 
  0x00000235a8470d48: 0000 008b | 5a2c 899c | 2448 0100 | 0041 bb00 | 0000 0044 | 8bac 2404 | 0100 008b | bc24 0001 
  0x00000235a8470d68: 0000 488b | b424 f800 | 0000 660f | 1f44 0000 

  0x00000235a8470d78: ;   {metadata(method data for {method} {0x00000235c5fa6210} 'initCanvas' '(Lorg/jetbrains/skiko/LayerDrawScope;)V' in 'org/jetbrains/skiko/context/Direct3DContextHandler')}
  0x00000235a8470d78: 443b db49 | b888 7870 | c735 0200 | 0041 b9f8 | 0200 007d | 0641 b908 | 0300 004b | 8b0c 0848 
  0x00000235a8470d98: 8d49 014b | 890c 080f | 8d27 0b00 | 0044 899c | 2434 0100 | 0044 8b72 | 2849 c1e6 | 034c 89b4 
  0x00000235a8470db8: 2438 0100 | 004c 8bc2 

  0x00000235a8470dc0: ;   {metadata(method data for {method} {0x00000235c5fa6210} 'initCanvas' '(Lorg/jetbrains/skiko/LayerDrawScope;)V' in 'org/jetbrains/skiko/context/Direct3DContextHandler')}
  0x00000235a8470dc0: 49b9 8878 | 70c7 3502 | 0000 4983 | 8118 0300 

  0x00000235a8470dd0: ;   {metadata(method data for {method} {0x00000235c5fa5e78} 'getDirectXRedrawer' '()Lorg/jetbrains/skiko/redrawer/Direct3DRedrawer;' in 'org/jetbrains/skiko/context/Direct3DContextHandler')}
  0x00000235a8470dd0: 0001 49b8 | 4848 6bc7 | 3502 0000 | 458b 8890 | 0000 0041 | 83c1 0245 | 8988 9000 | 0000 4181 
  0x00000235a8470df0: e1fe ff1f | 0045 85c9 | 0f84 f22b | 0000 4c8b 

  0x00000235a8470e00: ;   {metadata(method data for {method} {0x00000235c5fa5e78} 'getDirectXRedrawer' '()Lorg/jetbrains/skiko/redrawer/Direct3DRedrawer;' in 'org/jetbrains/skiko/context/Direct3DContextHandler')}
  0x00000235a8470e00: c249 b948 | 486b c735 | 0200 0045 | 8b40 0841 | ba00 0000 | 3d4d 03c2 | 4d3b 81e0 | 0000 0075 
  0x00000235a8470e20: 0d49 8381 | e800 0000 | 01e9 6000 | 0000 4d3b | 81f0 0000 | 0075 0d49 | 8381 f800 | 0000 01e9 
  0x00000235a8470e40: 4a00 0000 | 4983 b9e0 | 0000 0000 | 7517 4d89 | 81e0 0000 | 0049 c781 | e800 0000 | 0100 0000 
  0x00000235a8470e60: e929 0000 | 0049 83b9 | f000 0000 | 0075 174d | 8981 f000 | 0000 49c7 | 81f8 0000 | 0001 0000 
  0x00000235a8470e80: 00e9 0800 | 0000 4983 | 81d8 0000 | 0001 448b | 420c 49c1 | e003 493b | 004d 8bc8 

  0x00000235a8470e9c: ;   {metadata(method data for {method} {0x00000235c5fa5e78} 'getDirectXRedrawer' '()Lorg/jetbrains/skiko/redrawer/Direct3DRedrawer;' in 'org/jetbrains/skiko/context/Direct3DContextHandler')}
  0x00000235a8470e9c: 48b9 4848 | 6bc7 3502 | 0000 458b | 4908 41ba | 0000 003d | 4d03 ca4c | 3b89 1001 | 0000 750d 
  0x00000235a8470ebc: 4883 8118 | 0100 0001 | e960 0000 | 004c 3b89 | 2001 0000 | 750d 4883 | 8128 0100 | 0001 e94a 
  0x00000235a8470edc: 0000 0048 | 83b9 1001 | 0000 0075 | 174c 8989 | 1001 0000 | 48c7 8118 | 0100 0001 | 0000 00e9 
  0x00000235a8470efc: 2900 0000 | 4883 b920 | 0100 0000 | 7517 4c89 | 8920 0100 | 0048 c781 | 2801 0000 | 0100 0000 
  0x00000235a8470f1c: e908 0000 | 0048 8381 | 0801 0000 

  0x00000235a8470f28: ;   {metadata(method data for {method} {0x00000235c5ba7488} 'getRedrawer$skiko' '()Lorg/jetbrains/skiko/redrawer/Redrawer;' in 'org/jetbrains/skiko/SkiaLayer')}
  0x00000235a8470f28: 0149 b9c8 | 6160 c735 | 0200 0041 | 8b89 9000 | 0000 83c1 | 0241 8989 | 9000 0000 | 81e1 feff 
  0x00000235a8470f48: 1f00 85c9 | 0f84 c42a | 0000 458b | 8080 0100 | 0049 c1e0 | 0349 3b00 

  0x00000235a8470f60: ;   {metadata(method data for {method} {0x00000235c5ba7488} 'getRedrawer$skiko' '()Lorg/jetbrains/skiko/redrawer/Redrawer;' in 'org/jetbrains/skiko/SkiaLayer')}
  0x00000235a8470f60: 4d8b c848 | b9c8 6160 | c735 0200 | 0045 8b49 | 0841 ba00 | 0000 3d4d | 03ca 4c3b | 89e0 0000 
  0x00000235a8470f80: 0075 0d48 | 8381 e800 | 0000 01e9 | 6000 0000 | 4c3b 89f0 | 0000 0075 | 0d48 8381 | f800 0000 
  0x00000235a8470fa0: 01e9 4a00 | 0000 4883 | b9e0 0000 | 0000 7517 | 4c89 89e0 | 0000 0048 | c781 e800 | 0000 0100 
  0x00000235a8470fc0: 0000 e929 | 0000 0048 | 83b9 f000 | 0000 0075 | 174c 8989 | f000 0000 | 48c7 81f8 | 0000 0001 
  0x00000235a8470fe0: 0000 00e9 | 0800 0000 | 4883 81d8 | 0000 0001 | 458b 4018 | 49c1 e003 

  0x00000235a8470ff8: ;   {metadata(method data for {method} {0x00000235c5ba7488} 'getRedrawer$skiko' '()Lorg/jetbrains/skiko/redrawer/Redrawer;' in 'org/jetbrains/skiko/SkiaLayer')}
  0x00000235a8470ff8: 4d85 c048 | b9c8 6160 | c735 0200 | 0075 0c80 | 8901 0100 | 0001 e9c4 | 0000 0045 | 8b58 0841 
  0x00000235a8471018: ba00 0000 | 3d4d 03da | 4c3b 9910 | 0100 0075 | 0d48 8381 | 1801 0000 | 01e9 6000 | 0000 4c3b 
  0x00000235a8471038: 9920 0100 | 0075 0d48 | 8381 2801 | 0000 01e9 | 4a00 0000 | 4883 b910 | 0100 0000 | 7517 4c89 
  0x00000235a8471058: 9910 0100 | 0048 c781 | 1801 0000 | 0100 0000 | e929 0000 | 0048 83b9 | 2001 0000 | 0075 174c 
  0x00000235a8471078: 8999 2001 | 0000 48c7 | 8128 0100 | 0001 0000 | 00e9 0800 | 0000 4883 | 8108 0100 

  0x00000235a8471094: ;   {metadata('org/jetbrains/skiko/redrawer/Redrawer')}
  0x00000235a8471094: 0001 49bb | 885e 333e | 0000 0000 | 418b 4808 | 41ba 0000 | 003d 4903 | ca4c 3b59 | 200f 8420 
  0x00000235a84710b4: 0000 0049 | 3bcb 0f84 | 1700 0000 

  0x00000235a84710c0: ;   {runtime_call C1 Runtime slow_subtype_check_blob}
  0x00000235a84710c0: 5141 53e8 | 98d6 5606 | 5959 85c9 | 0f84 6a29 | 0000 e900 

  0x00000235a84710d4: ;   {metadata(method data for {method} {0x00000235c5fa5e78} 'getDirectXRedrawer' '()Lorg/jetbrains/skiko/redrawer/Direct3DRedrawer;' in 'org/jetbrains/skiko/context/Direct3DContextHandler')}
  0x00000235a84710d4: 0000 0049 | b948 486b | c735 0200 | 0049 8381 | 3801 0000 

  0x00000235a84710e8: ;   {metadata(method data for {method} {0x00000235c4412fc0} 'checkNotNull' '(Ljava/lang/Object;)V' in 'kotlin/jvm/internal/Intrinsics')}
  0x00000235a84710e8: 0149 b920 | 5c6c c435 | 0200 0041 | 8b89 9000 | 0000 83c1 | 0241 8989 | 9000 0000 | 81e1 feff 
  0x00000235a8471108: 1f00 85c9 | 0f84 3329 | 0000 4d85 

  0x00000235a8471114: ;   {metadata(method data for {method} {0x00000235c4412fc0} 'checkNotNull' '(Ljava/lang/Object;)V' in 'kotlin/jvm/internal/Intrinsics')}
  0x00000235a8471114: c049 b920 | 5c6c c435 | 0200 00b9 | e800 0000 | 7405 b9d8 | 0000 004d | 8b1c 094d | 8d5b 014d 
  0x00000235a8471134: 891c 090f | 842d 0500 | 004d 85c0 

  0x00000235a8471140: ;   {metadata(method data for {method} {0x00000235c5fa5e78} 'getDirectXRedrawer' '()Lorg/jetbrains/skiko/redrawer/Direct3DRedrawer;' in 'org/jetbrains/skiko/context/Direct3DContextHandler')}
  0x00000235a8471140: 49b9 4848 | 6bc7 3502 | 0000 750d | 4180 8941 | 0100 0001 | e9a8 0000 | 0041 8b48 | 0841 ba00 
  0x00000235a8471160: 0000 3d49 | 03ca 493b | 8950 0100 | 0075 0d49 | 8381 5801 | 0000 01e9 | 6000 0000 | 493b 8960 
  0x00000235a8471180: 0100 0075 | 0d49 8381 | 6801 0000 | 01e9 4a00 | 0000 4983 | b950 0100 | 0000 7517 | 4989 8950 
  0x00000235a84711a0: 0100 0049 | c781 5801 | 0000 0100 | 0000 e929 | 0000 0049 | 83b9 6001 | 0000 0075 | 1749 8989 
  0x00000235a84711c0: 6001 0000 | 49c7 8168 | 0100 0001 | 0000 00e9 | 0800 0000 | 4983 8148 | 0100 0001 

  0x00000235a84711dc: ;   {metadata('org/jetbrains/skiko/redrawer/Direct3DRedrawer')}
  0x00000235a84711dc: 48b9 c095 | 3e3e 0000 | 0000 458b | 5808 41ba | 0000 003d | 4d03 da49 | 3bcb 0f85 | 6a28 0000 
  0x00000235a84711fc: e900 0000 | 004d 8bd8 

  0x00000235a8471204: ;   {metadata(method data for {method} {0x00000235c5fa6210} 'initCanvas' '(Lorg/jetbrains/skiko/LayerDrawScope;)V' in 'org/jetbrains/skiko/context/Direct3DContextHandler')}
  0x00000235a8471204: 49b8 8878 | 70c7 3502 | 0000 4983 | 8058 0300 

  0x00000235a8471214: ;   {metadata(method data for {method} {0x00000235c583a970} 'getPtr' '(Lorg/jetbrains/skia/impl/Native;)J' in 'org/jetbrains/skia/impl/NativeKt')}
  0x00000235a8471214: 0001 49b8 | 20f7 ddc6 | 3502 0000 | 458b 8890 | 0000 0041 | 83c1 0245 | 8988 9000 | 0000 4181 
  0x00000235a8471234: e1fe ff1f | 0045 85c9 | 0f84 2d28 | 0000 4885 

  0x00000235a8471244: ;   {metadata(method data for {method} {0x00000235c583a970} 'getPtr' '(Lorg/jetbrains/skia/impl/Native;)J' in 'org/jetbrains/skia/impl/NativeKt')}
  0x00000235a8471244: f649 b820 | f7dd c635 | 0200 0041 | b9d8 0000 | 0074 0641 | b9e8 0000 | 004b 8b0c | 0848 8d49 
  0x00000235a8471264: 014b 890c | 080f 84aa | 0000 004c 

  0x00000235a8471270: ;   {metadata(method data for {method} {0x00000235c583a970} 'getPtr' '(Lorg/jetbrains/skia/impl/Native;)J' in 'org/jetbrains/skia/impl/NativeKt')}
  0x00000235a8471270: 8bc6 49b9 | 20f7 ddc6 | 3502 0000 | 458b 4008 | 41ba 0000 | 003d 4d03 | c24d 3b81 | 0001 0000 
  0x00000235a8471290: 750d 4983 | 8108 0100 | 0001 e960 | 0000 004d | 3b81 1001 | 0000 750d | 4983 8118 | 0100 0001 
  0x00000235a84712b0: e94a 0000 | 0049 83b9 | 0001 0000 | 0075 174d | 8981 0001 | 0000 49c7 | 8108 0100 | 0001 0000 
  0x00000235a84712d0: 00e9 2900 | 0000 4983 | b910 0100 | 0000 7517 | 4d89 8110 | 0100 0049 | c781 1801 | 0000 0100 
  0x00000235a84712f0: 0000 e908 | 0000 0049 | 8381 f800 | 0000 014c 

  0x00000235a8471300: ;   {metadata(method data for {method} {0x00000235c583a970} 'getPtr' '(Lorg/jetbrains/skia/impl/Native;)J' in 'org/jetbrains/skia/impl/NativeKt')}
  0x00000235a8471300: 8b46 1049 | b920 f7dd | c635 0200 | 0041 ff81 | 2801 0000 | e9c9 0000 

  0x00000235a8471318: ;   {oop(a 'org/jetbrains/skia/impl/Native$Companion'{0x0000000604ad1d30})}
  0x00000235a8471318: 0049 b830 | 1dad 0406 

  0x00000235a8471320: ;   {metadata(method data for {method} {0x00000235c583a970} 'getPtr' '(Lorg/jetbrains/skia/impl/Native;)J' in 'org/jetbrains/skia/impl/NativeKt')}
  0x00000235a8471320: 0000 0049 | b920 f7dd | c635 0200 | 0045 8b40 | 0841 ba00 | 0000 3d4d | 03c2 4d3b | 8148 0100 
  0x00000235a8471340: 0075 0d49 | 8381 5001 | 0000 01e9 | 6000 0000 | 4d3b 8158 | 0100 0075 | 0d49 8381 | 6001 0000 
  0x00000235a8471360: 01e9 4a00 | 0000 4983 | b948 0100 | 0000 7517 | 4d89 8148 | 0100 0049 | c781 5001 | 0000 0100 
  0x00000235a8471380: 0000 e929 | 0000 0049 | 83b9 5801 | 0000 0075 | 174d 8981 | 5801 0000 | 49c7 8160 | 0100 0001 
  0x00000235a84713a0: 0000 00e9 | 0800 0000 | 4983 8140 | 0100 0001 

  0x00000235a84713b0: ;   {metadata(method data for {method} {0x00000235c510b938} 'getNullPointer' '()J' in 'org/jetbrains/skia/impl/Native$Companion')}
  0x00000235a84713b0: 49b8 e82d | ddc6 3502 | 0000 458b | 8890 0000 | 0041 83c1 | 0245 8988 | 9000 0000 | 4181 e1fe 
  0x00000235a84713d0: ff1f 0045 | 85c9 0f84 | b426 0000 | 41b8 0000 | 0000 8b9c | 2434 0100 | 0049 3b03 | 4d8b cb4c 
  0x00000235a84713f0: 899c 2440 

  0x00000235a84713f4: ;   {metadata(method data for {method} {0x00000235c5fa6210} 'initCanvas' '(Lorg/jetbrains/skiko/LayerDrawScope;)V' in 'org/jetbrains/skiko/context/Direct3DContextHandler')}
  0x00000235a84713f4: 0100 0049 | be88 7870 | c735 0200 | 0045 8b49 | 0841 ba00 | 0000 3d4d | 03ca 4d3b | 8e70 0300 
  0x00000235a8471414: 0075 0d49 | 8386 7803 | 0000 01e9 | 6000 0000 | 4d3b 8e80 | 0300 0075 | 0d49 8386 | 8803 0000 
  0x00000235a8471434: 01e9 4a00 | 0000 4983 | be70 0300 | 0000 7517 | 4d89 8e70 | 0300 0049 | c786 7803 | 0000 0100 
  0x00000235a8471454: 0000 e929 | 0000 0049 | 83be 8003 | 0000 0075 | 174d 898e | 8003 0000 | 49c7 8688 | 0300 0001 
  0x00000235a8471474: 0000 00e9 | 0800 0000 | 4983 8668 | 0300 0001 | 4c8b cf89 | bc24 0001 | 0000 498b | fd48 8bf0 
  0x00000235a8471494: 488b cb48 | 8b94 2440 | 0100 0044 | 89ac 2404 | 0100 0089 | 9c24 3401 

  0x00000235a84714ac: ;   {optimized virtual_call}
  0x00000235a84714ac: 0000 90e8 

  0x00000235a84714b0: ; ImmutableOopMap {[232]=Oop [248]=Oop [288]=Oop [312]=Oop }
                      ;*invokevirtual makeSurface {reexecute=0 rethrow=0 return_oop=0}
                      ; - org.jetbrains.skiko.context.Direct3DContextHandler::initCanvas@131 (line 50)
  0x00000235a84714b0: ee2b 0000 

  0x00000235a84714b4: ;   {post_call_nop}
  0x00000235a84714b4: 0f1f 8400 | 2c1f 000d | 4c8b b424 | 3801 0000 | 448b 9c24 | 3401 0000 

  0x00000235a84714cc: ; implicit exception: dispatches to 0x00000235a8473ab6
  0x00000235a84714cc: 453b 5e0c | 0f83 ea25 | 0000 4885 

  0x00000235a84714d8: ;   {metadata(method data for {method} {0x00000235c5fa6210} 'initCanvas' '(Lorg/jetbrains/skiko/LayerDrawScope;)V' in 'org/jetbrains/skiko/context/Direct3DContextHandler')}
  0x00000235a84714d8: c048 be88 | 7870 c735 | 0200 0075 | 0c80 8e91 | 0300 0001 | e9d2 0000 | 008b 5008 | 41ba 0000 
  0x00000235a84714f8: 003d 4903 | d248 3b96 | a003 0000 | 750d 4883 | 86a8 0300 | 0001 e960 | 0000 0048 | 3b96 b003 
  0x00000235a8471518: 0000 750d | 4883 86b8 | 0300 0001 | e94a 0000 | 0048 83be | a003 0000 | 0075 1748 | 8996 a003 
  0x00000235a8471538: 0000 48c7 | 86a8 0300 | 0001 0000 | 00e9 2900 | 0000 4883 | beb0 0300 | 0000 7517 | 4889 96b0 
  0x00000235a8471558: 0300 0048 | c786 b803 | 0000 0100 | 0000 e908 | 0000 0048 | 8386 9803 | 0000 0141 | 8b56 0841 
  0x00000235a8471578: ba00 0000 | 3d49 03d2 | 8b70 0841 | ba00 0000 | 3d49 03f2 | 488b 92e0 | 0000 0048 | 3bf2 0f84 
  0x00000235a8471598: 2700 0000 | 8b7a 1448 | 3b14 3e0f | 841a 0000 | 0083 ff20 | 0f85 2125 | 0000 5652 

  0x00000235a84715b4: ;   {runtime_call C1 Runtime slow_subtype_check_blob}
  0x00000235a84715b4: e8a7 d156 | 065e 5a85 | d20f 8410 | 2500 0049 | 63d3 498d | 5496 1041 | 0fbe 7748 | 85f6 0f85 
  0x00000235a84715d4: 0425 0000 | 4c8b d049 | c1ea 0344 | 8912 488b | f248 33f0 | 48c1 ee16 | 4883 fe00 | 0f85 0425 
  0x00000235a84715f4: 0000 41ff 

  0x00000235a84715f8: ;   {metadata(method data for {method} {0x00000235c5fa6210} 'initCanvas' '(Lorg/jetbrains/skiko/LayerDrawScope;)V' in 'org/jetbrains/skiko/context/Direct3DContextHandler')}
  0x00000235a84715f8: c348 ba88 | 7870 c735 | 0200 008b | b294 0000 | 0083 c602 | 89b2 9400 | 0000 81e6 | fe3f 0000 
  0x00000235a8471618: 85f6 0f84 | f224 0000 

  0x00000235a8471620: ; ImmutableOopMap {[232]=Oop [248]=Oop [288]=Oop }
                      ;*goto {reexecute=1 rethrow=0 return_oop=0}
                      ; - (reexecute) org.jetbrains.skiko.context.Direct3DContextHandler::initCanvas@138 (line 49)
  0x00000235a8471620: 4d8b 5730 

  0x00000235a8471624: ;   {poll}
  0x00000235a8471624: 4185 0248 | ba88 7870 | c735 0200 | 00ff 82c8 | 0300 008b | 9c24 4801 | 0000 488b | 8424 2001 
  0x00000235a8471644: 0000 448b | ac24 0401 | 0000 8bbc | 2400 0100 | 0048 8bb4 | 24f8 0000 | 0048 8b94 | 24e8 0000 
  0x00000235a8471664: 00e9 0ef7 | ffff 4c89 | 8424 5801 | 0000 4489 | ac24 0401 | 0000 89bc | 2400 0100 

  0x00000235a8471680: ;   {metadata(method data for {method} {0x00000235c4412fc0} 'checkNotNull' '(Ljava/lang/Object;)V' in 'kotlin/jvm/internal/Intrinsics')}
  0x00000235a8471680: 0048 ba20 | 5c6c c435 | 0200 0048 | 8382 f800 

  0x00000235a8471690: ;   {metadata(method data for {method} {0x00000235c4413288} 'throwJavaNpe' '()V' in 'kotlin/jvm/internal/Intrinsics')}
  0x00000235a8471690: 0000 0148 | ba68 5d6c | c435 0200 | 008b b290 | 0000 0083 | c602 89b2 | 9000 0000 | 81e6 feff 
  0x00000235a84716b0: 1f00 85f6 | 0f84 7924 | 0000 660f | 1f44 0000 

  0x00000235a84716c0: ;   {other}
  0x00000235a84716c0: e99e 2400 | 0000 0000 | 0000 498b | 87c8 0100 | 0048 8d78 | 3049 3bbf | d801 0000 | 0f87 8b24 
  0x00000235a84716e0: 0000 4989 | bfc8 0100 | 0048 c700 | 0100 0000 | 488b ca41 | ba00 0000 | 3d49 2bca | 8948 0848 
  0x00000235a8471700: 33c9 8948 | 0c48 33c9 | 4889 4810 | 4889 4818 | 4889 4820 | 4889 4828 

  0x00000235a8471718: ;   {metadata(method data for {method} {0x00000235c4413288} 'throwJavaNpe' '()V' in 'kotlin/jvm/internal/Intrinsics')}
  0x00000235a8471718: 488b d048 | be68 5d6c | c435 0200 | 0048 8386 | d800 0000 | 0148 8bd0 | 4889 8424 | 5001 0000 
  0x00000235a8471738: 0f1f 8000 

  0x00000235a847173c: ;   {optimized virtual_call}
  0x00000235a847173c: 0000 00e8 

  0x00000235a8471740: ; ImmutableOopMap {[232]=Oop [248]=Oop [288]=Oop [312]=Oop [336]=Oop [344]=Oop }
                      ;*invokespecial <init> {reexecute=0 rethrow=0 return_oop=0}
                      ; - kotlin.jvm.internal.Intrinsics::throwJavaNpe@4 (line 45)
                      ; - kotlin.jvm.internal.Intrinsics::checkNotNull@4 (line 25)
                      ; - org.jetbrains.skiko.context.Direct3DContextHandler::getDirectXRedrawer@8 (line 18)
                      ; - org.jetbrains.skiko.context.Direct3DContextHandler::initCanvas@114 (line 50)
  0x00000235a8471740: 9cd6 4906 

  0x00000235a8471744: ;   {post_call_nop}
  0x00000235a8471744: 0f1f 8400 | bc21 000f 

  0x00000235a847174c: ;   {metadata(method data for {method} {0x00000235c4413288} 'throwJavaNpe' '()V' in 'kotlin/jvm/internal/Intrinsics')}
  0x00000235a847174c: 48ba 685d | 6cc4 3502 | 0000 4883 | 82e8 0000 

  0x00000235a847175c: ;   {metadata(method data for {method} {0x00000235c44181d8} 'sanitizeStackTrace' '(Ljava/lang/Throwable;)Ljava/lang/Throwable;' in 'kotlin/jvm/internal/Intrinsics')}
  0x00000235a847175c: 0001 48ba | 20b8 67c4 | 3502 0000 | 8bb2 9000 | 0000 83c6 | 0289 b290 | 0000 0081 | e6fe ff1f 
  0x00000235a847177c: 0085 f60f | 84f5 2300 

  0x00000235a8471784: ;   {oop(a 'java/lang/Class'{0x00000006040022d8} = 'kotlin/jvm/internal/Intrinsics')}
  0x00000235a8471784: 0048 bad8 | 2200 0406 | 0000 0048 

  0x00000235a8471790: ;   {metadata(method data for {method} {0x00000235c44181d8} 'sanitizeStackTrace' '(Ljava/lang/Throwable;)Ljava/lang/Throwable;' in 'kotlin/jvm/internal/Intrinsics')}
  0x00000235a8471790: 8bf2 48bf | 20b8 67c4 | 3502 0000 | 8b76 0841 | ba00 0000 | 3d49 03f2 | 483b b7e0 | 0000 0075 
  0x00000235a84717b0: 0d48 8387 | e800 0000 | 01e9 6000 | 0000 483b | b7f0 0000 | 0075 0d48 | 8387 f800 | 0000 01e9 
  0x00000235a84717d0: 4a00 0000 | 4883 bfe0 | 0000 0000 | 7517 4889 | b7e0 0000 | 0048 c787 | e800 0000 | 0100 0000 
  0x00000235a84717f0: e929 0000 | 0048 83bf | f000 0000 | 0075 1748 | 89b7 f000 | 0000 48c7 | 87f8 0000 | 0001 0000 
  0x00000235a8471810: 00e9 0800 | 0000 4883 | 87d8 0000 

  0x00000235a847181c: ;   {metadata(method data for {method} {0x000000003d196ac8} 'getName' '()Ljava/lang/String;' in 'java/lang/Class')}
  0x00000235a847181c: 0001 48be | 883c 0ec4 | 3502 0000 | 8bbe 9000 | 0000 83c7 | 0289 be90 | 0000 0081 | e7fe ff1f 
  0x00000235a847183c: 0085 ff0f | 8456 2300 | 008b 5230 | 48c1 e203 

  0x00000235a847184c: ;   {metadata(method data for {method} {0x000000003d196ac8} 'getName' '()Ljava/lang/String;' in 'java/lang/Class')}
  0x00000235a847184c: 4885 d248 | be88 3c0e | c435 0200 | 00bf d800 | 0000 7405 | bfe8 0000 | 0048 8b1c | 3e48 8d5b 
  0x00000235a847186c: 0148 891c | 3e0f 8418 

  0x00000235a8471874: ;   {metadata(method data for {method} {0x000000003d196ac8} 'getName' '()Ljava/lang/String;' in 'java/lang/Class')}
  0x00000235a8471874: 0000 0048 | be88 3c0e | c435 0200 | 00ff 86f8 | 0000 0048 | 8bf2 e930 

  0x00000235a847188c: ;   {oop(a 'java/lang/Class'{0x00000006040022d8} = 'kotlin/jvm/internal/Intrinsics')}
  0x00000235a847188c: 0000 0048 | bad8 2200 | 0406 0000 | 0048 8bf2 

  0x00000235a847189c: ;   {metadata(method data for {method} {0x000000003d196ac8} 'getName' '()Ljava/lang/String;' in 'java/lang/Class')}
  0x00000235a847189c: 48bf 883c | 0ec4 3502 | 0000 4883 | 8710 0100 

  0x00000235a84718ac: ;   {optimized virtual_call}
  0x00000235a84718ac: 0001 90e8 

  0x00000235a84718b0: ; ImmutableOopMap {[232]=Oop [248]=Oop [288]=Oop [312]=Oop [336]=Oop [344]=Oop }
                      ;*invokevirtual initClassName {reexecute=0 rethrow=0 return_oop=0}
                      ; - java.lang.Class::getName@14 (line 951)
                      ; - kotlin.jvm.internal.Intrinsics::sanitizeStackTrace@3 (line 253)
                      ; - kotlin.jvm.internal.Intrinsics::throwJavaNpe@7 (line 45)
                      ; - kotlin.jvm.internal.Intrinsics::checkNotNull@4 (line 25)
                      ; - org.jetbrains.skiko.context.Direct3DContextHandler::getDirectXRedrawer@8 (line 18)
                      ; - org.jetbrains.skiko.context.Direct3DContextHandler::initCanvas@114 (line 50)
  0x00000235a84718b0: 2cd5 4906 

  0x00000235a84718b4: ;   {post_call_nop}
  0x00000235a84718b4: 0f1f 8400 | 2c23 0010 | 488b f048 | 8b84 2450 | 0100 00e9 | a418 0000 

  0x00000235a84718cc: ;   {metadata(method data for {method} {0x00000235c5fa6210} 'initCanvas' '(Lorg/jetbrains/skiko/LayerDrawScope;)V' in 'org/jetbrains/skiko/context/Direct3DContextHandler')}
  0x00000235a84718cc: 48ba 8878 | 70c7 3502 | 0000 4883 | 82e0 0300 

  0x00000235a84718dc: ;   {metadata(method data for {method} {0x000000003d1b69f8} 'reachabilityFence' '(Ljava/lang/Object;)V' in 'java/lang/ref/Reference')}
  0x00000235a84718dc: 0001 48ba | 78b5 07c4 | 3502 0000 | 8bb2 9000 | 0000 83c6 | 0289 b290 | 0000 0081 | e6fe ff1f 
  0x00000235a84718fc: 0085 f60f | 84b7 2200 

  0x00000235a8471904: ;   {metadata(method data for {method} {0x00000235c5fa6210} 'initCanvas' '(Lorg/jetbrains/skiko/LayerDrawScope;)V' in 'org/jetbrains/skiko/context/Direct3DContextHandler')}
  0x00000235a8471904: 0048 ba88 | 7870 c735 | 0200 00ff | 82f0 0300 | 008b 8424 | 3001 0000 

  0x00000235a847191c: ;   {metadata(method data for {method} {0x00000235c5fa6210} 'initCanvas' '(Lorg/jetbrains/skiko/LayerDrawScope;)V' in 'org/jetbrains/skiko/context/Direct3DContextHandler')}
  0x00000235a847191c: 85c0 48ba | 8878 70c7 | 3502 0000 | be18 0400 | 0074 05be | 2804 0000 | 488b 3c32 | 488d 7f01 
  0x00000235a847193c: 4889 3c32 | 0f84 ae07 | 0000 488b | 9424 e800 | 0000 488b 

  0x00000235a8471950: ;   {metadata(method data for {method} {0x00000235c5fa6210} 'initCanvas' '(Lorg/jetbrains/skiko/LayerDrawScope;)V' in 'org/jetbrains/skiko/context/Direct3DContextHandler')}
  0x00000235a8471950: f248 bf88 | 7870 c735 | 0200 0048 | 8387 3804 

  0x00000235a8471960: ;   {metadata(method data for {method} {0x00000235c5fa5e78} 'getDirectXRedrawer' '()Lorg/jetbrains/skiko/redrawer/Direct3DRedrawer;' in 'org/jetbrains/skiko/context/Direct3DContextHandler')}
  0x00000235a8471960: 0000 0148 | be48 486b | c735 0200 | 008b be90 | 0000 0083 | c702 89be | 9000 0000 | 81e7 feff 
  0x00000235a8471980: 1f00 85ff | 0f84 5322 | 0000 488b 

  0x00000235a847198c: ;   {metadata(method data for {method} {0x00000235c5fa5e78} 'getDirectXRedrawer' '()Lorg/jetbrains/skiko/redrawer/Direct3DRedrawer;' in 'org/jetbrains/skiko/context/Direct3DContextHandler')}
  0x00000235a847198c: f248 bf48 | 486b c735 | 0200 008b | 7608 41ba | 0000 003d | 4903 f248 | 3bb7 e000 | 0000 750d 
  0x00000235a84719ac: 4883 87e8 | 0000 0001 | e960 0000 | 0048 3bb7 | f000 0000 | 750d 4883 | 87f8 0000 | 0001 e94a 
  0x00000235a84719cc: 0000 0048 | 83bf e000 | 0000 0075 | 1748 89b7 | e000 0000 | 48c7 87e8 | 0000 0001 | 0000 00e9 
  0x00000235a84719ec: 2900 0000 | 4883 bff0 | 0000 0000 | 7517 4889 | b7f0 0000 | 0048 c787 | f800 0000 | 0100 0000 
  0x00000235a8471a0c: e908 0000 | 0048 8387 | d800 0000 | 018b 720c | 48c1 e603 

  0x00000235a8471a20: ; implicit exception: dispatches to 0x00000235a8473bfe
  0x00000235a8471a20: 483b 0648 

  0x00000235a8471a24: ;   {metadata(method data for {method} {0x00000235c5fa5e78} 'getDirectXRedrawer' '()Lorg/jetbrains/skiko/redrawer/Direct3DRedrawer;' in 'org/jetbrains/skiko/context/Direct3DContextHandler')}
  0x00000235a8471a24: 8bfe 48b8 | 4848 6bc7 | 3502 0000 | 8b7f 0841 | ba00 0000 | 3d49 03fa | 483b b810 | 0100 0075 
  0x00000235a8471a44: 0d48 8380 | 1801 0000 | 01e9 6000 | 0000 483b | b820 0100 | 0075 0d48 | 8380 2801 | 0000 01e9 
  0x00000235a8471a64: 4a00 0000 | 4883 b810 | 0100 0000 | 7517 4889 | b810 0100 | 0048 c780 | 1801 0000 | 0100 0000 
  0x00000235a8471a84: e929 0000 | 0048 83b8 | 2001 0000 | 0075 1748 | 89b8 2001 | 0000 48c7 | 8028 0100 | 0001 0000 
  0x00000235a8471aa4: 00e9 0800 | 0000 4883 | 8008 0100 

  0x00000235a8471ab0: ;   {metadata(method data for {method} {0x00000235c5ba7488} 'getRedrawer$skiko' '()Lorg/jetbrains/skiko/redrawer/Redrawer;' in 'org/jetbrains/skiko/SkiaLayer')}
  0x00000235a8471ab0: 0001 48bf | c861 60c7 | 3502 0000 | 8b87 9000 | 0000 83c0 | 0289 8790 | 0000 0025 | feff 1f00 
  0x00000235a8471ad0: 85c0 0f84 | 2b21 0000 | 8bb6 8001 | 0000 48c1 | e603 483b | 0648 8bfe 

  0x00000235a8471ae8: ;   {metadata(method data for {method} {0x00000235c5ba7488} 'getRedrawer$skiko' '()Lorg/jetbrains/skiko/redrawer/Redrawer;' in 'org/jetbrains/skiko/SkiaLayer')}
  0x00000235a8471ae8: 48b8 c861 | 60c7 3502 | 0000 8b7f | 0841 ba00 | 0000 3d49 | 03fa 483b | b8e0 0000 | 0075 0d48 
  0x00000235a8471b08: 8380 e800 | 0000 01e9 | 6000 0000 | 483b b8f0 | 0000 0075 | 0d48 8380 | f800 0000 | 01e9 4a00 
  0x00000235a8471b28: 0000 4883 | b8e0 0000 | 0000 7517 | 4889 b8e0 | 0000 0048 | c780 e800 | 0000 0100 | 0000 e929 
  0x00000235a8471b48: 0000 0048 | 83b8 f000 | 0000 0075 | 1748 89b8 | f000 0000 | 48c7 80f8 | 0000 0001 | 0000 00e9 
  0x00000235a8471b68: 0800 0000 | 4883 80d8 | 0000 0001 | 8b76 1848 | c1e6 0348 

  0x00000235a8471b7c: ;   {metadata(method data for {method} {0x00000235c5ba7488} 'getRedrawer$skiko' '()Lorg/jetbrains/skiko/redrawer/Redrawer;' in 'org/jetbrains/skiko/SkiaLayer')}
  0x00000235a8471b7c: 85f6 48bf | c861 60c7 | 3502 0000 | 750c 808f | 0101 0000 | 01e9 c100 | 0000 8b46 | 0841 ba00 
  0x00000235a8471b9c: 0000 3d49 | 03c2 483b | 8710 0100 | 0075 0d48 | 8387 1801 | 0000 01e9 | 6000 0000 | 483b 8720 
  0x00000235a8471bbc: 0100 0075 | 0d48 8387 | 2801 0000 | 01e9 4a00 | 0000 4883 | bf10 0100 | 0000 7517 | 4889 8710 
  0x00000235a8471bdc: 0100 0048 | c787 1801 | 0000 0100 | 0000 e929 | 0000 0048 | 83bf 2001 | 0000 0075 | 1748 8987 
  0x00000235a8471bfc: 2001 0000 | 48c7 8728 | 0100 0001 | 0000 00e9 | 0800 0000 | 4883 8708 | 0100 0001 

  0x00000235a8471c18: ;   {metadata('org/jetbrains/skiko/redrawer/Redrawer')}
  0x00000235a8471c18: 48b8 885e | 333e 0000 | 0000 8b7e | 0841 ba00 | 0000 3d49 | 03fa 483b | 4720 0f84 | 1f00 0000 
  0x00000235a8471c38: 483b f80f | 8416 0000 

  0x00000235a8471c40: ;   {runtime_call C1 Runtime slow_subtype_check_blob}
  0x00000235a8471c40: 0057 50e8 | 18cb 5606 | 5f5f 85ff | 0f84 d71f | 0000 e900 | 0000 0048 | 8bde 4889 | 9c24 6001 
  0x00000235a8471c60: ;   {metadata(method data for {method} {0x00000235c5fa5e78} 'getDirectXRedrawer' '()Lorg/jetbrains/skiko/redrawer/Direct3DRedrawer;' in 'org/jetbrains/skiko/context/Direct3DContextHandler')}
  0x00000235a8471c60: 0000 48be | 4848 6bc7 | 3502 0000 | 4883 8638 | 0100 0001 

  0x00000235a8471c74: ;   {metadata(method data for {method} {0x00000235c4412fc0} 'checkNotNull' '(Ljava/lang/Object;)V' in 'kotlin/jvm/internal/Intrinsics')}
  0x00000235a8471c74: 48be 205c | 6cc4 3502 | 0000 8bbe | 9000 0000 | 83c7 0289 | be90 0000 | 0081 e7fe | ff1f 0085 
  0x00000235a8471c94: ff0f 8497 | 1f00 0048 

  0x00000235a8471c9c: ;   {metadata(method data for {method} {0x00000235c4412fc0} 'checkNotNull' '(Ljava/lang/Object;)V' in 'kotlin/jvm/internal/Intrinsics')}
  0x00000235a8471c9c: 85db 48be | 205c 6cc4 | 3502 0000 | bfd8 0000 | 0075 05bf | e800 0000 | 488b 043e | 488d 4001 
  0x00000235a8471cbc: 4889 043e | 0f85 4602 

  0x00000235a8471cc4: ;   {metadata(method data for {method} {0x00000235c4412fc0} 'checkNotNull' '(Ljava/lang/Object;)V' in 'kotlin/jvm/internal/Intrinsics')}
  0x00000235a8471cc4: 0000 48be | 205c 6cc4 | 3502 0000 | 4883 86f8 | 0000 0001 

  0x00000235a8471cd8: ;   {metadata(method data for {method} {0x00000235c4413288} 'throwJavaNpe' '()V' in 'kotlin/jvm/internal/Intrinsics')}
  0x00000235a8471cd8: 48be 685d | 6cc4 3502 | 0000 8bbe | 9000 0000 | 83c7 0289 | be90 0000 | 0081 e7fe | ff1f 0085 
  0x00000235a8471cf8: ff0f 8454 | 1f00 0090 

  0x00000235a8471d00: ;   {other}
  0x00000235a8471d00: e97e 1f00 | 0000 0000 | 0000 498b | 87c8 0100 | 0048 8d78 | 3049 3bbf | d801 0000 | 0f87 6b1f 
  0x00000235a8471d20: 0000 4989 | bfc8 0100 | 0048 c700 | 0100 0000 | 488b ca41 | ba00 0000 | 3d49 2bca | 8948 0848 
  0x00000235a8471d40: 33c9 8948 | 0c48 33c9 | 4889 4810 | 4889 4818 | 4889 4820 | 4889 4828 

  0x00000235a8471d58: ;   {metadata(method data for {method} {0x00000235c4413288} 'throwJavaNpe' '()V' in 'kotlin/jvm/internal/Intrinsics')}
  0x00000235a8471d58: 488b d048 | be68 5d6c | c435 0200 | 0048 8386 | d800 0000 | 0148 8bd0 | 4889 8424 | 6801 0000 
  0x00000235a8471d78: 0f1f 8000 

  0x00000235a8471d7c: ;   {optimized virtual_call}
  0x00000235a8471d7c: 0000 00e8 

  0x00000235a8471d80: ; ImmutableOopMap {[232]=Oop [352]=Oop [360]=Oop }
                      ;*invokespecial <init> {reexecute=0 rethrow=0 return_oop=0}
                      ; - kotlin.jvm.internal.Intrinsics::throwJavaNpe@4 (line 45)
                      ; - kotlin.jvm.internal.Intrinsics::checkNotNull@4 (line 25)
                      ; - org.jetbrains.skiko.context.Direct3DContextHandler::getDirectXRedrawer@8 (line 18)
                      ; - org.jetbrains.skiko.context.Direct3DContextHandler::initCanvas@163 (line 63)
  0x00000235a8471d80: 5cd0 4906 

  0x00000235a8471d84: ;   {post_call_nop}
  0x00000235a8471d84: 0f1f 8400 | fc27 0011 

  0x00000235a8471d8c: ;   {metadata(method data for {method} {0x00000235c4413288} 'throwJavaNpe' '()V' in 'kotlin/jvm/internal/Intrinsics')}
  0x00000235a8471d8c: 48ba 685d | 6cc4 3502 | 0000 4883 | 82e8 0000 

  0x00000235a8471d9c: ;   {metadata(method data for {method} {0x00000235c44181d8} 'sanitizeStackTrace' '(Ljava/lang/Throwable;)Ljava/lang/Throwable;' in 'kotlin/jvm/internal/Intrinsics')}
  0x00000235a8471d9c: 0001 48ba | 20b8 67c4 | 3502 0000 | 8bb2 9000 | 0000 83c6 | 0289 b290 | 0000 0081 | e6fe ff1f 
  0x00000235a8471dbc: 0085 f60f | 84d5 1e00 

  0x00000235a8471dc4: ;   {oop(a 'java/lang/Class'{0x00000006040022d8} = 'kotlin/jvm/internal/Intrinsics')}
  0x00000235a8471dc4: 0048 bad8 | 2200 0406 | 0000 0048 

  0x00000235a8471dd0: ;   {metadata(method data for {method} {0x00000235c44181d8} 'sanitizeStackTrace' '(Ljava/lang/Throwable;)Ljava/lang/Throwable;' in 'kotlin/jvm/internal/Intrinsics')}
  0x00000235a8471dd0: 8bf2 48bf | 20b8 67c4 | 3502 0000 | 8b76 0841 | ba00 0000 | 3d49 03f2 | 483b b7e0 | 0000 0075 
  0x00000235a8471df0: 0d48 8387 | e800 0000 | 01e9 6000 | 0000 483b | b7f0 0000 | 0075 0d48 | 8387 f800 | 0000 01e9 
  0x00000235a8471e10: 4a00 0000 | 4883 bfe0 | 0000 0000 | 7517 4889 | b7e0 0000 | 0048 c787 | e800 0000 | 0100 0000 
  0x00000235a8471e30: e929 0000 | 0048 83bf | f000 0000 | 0075 1748 | 89b7 f000 | 0000 48c7 | 87f8 0000 | 0001 0000 
  0x00000235a8471e50: 00e9 0800 | 0000 4883 | 87d8 0000 

  0x00000235a8471e5c: ;   {metadata(method data for {method} {0x000000003d196ac8} 'getName' '()Ljava/lang/String;' in 'java/lang/Class')}
  0x00000235a8471e5c: 0001 48be | 883c 0ec4 | 3502 0000 | 8bbe 9000 | 0000 83c7 | 0289 be90 | 0000 0081 | e7fe ff1f 
  0x00000235a8471e7c: 0085 ff0f | 8436 1e00 | 008b 5230 | 48c1 e203 

  0x00000235a8471e8c: ;   {metadata(method data for {method} {0x000000003d196ac8} 'getName' '()Ljava/lang/String;' in 'java/lang/Class')}
  0x00000235a8471e8c: 4885 d248 | be88 3c0e | c435 0200 | 00bf d800 | 0000 7405 | bfe8 0000 | 0048 8b1c | 3e48 8d5b 
  0x00000235a8471eac: 0148 891c | 3e0f 8418 

  0x00000235a8471eb4: ;   {metadata(method data for {method} {0x000000003d196ac8} 'getName' '()Ljava/lang/String;' in 'java/lang/Class')}
  0x00000235a8471eb4: 0000 0048 | be88 3c0e | c435 0200 | 00ff 86f8 | 0000 0048 | 8bf2 e930 

  0x00000235a8471ecc: ;   {oop(a 'java/lang/Class'{0x00000006040022d8} = 'kotlin/jvm/internal/Intrinsics')}
  0x00000235a8471ecc: 0000 0048 | bad8 2200 | 0406 0000 | 0048 8bf2 

  0x00000235a8471edc: ;   {metadata(method data for {method} {0x000000003d196ac8} 'getName' '()Ljava/lang/String;' in 'java/lang/Class')}
  0x00000235a8471edc: 48bf 883c | 0ec4 3502 | 0000 4883 | 8710 0100 

  0x00000235a8471eec: ;   {optimized virtual_call}
  0x00000235a8471eec: 0001 90e8 

  0x00000235a8471ef0: ; ImmutableOopMap {[232]=Oop [352]=Oop [360]=Oop }
                      ;*invokevirtual initClassName {reexecute=0 rethrow=0 return_oop=0}
                      ; - java.lang.Class::getName@14 (line 951)
                      ; - kotlin.jvm.internal.Intrinsics::sanitizeStackTrace@3 (line 253)
                      ; - kotlin.jvm.internal.Intrinsics::throwJavaNpe@7 (line 45)
                      ; - kotlin.jvm.internal.Intrinsics::checkNotNull@4 (line 25)
                      ; - org.jetbrains.skiko.context.Direct3DContextHandler::getDirectXRedrawer@8 (line 18)
                      ; - org.jetbrains.skiko.context.Direct3DContextHandler::initCanvas@163 (line 63)
  0x00000235a8471ef0: ecce 4906 

  0x00000235a8471ef4: ;   {post_call_nop}
  0x00000235a8471ef4: 0f1f 8400 | 6c29 0012 | 488b f048 | 8b84 2468 | 0100 00e9 | 6a11 0000 

  0x00000235a8471f0c: ;   {metadata(method data for {method} {0x00000235c5fa5e78} 'getDirectXRedrawer' '()Lorg/jetbrains/skiko/redrawer/Direct3DRedrawer;' in 'org/jetbrains/skiko/context/Direct3DContextHandler')}
  0x00000235a8471f0c: 4885 db48 | bf48 486b | c735 0200 | 0075 0c80 | 8f41 0100 | 0001 e9a6 | 0000 008b | 7308 41ba 
  0x00000235a8471f2c: 0000 003d | 4903 f248 | 3bb7 5001 | 0000 750d | 4883 8758 | 0100 0001 | e960 0000 | 0048 3bb7 
  0x00000235a8471f4c: 6001 0000 | 750d 4883 | 8768 0100 | 0001 e94a | 0000 0048 | 83bf 5001 | 0000 0075 | 1748 89b7 
  0x00000235a8471f6c: 5001 0000 | 48c7 8758 | 0100 0001 | 0000 00e9 | 2900 0000 | 4883 bf60 | 0100 0000 | 7517 4889 
  0x00000235a8471f8c: b760 0100 | 0048 c787 | 6801 0000 | 0100 0000 | e908 0000 | 0048 8387 | 4801 0000 

  0x00000235a8471fa8: ;   {metadata('org/jetbrains/skiko/redrawer/Direct3DRedrawer')}
  0x00000235a8471fa8: 0148 bec0 | 953e 3e00 | 0000 008b | 5308 41ba | 0000 003d | 4903 d248 | 3bf2 0f85 | 141d 0000 
  0x00000235a8471fc8: e900 0000 | 0048 8bf3 

  0x00000235a8471fd0: ; implicit exception: dispatches to 0x00000235a8473ce5
  0x00000235a8471fd0: 483b 0648 

  0x00000235a8471fd4: ;   {metadata(method data for {method} {0x00000235c5fa6210} 'initCanvas' '(Lorg/jetbrains/skiko/LayerDrawScope;)V' in 'org/jetbrains/skiko/context/Direct3DContextHandler')}
  0x00000235a8471fd4: 8bd6 48bf | 8878 70c7 | 3502 0000 | 8b52 0841 | ba00 0000 | 3d49 03d2 | 483b 9750 | 0400 0075 
  0x00000235a8471ff4: 0d48 8387 | 5804 0000 | 01e9 6000 | 0000 483b | 9760 0400 | 0075 0d48 | 8387 6804 | 0000 01e9 
  0x00000235a8472014: 4a00 0000 | 4883 bf50 | 0400 0000 | 7517 4889 | 9750 0400 | 0048 c787 | 5804 0000 | 0100 0000 
  0x00000235a8472034: e929 0000 | 0048 83bf | 6004 0000 | 0075 1748 | 8997 6004 | 0000 48c7 | 8768 0400 | 0001 0000 
  0x00000235a8472054: 00e9 0800 | 0000 4883 | 8748 0400 

  0x00000235a8472060: ;   {metadata(method data for {method} {0x00000235c5f9e870} 'initFence' '()V' in 'org/jetbrains/skiko/redrawer/Direct3DRedrawer')}
  0x00000235a8472060: 0001 48ba | 18ca 76c7 | 3502 0000 | 8bba 9000 | 0000 83c7 | 0289 ba90 | 0000 0081 | e7fe ff1f 
  0x00000235a8472080: 0085 ff0f | 8461 1c00 | 0048 8bd6 

  0x00000235a847208c: ;   {metadata(method data for {method} {0x00000235c5f9e870} 'initFence' '()V' in 'org/jetbrains/skiko/redrawer/Direct3DRedrawer')}
  0x00000235a847208c: 48bf 18ca | 76c7 3502 | 0000 4883 | 87d8 0000 | 0001 488b | d648 89b4 | 2470 0100 | 0066 0f1f 
  0x00000235a84720ac: ;   {optimized virtual_call}
  0x00000235a84720ac: 4400 00e8 

  0x00000235a84720b0: ; ImmutableOopMap {[232]=Oop [368]=Oop }
                      ;*invokespecial getDevice {reexecute=0 rethrow=0 return_oop=0}
                      ; - org.jetbrains.skiko.redrawer.Direct3DRedrawer::initFence@2 (line 126)
                      ; - org.jetbrains.skiko.context.Direct3DContextHandler::initCanvas@166 (line 63)
  0x00000235a84720b0: 6c9d aeff 

  0x00000235a84720b4: ;   {post_call_nop}
  0x00000235a84720b4: 0f1f 8400 | 2c2b 0013 | 488b b424 | 7001 0000 

  0x00000235a84720c4: ;   {metadata(method data for {method} {0x00000235c5f9e870} 'initFence' '()V' in 'org/jetbrains/skiko/redrawer/Direct3DRedrawer')}
  0x00000235a84720c4: 49b8 18ca | 76c7 3502 | 0000 4983 | 80e8 0000 | 0001 4c8b | c048 8b94 | 2470 0100 | 0066 0f1f 
  0x00000235a84720e4: ;   {optimized virtual_call}
  0x00000235a84720e4: 4400 00e8 

  0x00000235a84720e8: ; ImmutableOopMap {[232]=Oop }
                      ;*invokespecial initFence {reexecute=0 rethrow=0 return_oop=0}
                      ; - org.jetbrains.skiko.redrawer.Direct3DRedrawer::initFence@5 (line 126)
                      ; - org.jetbrains.skiko.context.Direct3DContextHandler::initCanvas@166 (line 63)
  0x00000235a84720e8: 6b1f 0000 

  0x00000235a84720ec: ;   {post_call_nop}
  0x00000235a84720ec: 0f1f 8400 | 642b 0014 | 488b 9424 | e800 0000 | 8b5a 2848 | c1e3 0348 | 899c 2480 | 0100 0048 
  0x00000235a847210c: ;   {metadata(method data for {method} {0x00000235c5fa6210} 'initCanvas' '(Lorg/jetbrains/skiko/LayerDrawScope;)V' in 'org/jetbrains/skiko/context/Direct3DContextHandler')}
  0x00000235a847210c: 8bf2 48bf | 8878 70c7 | 3502 0000 | 4883 8778 | 0400 0001 

  0x00000235a8472120: ;   {metadata(method data for {method} {0x00000235c5fa5e78} 'getDirectXRedrawer' '()Lorg/jetbrains/skiko/redrawer/Direct3DRedrawer;' in 'org/jetbrains/skiko/context/Direct3DContextHandler')}
  0x00000235a8472120: 48be 4848 | 6bc7 3502 | 0000 8bbe | 9000 0000 | 83c7 0289 | be90 0000 | 0081 e7fe | ff1f 0085 
  0x00000235a8472140: ff0f 84c4 | 1b00 0048 

  0x00000235a8472148: ;   {metadata(method data for {method} {0x00000235c5fa5e78} 'getDirectXRedrawer' '()Lorg/jetbrains/skiko/redrawer/Direct3DRedrawer;' in 'org/jetbrains/skiko/context/Direct3DContextHandler')}
  0x00000235a8472148: 8bf2 48bf | 4848 6bc7 | 3502 0000 | 8b76 0841 | ba00 0000 | 3d49 03f2 | 483b b7e0 | 0000 0075 
  0x00000235a8472168: 0d48 8387 | e800 0000 | 01e9 6000 | 0000 483b | b7f0 0000 | 0075 0d48 | 8387 f800 | 0000 01e9 
  0x00000235a8472188: 4a00 0000 | 4883 bfe0 | 0000 0000 | 7517 4889 | b7e0 0000 | 0048 c787 | e800 0000 | 0100 0000 
  0x00000235a84721a8: e929 0000 | 0048 83bf | f000 0000 | 0075 1748 | 89b7 f000 | 0000 48c7 | 87f8 0000 | 0001 0000 
  0x00000235a84721c8: 00e9 0800 | 0000 4883 | 87d8 0000 | 0001 8b72 | 0c48 c1e6 | 0348 3b06 

  0x00000235a84721e0: ;   {metadata(method data for {method} {0x00000235c5fa5e78} 'getDirectXRedrawer' '()Lorg/jetbrains/skiko/redrawer/Direct3DRedrawer;' in 'org/jetbrains/skiko/context/Direct3DContextHandler')}
  0x00000235a84721e0: 488b fe48 | b848 486b | c735 0200 | 008b 7f08 | 41ba 0000 | 003d 4903 | fa48 3bb8 | 1001 0000 
  0x00000235a8472200: 750d 4883 | 8018 0100 | 0001 e960 | 0000 0048 | 3bb8 2001 | 0000 750d | 4883 8028 | 0100 0001 
  0x00000235a8472220: e94a 0000 | 0048 83b8 | 1001 0000 | 0075 1748 | 89b8 1001 | 0000 48c7 | 8018 0100 | 0001 0000 
  0x00000235a8472240: 00e9 2900 | 0000 4883 | b820 0100 | 0000 7517 | 4889 b820 | 0100 0048 | c780 2801 | 0000 0100 
  0x00000235a8472260: 0000 e908 | 0000 0048 | 8380 0801 

  0x00000235a847226c: ;   {metadata(method data for {method} {0x00000235c5ba7488} 'getRedrawer$skiko' '()Lorg/jetbrains/skiko/redrawer/Redrawer;' in 'org/jetbrains/skiko/SkiaLayer')}
  0x00000235a847226c: 0000 0148 | bfc8 6160 | c735 0200 | 008b 8790 | 0000 0083 | c002 8987 | 9000 0000 | 25fe ff1f 
  0x00000235a847228c: 0085 c00f | 849c 1a00 | 008b b680 | 0100 0048 | c1e6 0348 | 3b06 488b 

  0x00000235a84722a4: ;   {metadata(method data for {method} {0x00000235c5ba7488} 'getRedrawer$skiko' '()Lorg/jetbrains/skiko/redrawer/Redrawer;' in 'org/jetbrains/skiko/SkiaLayer')}
  0x00000235a84722a4: fe48 b8c8 | 6160 c735 | 0200 008b | 7f08 41ba | 0000 003d | 4903 fa48 | 3bb8 e000 | 0000 750d 
  0x00000235a84722c4: 4883 80e8 | 0000 0001 | e960 0000 | 0048 3bb8 | f000 0000 | 750d 4883 | 80f8 0000 | 0001 e94a 
  0x00000235a84722e4: 0000 0048 | 83b8 e000 | 0000 0075 | 1748 89b8 | e000 0000 | 48c7 80e8 | 0000 0001 | 0000 00e9 
  0x00000235a8472304: 2900 0000 | 4883 b8f0 | 0000 0000 | 7517 4889 | b8f0 0000 | 0048 c780 | f800 0000 | 0100 0000 
  0x00000235a8472324: e908 0000 | 0048 8380 | d800 0000 | 018b 7618 | 48c1 e603 

  0x00000235a8472338: ;   {metadata(method data for {method} {0x00000235c5ba7488} 'getRedrawer$skiko' '()Lorg/jetbrains/skiko/redrawer/Redrawer;' in 'org/jetbrains/skiko/SkiaLayer')}
  0x00000235a8472338: 4885 f648 | bfc8 6160 | c735 0200 | 0075 0c80 | 8f01 0100 | 0001 e9c1 | 0000 008b | 4608 41ba 
  0x00000235a8472358: 0000 003d | 4903 c248 | 3b87 1001 | 0000 750d | 4883 8718 | 0100 0001 | e960 0000 | 0048 3b87 
  0x00000235a8472378: 2001 0000 | 750d 4883 | 8728 0100 | 0001 e94a | 0000 0048 | 83bf 1001 | 0000 0075 | 1748 8987 
  0x00000235a8472398: 1001 0000 | 48c7 8718 | 0100 0001 | 0000 00e9 | 2900 0000 | 4883 bf20 | 0100 0000 | 7517 4889 
  0x00000235a84723b8: 8720 0100 | 0048 c787 | 2801 0000 | 0100 0000 | e908 0000 | 0048 8387 | 0801 0000 

  0x00000235a84723d4: ;   {metadata('org/jetbrains/skiko/redrawer/Redrawer')}
  0x00000235a84723d4: 0148 b888 | 5e33 3e00 | 0000 008b | 7e08 41ba | 0000 003d | 4903 fa48 | 3b47 200f | 841f 0000 
  0x00000235a84723f4: 0048 3bf8 | 0f84 1600 | 0000 5750 

  0x00000235a8472400: ;   {runtime_call C1 Runtime slow_subtype_check_blob}
  0x00000235a8472400: e85b c356 | 065f 5f85 | ff0f 8448 | 1900 00e9 | 0000 0000 | 4c8b c64c | 8984 2478 

  0x00000235a847241c: ;   {metadata(method data for {method} {0x00000235c5fa5e78} 'getDirectXRedrawer' '()Lorg/jetbrains/skiko/redrawer/Direct3DRedrawer;' in 'org/jetbrains/skiko/context/Direct3DContextHandler')}
  0x00000235a847241c: 0100 0048 | be48 486b | c735 0200 | 0048 8386 | 3801 0000 

  0x00000235a8472430: ;   {metadata(method data for {method} {0x00000235c4412fc0} 'checkNotNull' '(Ljava/lang/Object;)V' in 'kotlin/jvm/internal/Intrinsics')}
  0x00000235a8472430: 0148 be20 | 5c6c c435 | 0200 008b | be90 0000 | 0083 c702 | 89be 9000 | 0000 81e7 | feff 1f00 
  0x00000235a8472450: 85ff 0f84 | 0819 0000 

  0x00000235a8472458: ;   {metadata(method data for {method} {0x00000235c4412fc0} 'checkNotNull' '(Ljava/lang/Object;)V' in 'kotlin/jvm/internal/Intrinsics')}
  0x00000235a8472458: 4d85 c048 | be20 5c6c | c435 0200 | 00bf d800 | 0000 7505 | bfe8 0000 | 0048 8b04 | 3e48 8d40 
  0x00000235a8472478: 0148 8904 | 3e0f 8549 

  0x00000235a8472480: ;   {metadata(method data for {method} {0x00000235c4412fc0} 'checkNotNull' '(Ljava/lang/Object;)V' in 'kotlin/jvm/internal/Intrinsics')}
  0x00000235a8472480: 0200 0048 | be20 5c6c | c435 0200 | 0048 8386 | f800 0000 

  0x00000235a8472494: ;   {metadata(method data for {method} {0x00000235c4413288} 'throwJavaNpe' '()V' in 'kotlin/jvm/internal/Intrinsics')}
  0x00000235a8472494: 0148 be68 | 5d6c c435 | 0200 008b | be90 0000 | 0083 c702 | 89be 9000 | 0000 81e7 | feff 1f00 
  0x00000235a84724b4: 85ff 0f84 | c518 0000 | 0f1f 4000 

  0x00000235a84724c0: ;   {other}
  0x00000235a84724c0: e9ec 1800 | 0000 0000 | 0000 498b | 87c8 0100 | 0048 8d78 | 3049 3bbf | d801 0000 | 0f87 d918 
  0x00000235a84724e0: 0000 4989 | bfc8 0100 | 0048 c700 | 0100 0000 | 488b ca41 | ba00 0000 | 3d49 2bca | 8948 0848 
  0x00000235a8472500: 33c9 8948 | 0c48 33c9 | 4889 4810 | 4889 4818 | 4889 4820 | 4889 4828 

  0x00000235a8472518: ;   {metadata(method data for {method} {0x00000235c4413288} 'throwJavaNpe' '()V' in 'kotlin/jvm/internal/Intrinsics')}
  0x00000235a8472518: 488b d048 | be68 5d6c | c435 0200 | 0048 8386 | d800 0000 | 0148 8bd0 | 4889 8424 | 8801 0000 
  0x00000235a8472538: 0f1f 8000 

  0x00000235a847253c: ;   {optimized virtual_call}
  0x00000235a847253c: 0000 00e8 

  0x00000235a8472540: ; ImmutableOopMap {[232]=Oop [376]=Oop [384]=Oop [392]=Oop }
                      ;*invokespecial <init> {reexecute=0 rethrow=0 return_oop=0}
                      ; - kotlin.jvm.internal.Intrinsics::throwJavaNpe@4 (line 45)
                      ; - kotlin.jvm.internal.Intrinsics::checkNotNull@4 (line 25)
                      ; - org.jetbrains.skiko.context.Direct3DContextHandler::getDirectXRedrawer@8 (line 18)
                      ; - org.jetbrains.skiko.context.Direct3DContextHandler::initCanvas@175 (line 66)
  0x00000235a8472540: 9cc8 4906 

  0x00000235a8472544: ;   {post_call_nop}
  0x00000235a8472544: 0f1f 8400 | bc2f 0015 

  0x00000235a847254c: ;   {metadata(method data for {method} {0x00000235c4413288} 'throwJavaNpe' '()V' in 'kotlin/jvm/internal/Intrinsics')}
  0x00000235a847254c: 48ba 685d | 6cc4 3502 | 0000 4883 | 82e8 0000 

  0x00000235a847255c: ;   {metadata(method data for {method} {0x00000235c44181d8} 'sanitizeStackTrace' '(Ljava/lang/Throwable;)Ljava/lang/Throwable;' in 'kotlin/jvm/internal/Intrinsics')}
  0x00000235a847255c: 0001 48ba | 20b8 67c4 | 3502 0000 | 8bb2 9000 | 0000 83c6 | 0289 b290 | 0000 0081 | e6fe ff1f 
  0x00000235a847257c: 0085 f60f | 8443 1800 

  0x00000235a8472584: ;   {oop(a 'java/lang/Class'{0x00000006040022d8} = 'kotlin/jvm/internal/Intrinsics')}
  0x00000235a8472584: 0048 bad8 | 2200 0406 | 0000 0048 

  0x00000235a8472590: ;   {metadata(method data for {method} {0x00000235c44181d8} 'sanitizeStackTrace' '(Ljava/lang/Throwable;)Ljava/lang/Throwable;' in 'kotlin/jvm/internal/Intrinsics')}
  0x00000235a8472590: 8bf2 48bf | 20b8 67c4 | 3502 0000 | 8b76 0841 | ba00 0000 | 3d49 03f2 | 483b b7e0 | 0000 0075 
  0x00000235a84725b0: 0d48 8387 | e800 0000 | 01e9 6000 | 0000 483b | b7f0 0000 | 0075 0d48 | 8387 f800 | 0000 01e9 
  0x00000235a84725d0: 4a00 0000 | 4883 bfe0 | 0000 0000 | 7517 4889 | b7e0 0000 | 0048 c787 | e800 0000 | 0100 0000 
  0x00000235a84725f0: e929 0000 | 0048 83bf | f000 0000 | 0075 1748 | 89b7 f000 | 0000 48c7 | 87f8 0000 | 0001 0000 
  0x00000235a8472610: 00e9 0800 | 0000 4883 | 87d8 0000 

  0x00000235a847261c: ;   {metadata(method data for {method} {0x000000003d196ac8} 'getName' '()Ljava/lang/String;' in 'java/lang/Class')}
  0x00000235a847261c: 0001 48be | 883c 0ec4 | 3502 0000 | 8bbe 9000 | 0000 83c7 | 0289 be90 | 0000 0081 | e7fe ff1f 
  0x00000235a847263c: 0085 ff0f | 84a4 1700 | 008b 5230 | 48c1 e203 

  0x00000235a847264c: ;   {metadata(method data for {method} {0x000000003d196ac8} 'getName' '()Ljava/lang/String;' in 'java/lang/Class')}
  0x00000235a847264c: 4885 d248 | be88 3c0e | c435 0200 | 00bf d800 | 0000 7405 | bfe8 0000 | 0048 8b1c | 3e48 8d5b 
  0x00000235a847266c: 0148 891c | 3e0f 8418 

  0x00000235a8472674: ;   {metadata(method data for {method} {0x000000003d196ac8} 'getName' '()Ljava/lang/String;' in 'java/lang/Class')}
  0x00000235a8472674: 0000 0048 | be88 3c0e | c435 0200 | 00ff 86f8 | 0000 0048 | 8bf2 e930 

  0x00000235a847268c: ;   {oop(a 'java/lang/Class'{0x00000006040022d8} = 'kotlin/jvm/internal/Intrinsics')}
  0x00000235a847268c: 0000 0048 | bad8 2200 | 0406 0000 | 0048 8bf2 

  0x00000235a847269c: ;   {metadata(method data for {method} {0x000000003d196ac8} 'getName' '()Ljava/lang/String;' in 'java/lang/Class')}
  0x00000235a847269c: 48bf 883c | 0ec4 3502 | 0000 4883 | 8710 0100 

  0x00000235a84726ac: ;   {optimized virtual_call}
  0x00000235a84726ac: 0001 90e8 

  0x00000235a84726b0: ; ImmutableOopMap {[232]=Oop [376]=Oop [384]=Oop [392]=Oop }
                      ;*invokevirtual initClassName {reexecute=0 rethrow=0 return_oop=0}
                      ; - java.lang.Class::getName@14 (line 951)
                      ; - kotlin.jvm.internal.Intrinsics::sanitizeStackTrace@3 (line 253)
                      ; - kotlin.jvm.internal.Intrinsics::throwJavaNpe@7 (line 45)
                      ; - kotlin.jvm.internal.Intrinsics::checkNotNull@4 (line 25)
                      ; - org.jetbrains.skiko.context.Direct3DContextHandler::getDirectXRedrawer@8 (line 18)
                      ; - org.jetbrains.skiko.context.Direct3DContextHandler::initCanvas@175 (line 66)
  0x00000235a84726b0: 2cc7 4906 

  0x00000235a84726b4: ;   {post_call_nop}
  0x00000235a84726b4: 0f1f 8400 | 2c31 0016 | 488b f048 | 8b84 2488 | 0100 00e9 | a408 0000 

  0x00000235a84726cc: ;   {metadata(method data for {method} {0x00000235c5fa5e78} 'getDirectXRedrawer' '()Lorg/jetbrains/skiko/redrawer/Direct3DRedrawer;' in 'org/jetbrains/skiko/context/Direct3DContextHandler')}
  0x00000235a84726cc: 4d85 c048 | bf48 486b | c735 0200 | 0075 0c80 | 8f41 0100 | 0001 e9a8 | 0000 0041 | 8b58 0841 
  0x00000235a84726ec: ba00 0000 | 3d49 03da | 483b 9f50 | 0100 0075 | 0d48 8387 | 5801 0000 | 01e9 6000 | 0000 483b 
  0x00000235a847270c: 9f60 0100 | 0075 0d48 | 8387 6801 | 0000 01e9 | 4a00 0000 | 4883 bf50 | 0100 0000 | 7517 4889 
  0x00000235a847272c: 9f50 0100 | 0048 c787 | 5801 0000 | 0100 0000 | e929 0000 | 0048 83bf | 6001 0000 | 0075 1748 
  0x00000235a847274c: 899f 6001 | 0000 48c7 | 8768 0100 | 0001 0000 | 00e9 0800 | 0000 4883 | 8748 0100 

  0x00000235a8472768: ;   {metadata('org/jetbrains/skiko/redrawer/Direct3DRedrawer')}
  0x00000235a8472768: 0001 48bb | c095 3e3e | 0000 0000 | 418b 5008 | 41ba 0000 | 003d 4903 | d248 3bda | 0f85 8016 
  0x00000235a8472788: 0000 e900 | 0000 0049 | 8bf0 483b | 0648 8bfe 

  0x00000235a8472798: ;   {metadata(method data for {method} {0x00000235c5fa6210} 'initCanvas' '(Lorg/jetbrains/skiko/LayerDrawScope;)V' in 'org/jetbrains/skiko/context/Direct3DContextHandler')}
  0x00000235a8472798: 48b8 8878 | 70c7 3502 | 0000 8b7f | 0841 ba00 | 0000 3d49 | 03fa 483b | b890 0400 | 0075 0d48 
  0x00000235a84727b8: 8380 9804 | 0000 01e9 | 6000 0000 | 483b b8a0 | 0400 0075 | 0d48 8380 | a804 0000 | 01e9 4a00 
  0x00000235a84727d8: 0000 4883 | b890 0400 | 0000 7517 | 4889 b890 | 0400 0048 | c780 9804 | 0000 0100 | 0000 e929 
  0x00000235a84727f8: 0000 0048 | 83b8 a004 | 0000 0075 | 1748 89b8 | a004 0000 | 48c7 80a8 | 0400 0001 | 0000 00e9 
  0x00000235a8472818: 0800 0000 | 4883 8088 | 0400 0001 

  0x00000235a8472824: ;   {metadata(method data for {method} {0x00000235c5f9e7c0} 'getBufferIndex' '()I' in 'org/jetbrains/skiko/redrawer/Direct3DRedrawer')}
  0x00000235a8472824: 48bf c882 | 70c7 3502 | 0000 8b87 | 9000 0000 | 83c0 0289 | 8790 0000 | 0025 feff | 1f00 85c0 
  0x00000235a8472844: 0f84 ce15 | 0000 488b 

  0x00000235a847284c: ;   {metadata(method data for {method} {0x00000235c5f9e7c0} 'getBufferIndex' '()I' in 'org/jetbrains/skiko/redrawer/Direct3DRedrawer')}
  0x00000235a847284c: fe48 b8c8 | 8270 c735 | 0200 0048 | 8380 d800 | 0000 0148 | 8bd6 4889 | b424 9001 | 0000 0f1f 
  0x00000235a847286c: ;   {optimized virtual_call}
  0x00000235a847286c: 4400 00e8 

  0x00000235a8472870: ; ImmutableOopMap {[232]=Oop [384]=Oop [400]=Oop }
                      ;*invokespecial getDevice {reexecute=0 rethrow=0 return_oop=0}
                      ; - org.jetbrains.skiko.redrawer.Direct3DRedrawer::getBufferIndex@2 (line 125)
                      ; - org.jetbrains.skiko.context.Direct3DContextHandler::initCanvas@178 (line 66)
  0x00000235a8472870: ac95 aeff 

  0x00000235a8472874: ;   {post_call_nop}
  0x00000235a8472874: 0f1f 8400 | ec32 0017 | 488b b424 | 9001 0000 

  0x00000235a8472884: ;   {metadata(method data for {method} {0x00000235c5f9e7c0} 'getBufferIndex' '()I' in 'org/jetbrains/skiko/redrawer/Direct3DRedrawer')}
  0x00000235a8472884: 49b8 c882 | 70c7 3502 | 0000 4983 | 80e8 0000 | 0001 4c8b | c048 8b94 | 2490 0100 | 0066 0f1f 
  0x00000235a84728a4: ;   {optimized virtual_call}
  0x00000235a84728a4: 4400 00e8 

  0x00000235a84728a8: ; ImmutableOopMap {[232]=Oop [384]=Oop }
                      ;*invokespecial getBufferIndex {reexecute=0 rethrow=0 return_oop=0}
                      ; - org.jetbrains.skiko.redrawer.Direct3DRedrawer::getBufferIndex@5 (line 125)
                      ; - org.jetbrains.skiko.context.Direct3DContextHandler::initCanvas@178 (line 66)
  0x00000235a84728a8: 642f ef06 

  0x00000235a84728ac: ;   {post_call_nop}
  0x00000235a84728ac: 0f1f 8400 | 2433 0018 | 488b 9c24 | 8001 0000 

  0x00000235a84728bc: ; implicit exception: dispatches to 0x00000235a8473e39
  0x00000235a84728bc: 3b43 0c0f | 837e 1500 | 0048 63c0 | 8b5c 8310 | 48c1 e303 | 4889 9c24 | 9801 0000 | 488b 9424 
  0x00000235a84728dc: e800 0000 

  0x00000235a84728e0: ;   {metadata(method data for {method} {0x00000235c5fa6210} 'initCanvas' '(Lorg/jetbrains/skiko/LayerDrawScope;)V' in 'org/jetbrains/skiko/context/Direct3DContextHandler')}
  0x00000235a84728e0: 48be 8878 | 70c7 3502 | 0000 8b52 | 0841 ba00 | 0000 3d49 | 03d2 483b | 96c0 0400 | 0075 0d48 
  0x00000235a8472900: 8386 c804 | 0000 01e9 | 6000 0000 | 483b 96d0 | 0400 0075 | 0d48 8386 | d804 0000 | 01e9 4a00 
  0x00000235a8472920: 0000 4883 | bec0 0400 | 0000 7517 | 4889 96c0 | 0400 0048 | c786 c804 | 0000 0100 | 0000 e929 
  0x00000235a8472940: 0000 0048 | 83be d004 | 0000 0075 | 1748 8996 | d004 0000 | 48c7 86d8 | 0400 0001 | 0000 00e9 
  0x00000235a8472960: 0800 0000 | 4883 86b8 | 0400 0001 | 410f be57 | 4885 d248 | 8b94 24e8 | 0000 000f | 85d0 1400 
  0x00000235a8472980: 004c 8bd3 | 49c1 ea03 | 4489 521c | 488b f248 | 33f3 48c1 | ee16 4883 | fe00 0f85 | d014 0000 
  0x00000235a84729a0: ;   {metadata(method data for {method} {0x00000235c5fa6210} 'initCanvas' '(Lorg/jetbrains/skiko/LayerDrawScope;)V' in 'org/jetbrains/skiko/context/Direct3DContextHandler')}
  0x00000235a84729a0: 488b f248 | bf88 7870 | c735 0200 | 008b 7608 | 41ba 0000 | 003d 4903 | f248 3bb7 | f004 0000 
  0x00000235a84729c0: 750d 4883 | 87f8 0400 | 0001 e960 | 0000 0048 | 3bb7 0005 | 0000 750d | 4883 8708 | 0500 0001 
  0x00000235a84729e0: e94a 0000 | 0048 83bf | f004 0000 | 0075 1748 | 89b7 f004 | 0000 48c7 | 87f8 0400 | 0001 0000 
  0x00000235a8472a00: 00e9 2900 | 0000 4883 | bf00 0500 | 0000 7517 | 4889 b700 | 0500 0048 | c787 0805 | 0000 0100 
  0x00000235a8472a20: 0000 e908 | 0000 0048 | 8387 e804 

  0x00000235a8472a2c: ;   {metadata(method data for {method} {0x00000235c5fa6210} 'initCanvas' '(Lorg/jetbrains/skiko/LayerDrawScope;)V' in 'org/jetbrains/skiko/context/Direct3DContextHandler')}
  0x00000235a8472a2c: 0000 0148 | be88 7870 | c735 0200 | 0048 8386 | 1805 0000 

  0x00000235a8472a40: ;   {metadata(method data for {method} {0x00000235c4412fc0} 'checkNotNull' '(Ljava/lang/Object;)V' in 'kotlin/jvm/internal/Intrinsics')}
  0x00000235a8472a40: 0148 be20 | 5c6c c435 | 0200 008b | be90 0000 | 0083 c702 | 89be 9000 | 0000 81e7 | feff 1f00 
  0x00000235a8472a60: 85ff 0f84 | 2014 0000 

  0x00000235a8472a68: ;   {metadata(method data for {method} {0x00000235c4412fc0} 'checkNotNull' '(Ljava/lang/Object;)V' in 'kotlin/jvm/internal/Intrinsics')}
  0x00000235a8472a68: 4885 db48 | be20 5c6c | c435 0200 | 00bf d800 | 0000 7505 | bfe8 0000 | 0048 8b04 | 3e48 8d40 
  0x00000235a8472a88: 0148 8904 | 3e0f 8549 

  0x00000235a8472a90: ;   {metadata(method data for {method} {0x00000235c4412fc0} 'checkNotNull' '(Ljava/lang/Object;)V' in 'kotlin/jvm/internal/Intrinsics')}
  0x00000235a8472a90: 0200 0048 | be20 5c6c | c435 0200 | 0048 8386 | f800 0000 

  0x00000235a8472aa4: ;   {metadata(method data for {method} {0x00000235c4413288} 'throwJavaNpe' '()V' in 'kotlin/jvm/internal/Intrinsics')}
  0x00000235a8472aa4: 0148 be68 | 5d6c c435 | 0200 008b | be90 0000 | 0083 c702 | 89be 9000 | 0000 81e7 | feff 1f00 
  0x00000235a8472ac4: 85ff 0f84 | dd13 0000 | 0f1f 4000 

  0x00000235a8472ad0: ;   {other}
  0x00000235a8472ad0: e904 1400 | 0000 0000 | 0000 498b | 87c8 0100 | 0048 8d78 | 3049 3bbf | d801 0000 | 0f87 f113 
  0x00000235a8472af0: 0000 4989 | bfc8 0100 | 0048 c700 | 0100 0000 | 488b ca41 | ba00 0000 | 3d49 2bca | 8948 0848 
  0x00000235a8472b10: 33c9 8948 | 0c48 33c9 | 4889 4810 | 4889 4818 | 4889 4820 | 4889 4828 

  0x00000235a8472b28: ;   {metadata(method data for {method} {0x00000235c4413288} 'throwJavaNpe' '()V' in 'kotlin/jvm/internal/Intrinsics')}
  0x00000235a8472b28: 488b d048 | be68 5d6c | c435 0200 | 0048 8386 | d800 0000 | 0148 8bd0 | 4889 8424 | a001 0000 
  0x00000235a8472b48: 0f1f 8000 

  0x00000235a8472b4c: ;   {optimized virtual_call}
  0x00000235a8472b4c: 0000 00e8 

  0x00000235a8472b50: ; ImmutableOopMap {[232]=Oop [408]=Oop [416]=Oop }
                      ;*invokespecial <init> {reexecute=0 rethrow=0 return_oop=0}
                      ; - kotlin.jvm.internal.Intrinsics::throwJavaNpe@4 (line 45)
                      ; - kotlin.jvm.internal.Intrinsics::checkNotNull@4 (line 25)
                      ; - org.jetbrains.skiko.context.Direct3DContextHandler::initCanvas@191 (line 67)
  0x00000235a8472b50: 8cc2 4906 

  0x00000235a8472b54: ;   {post_call_nop}
  0x00000235a8472b54: 0f1f 8400 | cc35 0019 

  0x00000235a8472b5c: ;   {metadata(method data for {method} {0x00000235c4413288} 'throwJavaNpe' '()V' in 'kotlin/jvm/internal/Intrinsics')}
  0x00000235a8472b5c: 48ba 685d | 6cc4 3502 | 0000 4883 | 82e8 0000 

  0x00000235a8472b6c: ;   {metadata(method data for {method} {0x00000235c44181d8} 'sanitizeStackTrace' '(Ljava/lang/Throwable;)Ljava/lang/Throwable;' in 'kotlin/jvm/internal/Intrinsics')}
  0x00000235a8472b6c: 0001 48ba | 20b8 67c4 | 3502 0000 | 8bb2 9000 | 0000 83c6 | 0289 b290 | 0000 0081 | e6fe ff1f 
  0x00000235a8472b8c: 0085 f60f | 845b 1300 

  0x00000235a8472b94: ;   {oop(a 'java/lang/Class'{0x00000006040022d8} = 'kotlin/jvm/internal/Intrinsics')}
  0x00000235a8472b94: 0048 bad8 | 2200 0406 | 0000 0048 

  0x00000235a8472ba0: ;   {metadata(method data for {method} {0x00000235c44181d8} 'sanitizeStackTrace' '(Ljava/lang/Throwable;)Ljava/lang/Throwable;' in 'kotlin/jvm/internal/Intrinsics')}
  0x00000235a8472ba0: 8bf2 48bf | 20b8 67c4 | 3502 0000 | 8b76 0841 | ba00 0000 | 3d49 03f2 | 483b b7e0 | 0000 0075 
  0x00000235a8472bc0: 0d48 8387 | e800 0000 | 01e9 6000 | 0000 483b | b7f0 0000 | 0075 0d48 | 8387 f800 | 0000 01e9 
  0x00000235a8472be0: 4a00 0000 | 4883 bfe0 | 0000 0000 | 7517 4889 | b7e0 0000 | 0048 c787 | e800 0000 | 0100 0000 
  0x00000235a8472c00: e929 0000 | 0048 83bf | f000 0000 | 0075 1748 | 89b7 f000 | 0000 48c7 | 87f8 0000 | 0001 0000 
  0x00000235a8472c20: 00e9 0800 | 0000 4883 | 87d8 0000 

  0x00000235a8472c2c: ;   {metadata(method data for {method} {0x000000003d196ac8} 'getName' '()Ljava/lang/String;' in 'java/lang/Class')}
  0x00000235a8472c2c: 0001 48be | 883c 0ec4 | 3502 0000 | 8bbe 9000 | 0000 83c7 | 0289 be90 | 0000 0081 | e7fe ff1f 
  0x00000235a8472c4c: 0085 ff0f | 84bc 1200 | 008b 5230 | 48c1 e203 

  0x00000235a8472c5c: ;   {metadata(method data for {method} {0x000000003d196ac8} 'getName' '()Ljava/lang/String;' in 'java/lang/Class')}
  0x00000235a8472c5c: 4885 d248 | be88 3c0e | c435 0200 | 00bf d800 | 0000 7405 | bfe8 0000 | 0048 8b1c | 3e48 8d5b 
  0x00000235a8472c7c: 0148 891c | 3e0f 8418 

  0x00000235a8472c84: ;   {metadata(method data for {method} {0x000000003d196ac8} 'getName' '()Ljava/lang/String;' in 'java/lang/Class')}
  0x00000235a8472c84: 0000 0048 | be88 3c0e | c435 0200 | 00ff 86f8 | 0000 0048 | 8bf2 e930 

  0x00000235a8472c9c: ;   {oop(a 'java/lang/Class'{0x00000006040022d8} = 'kotlin/jvm/internal/Intrinsics')}
  0x00000235a8472c9c: 0000 0048 | bad8 2200 | 0406 0000 | 0048 8bf2 

  0x00000235a8472cac: ;   {metadata(method data for {method} {0x000000003d196ac8} 'getName' '()Ljava/lang/String;' in 'java/lang/Class')}
  0x00000235a8472cac: 48bf 883c | 0ec4 3502 | 0000 4883 | 8710 0100 

  0x00000235a8472cbc: ;   {optimized virtual_call}
  0x00000235a8472cbc: 0001 90e8 

  0x00000235a8472cc0: ; ImmutableOopMap {[232]=Oop [408]=Oop [416]=Oop }
                      ;*invokevirtual initClassName {reexecute=0 rethrow=0 return_oop=0}
                      ; - java.lang.Class::getName@14 (line 951)
                      ; - kotlin.jvm.internal.Intrinsics::sanitizeStackTrace@3 (line 253)
                      ; - kotlin.jvm.internal.Intrinsics::throwJavaNpe@7 (line 45)
                      ; - kotlin.jvm.internal.Intrinsics::checkNotNull@4 (line 25)
                      ; - org.jetbrains.skiko.context.Direct3DContextHandler::initCanvas@191 (line 67)
  0x00000235a8472cc0: 1cc1 4906 

  0x00000235a8472cc4: ;   {post_call_nop}
  0x00000235a8472cc4: 0f1f 8400 | 3c37 001a | 488b f048 | 8b84 24a0 | 0100 00e9 | 9601 0000 

  0x00000235a8472cdc: ; implicit exception: dispatches to 0x00000235a8473f32
  0x00000235a8472cdc: 483b 0348 

  0x00000235a8472ce0: ;   {metadata(method data for {method} {0x00000235c5fa6210} 'initCanvas' '(Lorg/jetbrains/skiko/LayerDrawScope;)V' in 'org/jetbrains/skiko/context/Direct3DContextHandler')}
  0x00000235a8472ce0: 8bf3 48bf | 8878 70c7 | 3502 0000 | 8b76 0841 | ba00 0000 | 3d49 03f2 | 483b b730 | 0500 0075 
  0x00000235a8472d00: 0d48 8387 | 3805 0000 | 01e9 6000 | 0000 483b | b740 0500 | 0075 0d48 | 8387 4805 | 0000 01e9 
  0x00000235a8472d20: 4a00 0000 | 4883 bf30 | 0500 0000 | 7517 4889 | b730 0500 | 0048 c787 | 3805 0000 | 0100 0000 
  0x00000235a8472d40: e929 0000 | 0048 83bf | 4005 0000 | 0075 1748 | 89b7 4005 | 0000 48c7 | 8748 0500 | 0001 0000 
  0x00000235a8472d60: 00e9 0800 | 0000 4883 | 8728 0500 | 0001 488b | d366 0f1f 

  0x00000235a8472d74: ;   {optimized virtual_call}
  0x00000235a8472d74: 4400 00e8 

  0x00000235a8472d78: ; ImmutableOopMap {[232]=Oop }
                      ;*invokevirtual getCanvas {reexecute=0 rethrow=0 return_oop=0}
                      ; - org.jetbrains.skiko.context.Direct3DContextHandler::initCanvas@194 (line 67)
  0x00000235a8472d78: 24d3 edff 

  0x00000235a8472d7c: ;   {post_call_nop}
  0x00000235a8472d7c: 0f1f 8400 | f437 001b | 488b 9424 | e800 0000 

  0x00000235a8472d8c: ;   {metadata(method data for {method} {0x00000235c5fa6210} 'initCanvas' '(Lorg/jetbrains/skiko/LayerDrawScope;)V' in 'org/jetbrains/skiko/context/Direct3DContextHandler')}
  0x00000235a8472d8c: 49b8 8878 | 70c7 3502 | 0000 8b52 | 0841 ba00 | 0000 3d49 | 03d2 493b | 9060 0500 | 0075 0d49 
  0x00000235a8472dac: 8380 6805 | 0000 01e9 | 6000 0000 | 493b 9070 | 0500 0075 | 0d49 8380 | 7805 0000 | 01e9 4a00 
  0x00000235a8472dcc: 0000 4983 | b860 0500 | 0000 7517 | 4989 9060 | 0500 0049 | c780 6805 | 0000 0100 | 0000 e929 
  0x00000235a8472dec: 0000 0049 | 83b8 7005 | 0000 0075 | 1749 8990 | 7005 0000 | 49c7 8078 | 0500 0001 | 0000 00e9 
  0x00000235a8472e0c: 0800 0000 | 4983 8058 | 0500 0001 | 410f be57 | 4885 d248 | 8b94 24e8 | 0000 000f | 850a 1100 
  0x00000235a8472e2c: 004c 8bd0 | 49c1 ea03 | 4489 5220 | 4c8b c24c | 33c0 49c1 | e816 4983 | f800 0f85 | 0b11 0000 
  0x00000235a8472e4c: 4881 c4b0 | 0100 005d 

  0x00000235a8472e54: ;   {poll_return}
  0x00000235a8472e54: 493b 6728 | 0f87 1111 | 0000 c348 | 81c4 b001 

  0x00000235a8472e64: ;   {poll_return}
  0x00000235a8472e64: 0000 5d49 | 3b67 280f | 8714 1100 

  0x00000235a8472e70: ;   {metadata(method data for {method} {0x00000235c44181d8} 'sanitizeStackTrace' '(Ljava/lang/Throwable;)Ljava/lang/Throwable;' in 'kotlin/jvm/internal/Intrinsics')}
  0x00000235a8472e70: 00c3 49b8 | 20b8 67c4 | 3502 0000 | 4983 8008 | 0100 0001 | 488b d04c | 8bc6 0f1f 

  0x00000235a8472e8c: ;   {static_call}
  0x00000235a8472e8c: 4400 00e8 

  0x00000235a8472e90: ; ImmutableOopMap {[232]=Oop [408]=Oop }
                      ;*invokestatic sanitizeStackTrace {reexecute=0 rethrow=0 return_oop=0}
                      ; - kotlin.jvm.internal.Intrinsics::sanitizeStackTrace@6 (line 253)
                      ; - kotlin.jvm.internal.Intrinsics::throwJavaNpe@7 (line 45)
                      ; - kotlin.jvm.internal.Intrinsics::checkNotNull@4 (line 25)
                      ; - org.jetbrains.skiko.context.Direct3DContextHandler::initCanvas@191 (line 67)
  0x00000235a8472e90: 4cc5 4906 

  0x00000235a8472e94: ;   {post_call_nop}
  0x00000235a8472e94: 0f1f 8400 | 0c39 001c | 488b 9c24 | 9801 0000 

  0x00000235a8472ea4: ;   {metadata(method data for {method} {0x00000235c4413288} 'throwJavaNpe' '()V' in 'kotlin/jvm/internal/Intrinsics')}
  0x00000235a8472ea4: 4885 c049 | b868 5d6c | c435 0200 | 0075 0d41 | 8088 f100 | 0000 01e9 | a800 0000 | 8b70 0841 
  0x00000235a8472ec4: ba00 0000 | 3d49 03f2 | 493b b000 | 0100 0075 | 0d49 8380 | 0801 0000 | 01e9 6000 | 0000 493b 
  0x00000235a8472ee4: b010 0100 | 0075 0d49 | 8380 1801 | 0000 01e9 | 4a00 0000 | 4983 b800 | 0100 0000 | 7517 4989 
  0x00000235a8472f04: b000 0100 | 0049 c780 | 0801 0000 | 0100 0000 | e929 0000 | 0049 83b8 | 1001 0000 | 0075 1749 
  0x00000235a8472f24: 89b0 1001 | 0000 49c7 | 8018 0100 | 0001 0000 | 00e9 0800 | 0000 4983 | 80f8 0000 

  0x00000235a8472f40: ;   {metadata('java/lang/NullPointerException')}
  0x00000235a8472f40: 0001 48be | e8f2 1d3d | 0000 0000 | 448b 4008 | 41ba 0000 | 003d 4d03 | c249 3b70 | 500f 8538 
  0x00000235a8472f60: 1000 00e9 | 0000 0000 

  0x00000235a8472f68: ; implicit exception: dispatches to 0x00000235a8473fa4
  0x00000235a8472f68: 483b 00e9 | cb10 0000 

  0x00000235a8472f70: ;   {metadata(method data for {method} {0x00000235c44181d8} 'sanitizeStackTrace' '(Ljava/lang/Throwable;)Ljava/lang/Throwable;' in 'kotlin/jvm/internal/Intrinsics')}
  0x00000235a8472f70: 48ba 20b8 | 67c4 3502 | 0000 4883 | 8208 0100 | 0001 488b | d04c 8bc6 | 0f1f 8000 

  0x00000235a8472f8c: ;   {static_call}
  0x00000235a8472f8c: 0000 00e8 

  0x00000235a8472f90: ; ImmutableOopMap {[232]=Oop [376]=Oop [384]=Oop }
                      ;*invokestatic sanitizeStackTrace {reexecute=0 rethrow=0 return_oop=0}
                      ; - kotlin.jvm.internal.Intrinsics::sanitizeStackTrace@6 (line 253)
                      ; - kotlin.jvm.internal.Intrinsics::throwJavaNpe@7 (line 45)
                      ; - kotlin.jvm.internal.Intrinsics::checkNotNull@4 (line 25)
                      ; - org.jetbrains.skiko.context.Direct3DContextHandler::getDirectXRedrawer@8 (line 18)
                      ; - org.jetbrains.skiko.context.Direct3DContextHandler::initCanvas@175 (line 66)
  0x00000235a8472f90: 4cc4 4906 

  0x00000235a8472f94: ;   {post_call_nop}
  0x00000235a8472f94: 0f1f 8400 | 0c3a 001d | 4c8b 8424 | 7801 0000 | 488b 9c24 | 8001 0000 

  0x00000235a8472fac: ;   {metadata(method data for {method} {0x00000235c4413288} 'throwJavaNpe' '()V' in 'kotlin/jvm/internal/Intrinsics')}
  0x00000235a8472fac: 4885 c048 | be68 5d6c | c435 0200 | 0075 0c80 | 8ef1 0000 | 0001 e9a7 | 0000 008b | 7808 41ba 
  0x00000235a8472fcc: 0000 003d | 4903 fa48 | 3bbe 0001 | 0000 750d | 4883 8608 | 0100 0001 | e960 0000 | 0048 3bbe 
  0x00000235a8472fec: 1001 0000 | 750d 4883 | 8618 0100 | 0001 e94a | 0000 0048 | 83be 0001 | 0000 0075 | 1748 89be 
  0x00000235a847300c: 0001 0000 | 48c7 8608 | 0100 0001 | 0000 00e9 | 2900 0000 | 4883 be10 | 0100 0000 | 7517 4889 
  0x00000235a847302c: be10 0100 | 0048 c786 | 1801 0000 | 0100 0000 | e908 0000 | 0048 8386 | f800 0000 

  0x00000235a8473048: ;   {metadata('java/lang/NullPointerException')}
  0x00000235a8473048: 0148 bfe8 | f21d 3d00 | 0000 008b | 7008 41ba | 0000 003d | 4903 f248 | 3b7e 500f | 8540 0f00 
  0x00000235a8473068: 00e9 0000 | 0000 483b | 00e9 c50f 

  0x00000235a8473074: ;   {metadata(method data for {method} {0x00000235c44181d8} 'sanitizeStackTrace' '(Ljava/lang/Throwable;)Ljava/lang/Throwable;' in 'kotlin/jvm/internal/Intrinsics')}
  0x00000235a8473074: 0000 48ba | 20b8 67c4 | 3502 0000 | 4883 8208 | 0100 0001 | 488b d04c 

  0x00000235a847308c: ;   {static_call}
  0x00000235a847308c: 8bc6 90e8 

  0x00000235a8473090: ; ImmutableOopMap {[232]=Oop [352]=Oop }
                      ;*invokestatic sanitizeStackTrace {reexecute=0 rethrow=0 return_oop=0}
                      ; - kotlin.jvm.internal.Intrinsics::sanitizeStackTrace@6 (line 253)
                      ; - kotlin.jvm.internal.Intrinsics::throwJavaNpe@7 (line 45)
                      ; - kotlin.jvm.internal.Intrinsics::checkNotNull@4 (line 25)
                      ; - org.jetbrains.skiko.context.Direct3DContextHandler::getDirectXRedrawer@8 (line 18)
                      ; - org.jetbrains.skiko.context.Direct3DContextHandler::initCanvas@163 (line 63)
  0x00000235a8473090: 4cc3 4906 

  0x00000235a8473094: ;   {post_call_nop}
  0x00000235a8473094: 0f1f 8400 | 0c3b 001e | 488b 9c24 | 6001 0000 

  0x00000235a84730a4: ;   {metadata(method data for {method} {0x00000235c4413288} 'throwJavaNpe' '()V' in 'kotlin/jvm/internal/Intrinsics')}
  0x00000235a84730a4: 4885 c049 | b868 5d6c | c435 0200 | 0075 0d41 | 8088 f100 | 0000 01e9 | a800 0000 | 8b70 0841 
  0x00000235a84730c4: ba00 0000 | 3d49 03f2 | 493b b000 | 0100 0075 | 0d49 8380 | 0801 0000 | 01e9 6000 | 0000 493b 
  0x00000235a84730e4: b010 0100 | 0075 0d49 | 8380 1801 | 0000 01e9 | 4a00 0000 | 4983 b800 | 0100 0000 | 7517 4989 
  0x00000235a8473104: b000 0100 | 0049 c780 | 0801 0000 | 0100 0000 | e929 0000 | 0049 83b8 | 1001 0000 | 0075 1749 
  0x00000235a8473124: 89b0 1001 | 0000 49c7 | 8018 0100 | 0001 0000 | 00e9 0800 | 0000 4983 | 80f8 0000 

  0x00000235a8473140: ;   {metadata('java/lang/NullPointerException')}
  0x00000235a8473140: 0001 48be | e8f2 1d3d | 0000 0000 | 448b 4008 | 41ba 0000 | 003d 4d03 | c249 3b70 | 500f 8554 
  0x00000235a8473160: 0e00 00e9 | 0000 0000 

  0x00000235a8473168: ; implicit exception: dispatches to 0x00000235a8473fc0
  0x00000235a8473168: 483b 00e9 | cb0e 0000 

  0x00000235a8473170: ;   {metadata(method data for {method} {0x00000235c44181d8} 'sanitizeStackTrace' '(Ljava/lang/Throwable;)Ljava/lang/Throwable;' in 'kotlin/jvm/internal/Intrinsics')}
  0x00000235a8473170: 48ba 20b8 | 67c4 3502 | 0000 4883 | 8208 0100 | 0001 488b | d04c 8bc6 | 0f1f 8000 

  0x00000235a847318c: ;   {static_call}
  0x00000235a847318c: 0000 00e8 

  0x00000235a8473190: ; ImmutableOopMap {[232]=Oop [248]=Oop [288]=Oop [312]=Oop [344]=Oop }
                      ;*invokestatic sanitizeStackTrace {reexecute=0 rethrow=0 return_oop=0}
                      ; - kotlin.jvm.internal.Intrinsics::sanitizeStackTrace@6 (line 253)
                      ; - kotlin.jvm.internal.Intrinsics::throwJavaNpe@7 (line 45)
                      ; - kotlin.jvm.internal.Intrinsics::checkNotNull@4 (line 25)
                      ; - org.jetbrains.skiko.context.Direct3DContextHandler::getDirectXRedrawer@8 (line 18)
                      ; - org.jetbrains.skiko.context.Direct3DContextHandler::initCanvas@114 (line 50)
  0x00000235a8473190: 4cc2 4906 

  0x00000235a8473194: ;   {post_call_nop}
  0x00000235a8473194: 0f1f 8400 | 0c3c 001f | 4c8b 8424 | 5801 0000 | 4c8b b424 | 3801 0000 | 448b 9c24 | 3401 0000 
  0x00000235a84731b4: 8b9c 2448 | 0100 0048 

  0x00000235a84731bc: ;   {metadata(method data for {method} {0x00000235c4413288} 'throwJavaNpe' '()V' in 'kotlin/jvm/internal/Intrinsics')}
  0x00000235a84731bc: 85c0 48be | 685d 6cc4 | 3502 0000 | 750c 808e | f100 0000 | 01e9 a700 | 0000 8b78 | 0841 ba00 
  0x00000235a84731dc: 0000 3d49 | 03fa 483b | be00 0100 | 0075 0d48 | 8386 0801 | 0000 01e9 | 6000 0000 | 483b be10 
  0x00000235a84731fc: 0100 0075 | 0d48 8386 | 1801 0000 | 01e9 4a00 | 0000 4883 | be00 0100 | 0000 7517 | 4889 be00 
  0x00000235a847321c: 0100 0048 | c786 0801 | 0000 0100 | 0000 e929 | 0000 0048 | 83be 1001 | 0000 0075 | 1748 89be 
  0x00000235a847323c: 1001 0000 | 48c7 8618 | 0100 0001 | 0000 00e9 | 0800 0000 | 4883 86f8 | 0000 0001 

  0x00000235a8473258: ;   {metadata('java/lang/NullPointerException')}
  0x00000235a8473258: 48bf e8f2 | 1d3d 0000 | 0000 8b70 | 0841 ba00 | 0000 3d49 | 03f2 483b | 7e50 0f85 | 4d0d 0000 
  0x00000235a8473278: e900 0000 

  0x00000235a847327c: ; ImmutableOopMap {r8=Oop r14=Oop rax=Oop [232]=Oop [248]=Oop [288]=Oop [312]=Oop }
                      ;*athrow {reexecute=1 rethrow=0 return_oop=0}
                      ; - (reexecute) kotlin.jvm.internal.Intrinsics::throwJavaNpe@13 (line 45)
                      ; - kotlin.jvm.internal.Intrinsics::checkNotNull@4 (line 25)
                      ; - org.jetbrains.skiko.context.Direct3DContextHandler::getDirectXRedrawer@8 (line 18)
                      ; - org.jetbrains.skiko.context.Direct3DContextHandler::initCanvas@114 (line 50)
  0x00000235a847327c: 0048 3b00 

  0x00000235a8473280: ;   {section_word}
  0x00000235a8473280: 48ba 8032 | 47a8 3502 

  0x00000235a8473288: ;   {runtime_call C1 Runtime handle_exception_nofpu_blob}
  0x00000235a8473288: 0000 e8d1 | a256 0690 

  0x00000235a8473290: ;   {metadata(method data for {method} {0x00000235c44181d8} 'sanitizeStackTrace' '(Ljava/lang/Throwable;)Ljava/lang/Throwable;' in 'kotlin/jvm/internal/Intrinsics')}
  0x00000235a8473290: 48ba 20b8 | 67c4 3502 | 0000 4883 | 8208 0100 | 0001 488b | d04c 8bc6 | 0f1f 8000 

  0x00000235a84732ac: ;   {static_call}
  0x00000235a84732ac: 0000 00e8 

  0x00000235a84732b0: ; ImmutableOopMap {[232]=Oop [248]=Oop [288]=Oop [296]=Oop }
                      ;*invokestatic sanitizeStackTrace {reexecute=0 rethrow=0 return_oop=0}
                      ; - kotlin.jvm.internal.Intrinsics::sanitizeStackTrace@6 (line 253)
                      ; - kotlin.jvm.internal.Intrinsics::throwParameterIsNullNPE@11 (line 140)
                      ; - kotlin.jvm.internal.Intrinsics::checkNotNullParameter@5 (line 131)
                      ; - org.jetbrains.skia.SurfaceProps::<init>@3
                      ; - org.jetbrains.skia.SurfaceProps::<init>@21 (line 3)
                      ; - org.jetbrains.skiko.context.Direct3DContextHandler::initCanvas@86 (line 48)
  0x00000235a84732b0: 2cc1 4906 

  0x00000235a84732b4: ;   {post_call_nop}
  0x00000235a84732b4: 0f1f 8400 | 2c3d 0021 | 4c8b 8424 | 2801 0000 | 488b bc24 | 2001 0000 | 8bb4 2430 | 0100 0048 
  0x00000235a84732d4: ;   {metadata(method data for {method} {0x00000235c4417178} 'throwParameterIsNullNPE' '(Ljava/lang/String;)V' in 'kotlin/jvm/internal/Intrinsics')}
  0x00000235a84732d4: 85c0 48bb | 30b2 67c4 | 3502 0000 | 750c 808b | 0101 0000 | 01e9 a700 | 0000 8b48 | 0841 ba00 
  0x00000235a84732f4: 0000 3d49 | 03ca 483b | 8b10 0100 | 0075 0d48 | 8383 1801 | 0000 01e9 | 6000 0000 | 483b 8b20 
  0x00000235a8473314: 0100 0075 | 0d48 8383 | 2801 0000 | 01e9 4a00 | 0000 4883 | bb10 0100 | 0000 7517 | 4889 8b10 
  0x00000235a8473334: 0100 0048 | c783 1801 | 0000 0100 | 0000 e929 | 0000 0048 | 83bb 2001 | 0000 0075 | 1748 898b 
  0x00000235a8473354: 2001 0000 | 48c7 8328 | 0100 0001 | 0000 00e9 | 0800 0000 | 4883 8308 | 0100 0001 

  0x00000235a8473370: ;   {metadata('java/lang/NullPointerException')}
  0x00000235a8473370: 48b9 e8f2 | 1d3d 0000 | 0000 8b58 | 0841 ba00 | 0000 3d49 | 03da 483b | 4b50 0f85 | 430c 0000 
  0x00000235a8473390: e900 0000 

  0x00000235a8473394: ; ImmutableOopMap {r8=Oop rdi=Oop rax=Oop [232]=Oop [248]=Oop [288]=Oop [296]=Oop }
                      ;*athrow {reexecute=1 rethrow=0 return_oop=0}
                      ; - (reexecute) kotlin.jvm.internal.Intrinsics::throwParameterIsNullNPE@17 (line 140)
                      ; - kotlin.jvm.internal.Intrinsics::checkNotNullParameter@5 (line 131)
                      ; - org.jetbrains.skia.SurfaceProps::<init>@3
                      ; - org.jetbrains.skia.SurfaceProps::<init>@21 (line 3)
                      ; - org.jetbrains.skiko.context.Direct3DContextHandler::initCanvas@86 (line 48)
  0x00000235a8473394: 0048 3b00 

  0x00000235a8473398: ;   {section_word}
  0x00000235a8473398: 48ba 9833 | 47a8 3502 

  0x00000235a84733a0: ;   {runtime_call C1 Runtime handle_exception_nofpu_blob}
  0x00000235a84733a0: 0000 e8b9 | a156 0690 

  0x00000235a84733a8: ;   {metadata(method data for {method} {0x00000235c44181d8} 'sanitizeStackTrace' '(Ljava/lang/Throwable;)Ljava/lang/Throwable;' in 'kotlin/jvm/internal/Intrinsics')}
  0x00000235a84733a8: 48ba 20b8 | 67c4 3502 | 0000 4883 | 8208 0100 | 0001 488b | d04c 8bc6 | 0f1f 8000 

  0x00000235a84733c4: ;   {static_call}
  0x00000235a84733c4: 0000 00e8 

  0x00000235a84733c8: ; ImmutableOopMap {[232]=Oop [240]=Oop [248]=Oop [264]=Oop }
                      ;*invokestatic sanitizeStackTrace {reexecute=0 rethrow=0 return_oop=0}
                      ; - kotlin.jvm.internal.Intrinsics::sanitizeStackTrace@6 (line 253)
                      ; - kotlin.jvm.internal.Intrinsics::throwJavaNpe@7 (line 45)
                      ; - kotlin.jvm.internal.Intrinsics::checkNotNull@4 (line 25)
                      ; - org.jetbrains.skiko.context.Direct3DContextHandler::getDirectXRedrawer@8 (line 18)
                      ; - org.jetbrains.skiko.context.Direct3DContextHandler::initCanvas@63 (line 46)
  0x00000235a84733c8: 14c0 4906 

  0x00000235a84733cc: ;   {post_call_nop}
  0x00000235a84733cc: 0f1f 8400 | 443e 0023 | 488b 9c24 | 0801 0000 | 8b94 2404 | 0100 008b | bc24 0001 | 0000 488b 
  0x00000235a84733ec: b424 f800 | 0000 4885 

  0x00000235a84733f4: ;   {metadata(method data for {method} {0x00000235c4413288} 'throwJavaNpe' '()V' in 'kotlin/jvm/internal/Intrinsics')}
  0x00000235a84733f4: c048 b968 | 5d6c c435 | 0200 0075 | 0c80 89f1 | 0000 0001 | e9a8 0000 | 0044 8b48 | 0841 ba00 
  0x00000235a8473414: 0000 3d4d | 03ca 4c3b | 8900 0100 | 0075 0d48 | 8381 0801 | 0000 01e9 | 6000 0000 | 4c3b 8910 
  0x00000235a8473434: 0100 0075 | 0d48 8381 | 1801 0000 | 01e9 4a00 | 0000 4883 | b900 0100 | 0000 7517 | 4c89 8900 
  0x00000235a8473454: 0100 0048 | c781 0801 | 0000 0100 | 0000 e929 | 0000 0048 | 83b9 1001 | 0000 0075 | 174c 8989 
  0x00000235a8473474: 1001 0000 | 48c7 8118 | 0100 0001 | 0000 00e9 | 0800 0000 | 4883 81f8 | 0000 0001 

  0x00000235a8473490: ;   {metadata('java/lang/NullPointerException')}
  0x00000235a8473490: 49b9 e8f2 | 1d3d 0000 | 0000 8b48 | 0841 ba00 | 0000 3d49 | 03ca 4c3b | 4950 0f85 | 310b 0000 
  0x00000235a84734b0: e900 0000 | 0048 3b00 | e97e 0b00 

  0x00000235a84734bc: ;   {metadata(method data for {method} {0x00000235c44181d8} 'sanitizeStackTrace' '(Ljava/lang/Throwable;)Ljava/lang/Throwable;' in 'kotlin/jvm/internal/Intrinsics')}
  0x00000235a84734bc: 0048 ba20 | b867 c435 | 0200 0048 | 8382 0801 | 0000 0148 | 8bd0 4c8b 

  0x00000235a84734d4: ;   {static_call}
  0x00000235a84734d4: c666 90e8 

  0x00000235a84734d8: ; ImmutableOopMap {[232]=Oop [240]=Oop }
                      ;*invokestatic sanitizeStackTrace {reexecute=0 rethrow=0 return_oop=0}
                      ; - kotlin.jvm.internal.Intrinsics::sanitizeStackTrace@6 (line 253)
                      ; - kotlin.jvm.internal.Intrinsics::throwParameterIsNullNPE@11 (line 140)
                      ; - kotlin.jvm.internal.Intrinsics::checkNotNullParameter@5 (line 131)
                      ; - org.jetbrains.skiko.context.Direct3DContextHandler::initCanvas@3
  0x00000235a84734d8: 04bf 4906 

  0x00000235a84734dc: ;   {post_call_nop}
  0x00000235a84734dc: 0f1f 8400 | 543f 0024 | 4c8b 8424 | f000 0000 | 488b 9424 | e800 0000 

  0x00000235a84734f4: ;   {metadata(method data for {method} {0x00000235c4417178} 'throwParameterIsNullNPE' '(Ljava/lang/String;)V' in 'kotlin/jvm/internal/Intrinsics')}
  0x00000235a84734f4: 4885 c048 | bf30 b267 | c435 0200 | 0075 0c80 | 8f01 0100 | 0001 e9a7 | 0000 008b | 5808 41ba 
  0x00000235a8473514: 0000 003d | 4903 da48 | 3b9f 1001 | 0000 750d | 4883 8718 | 0100 0001 | e960 0000 | 0048 3b9f 
  0x00000235a8473534: 2001 0000 | 750d 4883 | 8728 0100 | 0001 e94a | 0000 0048 | 83bf 1001 | 0000 0075 | 1748 899f 
  0x00000235a8473554: 1001 0000 | 48c7 8718 | 0100 0001 | 0000 00e9 | 2900 0000 | 4883 bf20 | 0100 0000 | 7517 4889 
  0x00000235a8473574: 9f20 0100 | 0048 c787 | 2801 0000 | 0100 0000 | e908 0000 | 0048 8387 | 0801 0000 

  0x00000235a8473590: ;   {metadata('java/lang/NullPointerException')}
  0x00000235a8473590: 0148 bbe8 | f21d 3d00 | 0000 008b | 7808 41ba | 0000 003d | 4903 fa48 | 3b5f 500f | 853e 0a00 
  0x00000235a84735b0: 00e9 0000 | 0000 483b | 00e9 7d0a | 0000 498b | 8788 0500 | 004d 33d2 | 4d89 9788 | 0500 004d 
  0x00000235a84735d0: 33d2 4d89 | 9790 0500 

  0x00000235a84735d8: ;   {metadata(method data for {method} {0x00000235c5fa6210} 'initCanvas' '(Lorg/jetbrains/skiko/LayerDrawScope;)V' in 'org/jetbrains/skiko/context/Direct3DContextHandler')}
  0x00000235a84735d8: 0048 be88 | 7870 c735 | 0200 0048 | 8386 0804 

  0x00000235a84735e8: ;   {metadata(method data for {method} {0x000000003d1b69f8} 'reachabilityFence' '(Ljava/lang/Object;)V' in 'java/lang/ref/Reference')}
  0x00000235a84735e8: 0000 0148 | be78 b507 | c435 0200 | 008b be90 | 0000 0083 | c702 89be | 9000 0000 | 81e7 feff 
  0x00000235a8473608: 1f00 85ff | 0f84 eb09 | 0000 e924 

  0x00000235a8473614: ;   {metadata({method} {0x00000235c5fa6210} 'initCanvas' '(Lorg/jetbrains/skiko/LayerDrawScope;)V' in 'org/jetbrains/skiko/context/Direct3DContextHandler')}
  0x00000235a8473614: 0a00 0049 | ba08 62fa | c535 0200 | 004c 8954 | 2408 48c7 | 0424 ffff 

  0x00000235a847362c: ;   {runtime_call C1 Runtime counter_overflow_blob}
  0x00000235a847362c: ffff e8ad 

  0x00000235a8473630: ; ImmutableOopMap {rdx=Oop r8=Oop [232]=Oop [240]=Oop }
                      ;*synchronization entry
                      ; - org.jetbrains.skiko.context.Direct3DContextHandler::initCanvas@-1
  0x00000235a8473630: de56 06e9 | bec0 ffff 

  0x00000235a8473638: ;   {metadata({method} {0x00000235c4417008} 'checkNotNullParameter' '(Ljava/lang/Object;Ljava/lang/String;)V' in 'kotlin/jvm/internal/Intrinsics')}
  0x00000235a8473638: 49ba 0070 | 41c4 3502 | 0000 4c89 | 5424 0848 | c704 24ff 

  0x00000235a847364c: ;   {runtime_call C1 Runtime counter_overflow_blob}
  0x00000235a847364c: ffff ffe8 

  0x00000235a8473650: ; ImmutableOopMap {rdx=Oop r8=Oop [232]=Oop [240]=Oop }
                      ;*synchronization entry
                      ; - kotlin.jvm.internal.Intrinsics::checkNotNullParameter@-1 (line 130)
                      ; - org.jetbrains.skiko.context.Direct3DContextHandler::initCanvas@3
  0x00000235a8473650: 8cde 5606 | e9d6 c0ff 

  0x00000235a8473658: ;   {metadata({method} {0x00000235c4417178} 'throwParameterIsNullNPE' '(Ljava/lang/String;)V' in 'kotlin/jvm/internal/Intrinsics')}
  0x00000235a8473658: ff49 ba70 | 7141 c435 | 0200 004c | 8954 2408 | 48c7 0424 | ffff ffff 

  0x00000235a8473670: ;   {runtime_call C1 Runtime counter_overflow_blob}
  0x00000235a8473670: e86b de56 

  0x00000235a8473674: ; ImmutableOopMap {[232]=Oop [240]=Oop }
                      ;*synchronization entry
                      ; - kotlin.jvm.internal.Intrinsics::throwParameterIsNullNPE@-1 (line 140)
                      ; - kotlin.jvm.internal.Intrinsics::checkNotNullParameter@5 (line 131)
                      ; - org.jetbrains.skiko.context.Direct3DContextHandler::initCanvas@3
  0x00000235a8473674: 06e9 19c1 

  0x00000235a8473678: ;   {metadata(nullptr)}
  0x00000235a8473678: ffff 48ba | 0000 0000 | 0000 0000 | b800 0f05 

  0x00000235a8473688: ;   {runtime_call C1 Runtime load_klass_patching_blob}
  0x00000235a8473688: 0ae8 52ca 

  0x00000235a847368c: ; ImmutableOopMap {[232]=Oop [240]=Oop }
                      ;*new {reexecute=1 rethrow=0 return_oop=0}
                      ; - (reexecute) kotlin.jvm.internal.Intrinsics::throwParameterIsNullNPE@0 (line 140)
                      ; - kotlin.jvm.internal.Intrinsics::checkNotNullParameter@5 (line 131)
                      ; - org.jetbrains.skiko.context.Direct3DContextHandler::initCanvas@3
  0x00000235a847368c: 5606 e905 | c1ff ff48 

  0x00000235a8473694: ;   {runtime_call C1 Runtime fast_new_instance_blob}
  0x00000235a8473694: 8bd2 e8c5 

  0x00000235a8473698: ; ImmutableOopMap {[232]=Oop [240]=Oop }
                      ;*new {reexecute=0 rethrow=0 return_oop=0}
                      ; - kotlin.jvm.internal.Intrinsics::throwParameterIsNullNPE@0 (line 140)
                      ; - kotlin.jvm.internal.Intrinsics::checkNotNullParameter@5 (line 131)
                      ; - org.jetbrains.skiko.context.Direct3DContextHandler::initCanvas@3
  0x00000235a8473698: 8f56 06e9 | 50c1 ffff 

  0x00000235a84736a0: ;   {metadata({method} {0x00000235c44181d8} 'sanitizeStackTrace' '(Ljava/lang/Throwable;)Ljava/lang/Throwable;' in 'kotlin/jvm/internal/Intrinsics')}
  0x00000235a84736a0: 49ba d081 | 41c4 3502 | 0000 4c89 | 5424 0848 | c704 24ff 

  0x00000235a84736b4: ;   {runtime_call C1 Runtime counter_overflow_blob}
  0x00000235a84736b4: ffff ffe8 

  0x00000235a84736b8: ; ImmutableOopMap {[224]=Oop [232]=Oop [240]=Oop }
                      ;*synchronization entry
                      ; - kotlin.jvm.internal.Intrinsics::sanitizeStackTrace@-1 (line 253)
                      ; - kotlin.jvm.internal.Intrinsics::throwParameterIsNullNPE@11 (line 140)
                      ; - kotlin.jvm.internal.Intrinsics::checkNotNullParameter@5 (line 131)
                      ; - org.jetbrains.skiko.context.Direct3DContextHandler::initCanvas@3
  0x00000235a84736b8: 24de 5606 | e9d4 c1ff 

  0x00000235a84736c0: ;   {metadata({method} {0x000000003d196ac8} 'getName' '()Ljava/lang/String;' in 'java/lang/Class')}
  0x00000235a84736c0: ff49 bac0 | 6a19 3d00 | 0000 004c | 8954 2408 | 48c7 0424 | ffff ffff 

  0x00000235a84736d8: ;   {runtime_call C1 Runtime counter_overflow_blob}
  0x00000235a84736d8: e803 de56 

  0x00000235a84736dc: ; ImmutableOopMap {rdx=Oop [224]=Oop [232]=Oop [240]=Oop }
                      ;*synchronization entry
                      ; - java.lang.Class::getName@-1 (line 950)
                      ; - kotlin.jvm.internal.Intrinsics::sanitizeStackTrace@3 (line 253)
                      ; - kotlin.jvm.internal.Intrinsics::throwParameterIsNullNPE@11 (line 140)
                      ; - kotlin.jvm.internal.Intrinsics::checkNotNullParameter@5 (line 131)
                      ; - org.jetbrains.skiko.context.Direct3DContextHandler::initCanvas@3
  0x00000235a84736dc: 06e9 73c2 

  0x00000235a84736e0: ;   {runtime_call C1 Runtime throw_null_pointer_exception_blob}
  0x00000235a84736e0: ffff e879 

  0x00000235a84736e4: ; ImmutableOopMap {rdx=Oop rsi=Oop r8=Oop [232]=Oop [240]=Oop [248]=Oop }
                      ;*invokevirtual getScaledLayerWidth {reexecute=0 rethrow=0 return_oop=0}
                      ; - org.jetbrains.skiko.context.Direct3DContextHandler::initCanvas@18 (line 39)
                      ;   {metadata({method} {0x00000235c45cf310} 'coerceAtLeast' '(II)I' in 'kotlin/ranges/RangesKt___RangesKt')}
  0x00000235a84736e4: 8656 0649 | ba08 f35c | c435 0200 | 004c 8954 | 2408 48c7 | 0424 ffff 

  0x00000235a84736fc: ;   {runtime_call C1 Runtime counter_overflow_blob}
  0x00000235a84736fc: ffff e8dd 

  0x00000235a8473700: ; ImmutableOopMap {rdx=Oop rsi=Oop r8=Oop [232]=Oop [240]=Oop [248]=Oop }
                      ;*synchronization entry
                      ; - kotlin.ranges.RangesKt___RangesKt::coerceAtLeast@-1 (line 1280)
                      ; - org.jetbrains.skiko.context.Direct3DContextHandler::initCanvas@22 (line 39)
  0x00000235a8473700: dd56 06e9 | 73c4 ffff 

  0x00000235a8473708: ;   {metadata({method} {0x00000235c45cf310} 'coerceAtLeast' '(II)I' in 'kotlin/ranges/RangesKt___RangesKt')}
  0x00000235a8473708: 49ba 08f3 | 5cc4 3502 | 0000 4c89 | 5424 0848 | c704 24ff 

  0x00000235a847371c: ;   {runtime_call C1 Runtime counter_overflow_blob}
  0x00000235a847371c: ffff ffe8 

  0x00000235a8473720: ; ImmutableOopMap {rdx=Oop rsi=Oop r8=Oop [232]=Oop [240]=Oop [248]=Oop }
                      ;*synchronization entry
                      ; - kotlin.ranges.RangesKt___RangesKt::coerceAtLeast@-1 (line 1280)
                      ; - org.jetbrains.skiko.context.Direct3DContextHandler::initCanvas@31 (line 40)
  0x00000235a8473720: bcdd 5606 | e95e c5ff 

  0x00000235a8473728: ;   {metadata({method} {0x00000235c5fa6008} 'isSizeChanged' '(II)Z' in 'org/jetbrains/skiko/context/Direct3DContextHandler')}
  0x00000235a8473728: ff49 ba00 | 60fa c535 | 0200 004c | 8954 2408 | 48c7 0424 | ffff ffff 

  0x00000235a8473740: ;   {runtime_call C1 Runtime counter_overflow_blob}
  0x00000235a8473740: e89b dd56 

  0x00000235a8473744: ; ImmutableOopMap {rdx=Oop rsi=Oop r8=Oop [232]=Oop [240]=Oop [248]=Oop }
                      ;*synchronization entry
                      ; - org.jetbrains.skiko.context.Direct3DContextHandler::isSizeChanged@-1 (line 25)
                      ; - org.jetbrains.skiko.context.Direct3DContextHandler::initCanvas@40 (line 42)
  0x00000235a8473744: 06e9 b9c5 

  0x00000235a8473748: ;   {runtime_call C1 Runtime throw_null_pointer_exception_blob}
  0x00000235a8473748: ffff e811 

  0x00000235a847374c: ; ImmutableOopMap {rsi=Oop [232]=Oop [240]=Oop [248]=Oop }
                      ;*invokevirtual flush {reexecute=0 rethrow=0 return_oop=0}
                      ; - org.jetbrains.skiko.context.Direct3DContextHandler::initCanvas@58 (line 44)
                      ;   {metadata({method} {0x00000235c6e20740} 'flush' '()Lorg/jetbrains/skia/DirectContext;' in 'org/jetbrains/skia/DirectContext')}
  0x00000235a847374c: 8656 0649 | ba38 07e2 | c635 0200 | 004c 8954 | 2408 48c7 | 0424 ffff 

  0x00000235a8473764: ;   {runtime_call C1 Runtime counter_overflow_blob}
  0x00000235a8473764: ffff e875 

  0x00000235a8473768: ; ImmutableOopMap {rsi=Oop [232]=Oop [240]=Oop [248]=Oop }
                      ;*synchronization entry
                      ; - org.jetbrains.skia.DirectContext::flush@-1 (line 47)
                      ; - org.jetbrains.skiko.context.Direct3DContextHandler::initCanvas@58 (line 44)
  0x00000235a8473768: dd56 06e9 | fdc7 ffff 

  0x00000235a8473770: ;   {metadata({method} {0x00000235c6e23150} 'access$DirectContext_nFlushDefault' '(J)V' in 'org/jetbrains/skia/DirectContextKt')}
  0x00000235a8473770: 49ba 4831 | e2c6 3502 | 0000 4c89 | 5424 0848 | c704 24ff 

  0x00000235a8473784: ;   {runtime_call C1 Runtime counter_overflow_blob}
  0x00000235a8473784: ffff ffe8 

  0x00000235a8473788: ; ImmutableOopMap {rsi=Oop [232]=Oop [240]=Oop [248]=Oop }
                      ;*synchronization entry
                      ; - org.jetbrains.skia.DirectContextKt::access$DirectContext_nFlushDefault@-1
                      ; - org.jetbrains.skia.DirectContext::flush@10 (line 48)
                      ; - org.jetbrains.skiko.context.Direct3DContextHandler::initCanvas@58 (line 44)
  0x00000235a8473788: 54dd 5606 | e95c c9ff 

  0x00000235a8473790: ;   {metadata({method} {0x00000235c5fa5e78} 'getDirectXRedrawer' '()Lorg/jetbrains/skiko/redrawer/Direct3DRedrawer;' in 'org/jetbrains/skiko/context/Direct3DContextHandler')}
  0x00000235a8473790: ff49 ba70 | 5efa c535 | 0200 004c | 8954 2408 | 48c7 0424 | ffff ffff 

  0x00000235a84737a8: ;   {runtime_call C1 Runtime counter_overflow_blob}
  0x00000235a84737a8: e833 dd56 

  0x00000235a84737ac: ; ImmutableOopMap {[232]=Oop [240]=Oop [248]=Oop }
                      ;*synchronization entry
                      ; - org.jetbrains.skiko.context.Direct3DContextHandler::getDirectXRedrawer@-1 (line 18)
                      ; - org.jetbrains.skiko.context.Direct3DContextHandler::initCanvas@63 (line 46)
  0x00000235a84737ac: 06e9 9bc9 

  0x00000235a84737b0: ;   {runtime_call C1 Runtime throw_null_pointer_exception_blob}
  0x00000235a84737b0: ffff e8a9 

  0x00000235a84737b4: ; ImmutableOopMap {rdx=Oop rsi=Oop [232]=Oop [240]=Oop [248]=Oop }
                      ;*invokevirtual getRedrawer$skiko {reexecute=0 rethrow=0 return_oop=0}
                      ; - org.jetbrains.skiko.context.Direct3DContextHandler::getDirectXRedrawer@4 (line 18)
                      ; - org.jetbrains.skiko.context.Direct3DContextHandler::initCanvas@63 (line 46)
                      ;   {metadata({method} {0x00000235c5ba7488} 'getRedrawer$skiko' '()Lorg/jetbrains/skiko/redrawer/Redrawer;' in 'org/jetbrains/skiko/SkiaLayer')}
  0x00000235a84737b4: 8556 0649 | ba80 74ba | c535 0200 | 004c 8954 | 2408 48c7 | 0424 ffff 

  0x00000235a84737cc: ;   {runtime_call C1 Runtime counter_overflow_blob}
  0x00000235a84737cc: ffff e80d 

  0x00000235a84737d0: ; ImmutableOopMap {rdx=Oop rsi=Oop [232]=Oop [240]=Oop [248]=Oop }
                      ;*synchronization entry
                      ; - org.jetbrains.skiko.SkiaLayer::getRedrawer$skiko@-1 (line 356)
                      ; - org.jetbrains.skiko.context.Direct3DContextHandler::getDirectXRedrawer@4 (line 18)
                      ; - org.jetbrains.skiko.context.Direct3DContextHandler::initCanvas@63 (line 46)
  0x00000235a84737d0: dd56 06e9 | d0ca ffff 

  0x00000235a84737d8: ;   {runtime_call C1 Runtime throw_null_pointer_exception_blob}
  0x00000235a84737d8: e883 8556 

  0x00000235a84737dc: ; ImmutableOopMap {rdx=Oop rsi=Oop [232]=Oop [240]=Oop [248]=Oop }
                      ;*invokevirtual getRedrawer {reexecute=0 rethrow=0 return_oop=0}
                      ; - org.jetbrains.skiko.SkiaLayer::getRedrawer$skiko@4 (line 356)
                      ; - org.jetbrains.skiko.context.Direct3DContextHandler::getDirectXRedrawer@4 (line 18)
                      ; - org.jetbrains.skiko.context.Direct3DContextHandler::initCanvas@63 (line 46)
  0x00000235a84737dc: 0648 8934 

  0x00000235a84737e0: ;   {runtime_call C1 Runtime throw_class_cast_exception_blob}
  0x00000235a84737e0: 24e8 7aa9 

  0x00000235a84737e4: ; ImmutableOopMap {rdx=Oop [232]=Oop [240]=Oop [248]=Oop }
                      ;*checkcast {reexecute=0 rethrow=0 return_oop=0}
                      ; - org.jetbrains.skiko.SkiaLayer::getRedrawer$skiko@7 (line 356)
                      ; - org.jetbrains.skiko.context.Direct3DContextHandler::getDirectXRedrawer@4 (line 18)
                      ; - org.jetbrains.skiko.context.Direct3DContextHandler::initCanvas@63 (line 46)
                      ;   {metadata({method} {0x00000235c4412fc0} 'checkNotNull' '(Ljava/lang/Object;)V' in 'kotlin/jvm/internal/Intrinsics')}
  0x00000235a84737e4: 5606 49ba | b82f 41c4 | 3502 0000 | 4c89 5424 | 0848 c704 | 24ff ffff 

  0x00000235a84737fc: ;   {runtime_call C1 Runtime counter_overflow_blob}
  0x00000235a84737fc: ffe8 dedc 

  0x00000235a8473800: ; ImmutableOopMap {rdx=Oop rbx=Oop [232]=Oop [240]=Oop [248]=Oop [264]=Oop }
                      ;*synchronization entry
                      ; - kotlin.jvm.internal.Intrinsics::checkNotNull@-1 (line 24)
                      ; - org.jetbrains.skiko.context.Direct3DContextHandler::getDirectXRedrawer@8 (line 18)
                      ; - org.jetbrains.skiko.context.Direct3DContextHandler::initCanvas@63 (line 46)
  0x00000235a8473800: 5606 e964 

  0x00000235a8473804: ;   {metadata({method} {0x00000235c4413288} 'throwJavaNpe' '()V' in 'kotlin/jvm/internal/Intrinsics')}
  0x00000235a8473804: ccff ff49 | ba80 3241 | c435 0200 | 004c 8954 | 2408 48c7 | 0424 ffff 

  0x00000235a847381c: ;   {runtime_call C1 Runtime counter_overflow_blob}
  0x00000235a847381c: ffff e8bd 

  0x00000235a8473820: ; ImmutableOopMap {[232]=Oop [240]=Oop [248]=Oop [264]=Oop }
                      ;*synchronization entry
                      ; - kotlin.jvm.internal.Intrinsics::throwJavaNpe@-1 (line 45)
                      ; - kotlin.jvm.internal.Intrinsics::checkNotNull@4 (line 25)
                      ; - org.jetbrains.skiko.context.Direct3DContextHandler::getDirectXRedrawer@8 (line 18)
                      ; - org.jetbrains.skiko.context.Direct3DContextHandler::initCanvas@63 (line 46)
  0x00000235a8473820: dc56 06e9 | a7cc ffff 

  0x00000235a8473828: ;   {metadata(nullptr)}
  0x00000235a8473828: 48ba 0000 | 0000 0000 | 0000 b800 

  0x00000235a8473834: ;   {runtime_call C1 Runtime load_klass_patching_blob}
  0x00000235a8473834: 0f05 0ae8 

  0x00000235a8473838: ; ImmutableOopMap {[232]=Oop [240]=Oop [248]=Oop [264]=Oop }
                      ;*new {reexecute=1 rethrow=0 return_oop=0}
                      ; - (reexecute) kotlin.jvm.internal.Intrinsics::throwJavaNpe@0 (line 45)
                      ; - kotlin.jvm.internal.Intrinsics::checkNotNull@4 (line 25)
                      ; - org.jetbrains.skiko.context.Direct3DContextHandler::getDirectXRedrawer@8 (line 18)
                      ; - org.jetbrains.skiko.context.Direct3DContextHandler::initCanvas@63 (line 46)
  0x00000235a8473838: a4c8 5606 | e98f ccff | ff48 8bd2 

  0x00000235a8473844: ;   {runtime_call C1 Runtime fast_new_instance_blob}
  0x00000235a8473844: e817 8e56 

  0x00000235a8473848: ; ImmutableOopMap {[232]=Oop [240]=Oop [248]=Oop [264]=Oop }
                      ;*new {reexecute=0 rethrow=0 return_oop=0}
                      ; - kotlin.jvm.internal.Intrinsics::throwJavaNpe@0 (line 45)
                      ; - kotlin.jvm.internal.Intrinsics::checkNotNull@4 (line 25)
                      ; - org.jetbrains.skiko.context.Direct3DContextHandler::getDirectXRedrawer@8 (line 18)
                      ; - org.jetbrains.skiko.context.Direct3DContextHandler::initCanvas@63 (line 46)
  0x00000235a8473848: 06e9 dacc 

  0x00000235a847384c: ;   {metadata({method} {0x00000235c44181d8} 'sanitizeStackTrace' '(Ljava/lang/Throwable;)Ljava/lang/Throwable;' in 'kotlin/jvm/internal/Intrinsics')}
  0x00000235a847384c: ffff 49ba | d081 41c4 | 3502 0000 | 4c89 5424 | 0848 c704 | 24ff ffff 

  0x00000235a8473864: ;   {runtime_call C1 Runtime counter_overflow_blob}
  0x00000235a8473864: ffe8 76dc 

  0x00000235a8473868: ; ImmutableOopMap {[232]=Oop [240]=Oop [248]=Oop [264]=Oop [272]=Oop }
                      ;*synchronization entry
                      ; - kotlin.jvm.internal.Intrinsics::sanitizeStackTrace@-1 (line 253)
                      ; - kotlin.jvm.internal.Intrinsics::throwJavaNpe@7 (line 45)
                      ; - kotlin.jvm.internal.Intrinsics::checkNotNull@4 (line 25)
                      ; - org.jetbrains.skiko.context.Direct3DContextHandler::getDirectXRedrawer@8 (line 18)
                      ; - org.jetbrains.skiko.context.Direct3DContextHandler::initCanvas@63 (line 46)
  0x00000235a8473868: 5606 e926 

  0x00000235a847386c: ;   {metadata({method} {0x000000003d196ac8} 'getName' '()Ljava/lang/String;' in 'java/lang/Class')}
  0x00000235a847386c: cdff ff49 | bac0 6a19 | 3d00 0000 | 004c 8954 | 2408 48c7 | 0424 ffff 

  0x00000235a8473884: ;   {runtime_call C1 Runtime counter_overflow_blob}
  0x00000235a8473884: ffff e855 

  0x00000235a8473888: ; ImmutableOopMap {rdx=Oop [232]=Oop [240]=Oop [248]=Oop [264]=Oop [272]=Oop }
                      ;*synchronization entry
                      ; - java.lang.Class::getName@-1 (line 950)
                      ; - kotlin.jvm.internal.Intrinsics::sanitizeStackTrace@3 (line 253)
                      ; - kotlin.jvm.internal.Intrinsics::throwJavaNpe@7 (line 45)
                      ; - kotlin.jvm.internal.Intrinsics::checkNotNull@4 (line 25)
                      ; - org.jetbrains.skiko.context.Direct3DContextHandler::getDirectXRedrawer@8 (line 18)
                      ; - org.jetbrains.skiko.context.Direct3DContextHandler::initCanvas@63 (line 46)
  0x00000235a8473888: dc56 06e9 | c5cd ffff | 4889 1c24 

  0x00000235a8473894: ;   {runtime_call C1 Runtime throw_class_cast_exception_blob}
  0x00000235a8473894: e8c7 a856 

  0x00000235a8473898: ; ImmutableOopMap {[232]=Oop [240]=Oop [248]=Oop }
                      ;*checkcast {reexecute=0 rethrow=0 return_oop=0}
                      ; - org.jetbrains.skiko.context.Direct3DContextHandler::getDirectXRedrawer@11 (line 18)
                      ; - org.jetbrains.skiko.context.Direct3DContextHandler::initCanvas@63 (line 46)
                      ;   {runtime_call C1 Runtime throw_null_pointer_exception_blob}
  0x00000235a8473898: 06e8 c284 

  0x00000235a847389c: ; ImmutableOopMap {rdx=Oop [232]=Oop [240]=Oop [248]=Oop }
                      ;*invokevirtual changeSize {reexecute=0 rethrow=0 return_oop=0}
                      ; - org.jetbrains.skiko.context.Direct3DContextHandler::initCanvas@69 (line 46)
  0x00000235a847389c: 5606 488b 

  0x00000235a84738a0: ;   {runtime_call C1 Runtime fast_new_instance_blob}
  0x00000235a84738a0: d2e8 ba8d 

  0x00000235a84738a4: ; ImmutableOopMap {r8=Oop [232]=Oop [240]=Oop [248]=Oop }
                      ;*new {reexecute=0 rethrow=0 return_oop=0}
                      ; - org.jetbrains.skiko.context.Direct3DContextHandler::initCanvas@75 (line 48)
  0x00000235a84738a4: 5606 e904 

  0x00000235a84738a8: ;   {metadata({method} {0x00000235c583c558} '<init>' '(ZLorg/jetbrains/skia/PixelGeometry;ILkotlin/jvm/internal/DefaultConstructorMarker;)V' in 'org/jetbrains/skia/SurfaceProps')}
  0x00000235a84738a8: d0ff ff49 | ba50 c583 | c535 0200 | 004c 8954 | 2408 48c7 | 0424 ffff 

  0x00000235a84738c0: ;   {runtime_call C1 Runtime counter_overflow_blob}
  0x00000235a84738c0: ffff e819 

  0x00000235a84738c4: ; ImmutableOopMap {rax=Oop r8=Oop [232]=Oop [248]=Oop [288]=Oop [296]=Oop }
                      ;*synchronization entry
                      ; - org.jetbrains.skia.SurfaceProps::<init>@-1 (line 3)
                      ; - org.jetbrains.skiko.context.Direct3DContextHandler::initCanvas@86 (line 48)
  0x00000235a84738c4: dc56 06e9 | c6d0 ffff 

  0x00000235a84738cc: ;   {metadata({method} {0x00000235c583c4a0} '<init>' '(ZLorg/jetbrains/skia/PixelGeometry;)V' in 'org/jetbrains/skia/SurfaceProps')}
  0x00000235a84738cc: 49ba 98c4 | 83c5 3502 | 0000 4c89 | 5424 0848 | c704 24ff 

  0x00000235a84738e0: ;   {runtime_call C1 Runtime counter_overflow_blob}
  0x00000235a84738e0: ffff ffe8 

  0x00000235a84738e4: ; ImmutableOopMap {rax=Oop r8=Oop [232]=Oop [248]=Oop [288]=Oop [296]=Oop }
                      ;*synchronization entry
                      ; - org.jetbrains.skia.SurfaceProps::<init>@-1
                      ; - org.jetbrains.skia.SurfaceProps::<init>@21 (line 3)
                      ; - org.jetbrains.skiko.context.Direct3DContextHandler::initCanvas@86 (line 48)
  0x00000235a84738e4: f8db 5606 | e901 d1ff 

  0x00000235a84738ec: ;   {metadata({method} {0x00000235c4417008} 'checkNotNullParameter' '(Ljava/lang/Object;Ljava/lang/String;)V' in 'kotlin/jvm/internal/Intrinsics')}
  0x00000235a84738ec: ff49 ba00 | 7041 c435 | 0200 004c | 8954 2408 | 48c7 0424 | ffff ffff 

  0x00000235a8473904: ;   {runtime_call C1 Runtime counter_overflow_blob}
  0x00000235a8473904: e8d7 db56 

  0x00000235a8473908: ; ImmutableOopMap {rax=Oop r8=Oop [232]=Oop [248]=Oop [288]=Oop [296]=Oop }
                      ;*synchronization entry
                      ; - kotlin.jvm.internal.Intrinsics::checkNotNullParameter@-1 (line 130)
                      ; - org.jetbrains.skia.SurfaceProps::<init>@3
                      ; - org.jetbrains.skia.SurfaceProps::<init>@21 (line 3)
                      ; - org.jetbrains.skiko.context.Direct3DContextHandler::initCanvas@86 (line 48)
  0x00000235a8473908: 06e9 19d1 

  0x00000235a847390c: ;   {metadata({method} {0x00000235c4417178} 'throwParameterIsNullNPE' '(Ljava/lang/String;)V' in 'kotlin/jvm/internal/Intrinsics')}
  0x00000235a847390c: ffff 49ba | 7071 41c4 | 3502 0000 | 4c89 5424 | 0848 c704 | 24ff ffff 

  0x00000235a8473924: ;   {runtime_call C1 Runtime counter_overflow_blob}
  0x00000235a8473924: ffe8 b6db 

  0x00000235a8473928: ; ImmutableOopMap {[232]=Oop [248]=Oop [288]=Oop [296]=Oop }
                      ;*synchronization entry
                      ; - kotlin.jvm.internal.Intrinsics::throwParameterIsNullNPE@-1 (line 140)
                      ; - kotlin.jvm.internal.Intrinsics::checkNotNullParameter@5 (line 131)
                      ; - org.jetbrains.skia.SurfaceProps::<init>@3
                      ; - org.jetbrains.skia.SurfaceProps::<init>@21 (line 3)
                      ; - org.jetbrains.skiko.context.Direct3DContextHandler::initCanvas@86 (line 48)
  0x00000235a8473928: 5606 e95c 

  0x00000235a847392c: ;   {metadata(nullptr)}
  0x00000235a847392c: d1ff ff48 | ba00 0000 | 0000 0000 | 00b8 000f 

  0x00000235a847393c: ;   {runtime_call C1 Runtime load_klass_patching_blob}
  0x00000235a847393c: 050a e89d 

  0x00000235a8473940: ; ImmutableOopMap {[232]=Oop [248]=Oop [288]=Oop [296]=Oop }
                      ;*new {reexecute=1 rethrow=0 return_oop=0}
                      ; - (reexecute) kotlin.jvm.internal.Intrinsics::throwParameterIsNullNPE@0 (line 140)
                      ; - kotlin.jvm.internal.Intrinsics::checkNotNullParameter@5 (line 131)
                      ; - org.jetbrains.skia.SurfaceProps::<init>@3
                      ; - org.jetbrains.skia.SurfaceProps::<init>@21 (line 3)
                      ; - org.jetbrains.skiko.context.Direct3DContextHandler::initCanvas@86 (line 48)
  0x00000235a8473940: c756 06e9 | 48d1 ffff 

  0x00000235a8473948: ;   {runtime_call C1 Runtime fast_new_instance_blob}
  0x00000235a8473948: 488b d2e8 

  0x00000235a847394c: ; ImmutableOopMap {[232]=Oop [248]=Oop [288]=Oop [296]=Oop }
                      ;*new {reexecute=0 rethrow=0 return_oop=0}
                      ; - kotlin.jvm.internal.Intrinsics::throwParameterIsNullNPE@0 (line 140)
                      ; - kotlin.jvm.internal.Intrinsics::checkNotNullParameter@5 (line 131)
                      ; - org.jetbrains.skia.SurfaceProps::<init>@3
                      ; - org.jetbrains.skia.SurfaceProps::<init>@21 (line 3)
                      ; - org.jetbrains.skiko.context.Direct3DContextHandler::initCanvas@86 (line 48)
  0x00000235a847394c: 108d 5606 | e993 d1ff 

  0x00000235a8473954: ;   {metadata({method} {0x00000235c44181d8} 'sanitizeStackTrace' '(Ljava/lang/Throwable;)Ljava/lang/Throwable;' in 'kotlin/jvm/internal/Intrinsics')}
  0x00000235a8473954: ff49 bad0 | 8141 c435 | 0200 004c | 8954 2408 | 48c7 0424 | ffff ffff 

  0x00000235a847396c: ;   {runtime_call C1 Runtime counter_overflow_blob}
  0x00000235a847396c: e86f db56 

  0x00000235a8473970: ; ImmutableOopMap {[232]=Oop [248]=Oop [280]=Oop [288]=Oop [296]=Oop }
                      ;*synchronization entry
                      ; - kotlin.jvm.internal.Intrinsics::sanitizeStackTrace@-1 (line 253)
                      ; - kotlin.jvm.internal.Intrinsics::throwParameterIsNullNPE@11 (line 140)
                      ; - kotlin.jvm.internal.Intrinsics::checkNotNullParameter@5 (line 131)
                      ; - org.jetbrains.skia.SurfaceProps::<init>@3
                      ; - org.jetbrains.skia.SurfaceProps::<init>@21 (line 3)
                      ; - org.jetbrains.skiko.context.Direct3DContextHandler::initCanvas@86 (line 48)
  0x00000235a8473970: 06e9 17d2 

  0x00000235a8473974: ;   {metadata({method} {0x000000003d196ac8} 'getName' '()Ljava/lang/String;' in 'java/lang/Class')}
  0x00000235a8473974: ffff 49ba | c06a 193d | 0000 0000 | 4c89 5424 | 0848 c704 | 24ff ffff 

  0x00000235a847398c: ;   {runtime_call C1 Runtime counter_overflow_blob}
  0x00000235a847398c: ffe8 4edb 

  0x00000235a8473990: ; ImmutableOopMap {rdx=Oop [232]=Oop [248]=Oop [280]=Oop [288]=Oop [296]=Oop }
                      ;*synchronization entry
                      ; - java.lang.Class::getName@-1 (line 950)
                      ; - kotlin.jvm.internal.Intrinsics::sanitizeStackTrace@3 (line 253)
                      ; - kotlin.jvm.internal.Intrinsics::throwParameterIsNullNPE@11 (line 140)
                      ; - kotlin.jvm.internal.Intrinsics::checkNotNullParameter@5 (line 131)
                      ; - org.jetbrains.skia.SurfaceProps::<init>@3
                      ; - org.jetbrains.skia.SurfaceProps::<init>@21 (line 3)
                      ; - org.jetbrains.skiko.context.Direct3DContextHandler::initCanvas@86 (line 48)
  0x00000235a8473990: 5606 e9b6 

  0x00000235a8473994: ;   {metadata({method} {0x000000003d4b3278} '<init>' '()V' in 'java/lang/Object')}
  0x00000235a8473994: d2ff ff49 | ba70 324b | 3d00 0000 | 004c 8954 | 2408 48c7 | 0424 ffff 

  0x00000235a84739ac: ;   {runtime_call C1 Runtime counter_overflow_blob}
  0x00000235a84739ac: ffff e82d 

  0x00000235a84739b0: ; ImmutableOopMap {rax=Oop r8=Oop [232]=Oop [248]=Oop [288]=Oop [296]=Oop }
                      ;*synchronization entry
                      ; - java.lang.Object::<init>@-1 (line 44)
                      ; - org.jetbrains.skia.SurfaceProps::<init>@7 (line 3)
                      ; - org.jetbrains.skia.SurfaceProps::<init>@21 (line 3)
                      ; - org.jetbrains.skiko.context.Direct3DContextHandler::initCanvas@86 (line 48)
  0x00000235a84739b0: db56 06e9 | 5ad3 ffff | 448b 4810 | 49c1 e103 | 4983 f900 | 0f84 5ad3 | ffff 4c89 

  0x00000235a84739cc: ;   {runtime_call g1_pre_barrier_slow}
  0x00000235a84739cc: 0c24 e80d | e156 06e9 | 4cd3 ffff | 4983 f800 | 0f84 61d3 | ffff 4889 

  0x00000235a84739e4: ;   {runtime_call g1_post_barrier_slow}
  0x00000235a84739e4: 0424 e8f5 | e356 06e9 | 53d3 ffff 

  0x00000235a84739f0: ;   {metadata({method} {0x00000235c5fa5e78} 'getDirectXRedrawer' '()Lorg/jetbrains/skiko/redrawer/Direct3DRedrawer;' in 'org/jetbrains/skiko/context/Direct3DContextHandler')}
  0x00000235a84739f0: 49ba 705e | fac5 3502 | 0000 4c89 | 5424 0848 | c704 24ff 

  0x00000235a8473a04: ;   {runtime_call C1 Runtime counter_overflow_blob}
  0x00000235a8473a04: ffff ffe8 

  0x00000235a8473a08: ; ImmutableOopMap {rax=Oop rdx=Oop rsi=Oop r14=Oop [232]=Oop [248]=Oop [288]=Oop [312]=Oop }
                      ;*synchronization entry
                      ; - org.jetbrains.skiko.context.Direct3DContextHandler::getDirectXRedrawer@-1 (line 18)
                      ; - org.jetbrains.skiko.context.Direct3DContextHandler::initCanvas@114 (line 50)
  0x00000235a8473a08: d4da 5606 | e9ed d3ff 

  0x00000235a8473a10: ;   {runtime_call C1 Runtime throw_null_pointer_exception_blob}
  0x00000235a8473a10: ffe8 4a83 

  0x00000235a8473a14: ; ImmutableOopMap {rax=Oop rdx=Oop rsi=Oop r14=Oop r8=Oop [232]=Oop [248]=Oop [288]=Oop [312]=Oop }
                      ;*invokevirtual getRedrawer$skiko {reexecute=0 rethrow=0 return_oop=0}
                      ; - org.jetbrains.skiko.context.Direct3DContextHandler::getDirectXRedrawer@4 (line 18)
                      ; - org.jetbrains.skiko.context.Direct3DContextHandler::initCanvas@114 (line 50)
                      ;   {metadata({method} {0x00000235c5ba7488} 'getRedrawer$skiko' '()Lorg/jetbrains/skiko/redrawer/Redrawer;' in 'org/jetbrains/skiko/SkiaLayer')}
  0x00000235a8473a14: 5606 49ba | 8074 bac5 | 3502 0000 | 4c89 5424 | 0848 c704 | 24ff ffff 

  0x00000235a8473a2c: ;   {runtime_call C1 Runtime counter_overflow_blob}
  0x00000235a8473a2c: ffe8 aeda 

  0x00000235a8473a30: ; ImmutableOopMap {rax=Oop rdx=Oop rsi=Oop r14=Oop r8=Oop [232]=Oop [248]=Oop [288]=Oop [312]=Oop }
                      ;*synchronization entry
                      ; - org.jetbrains.skiko.SkiaLayer::getRedrawer$skiko@-1 (line 356)
                      ; - org.jetbrains.skiko.context.Direct3DContextHandler::getDirectXRedrawer@4 (line 18)
                      ; - org.jetbrains.skiko.context.Direct3DContextHandler::initCanvas@114 (line 50)
  0x00000235a8473a30: 5606 e91b 

  0x00000235a8473a34: ;   {runtime_call C1 Runtime throw_null_pointer_exception_blob}
  0x00000235a8473a34: d5ff ffe8 

  0x00000235a8473a38: ; ImmutableOopMap {rax=Oop rdx=Oop rsi=Oop r14=Oop r8=Oop [232]=Oop [248]=Oop [288]=Oop [312]=Oop }
                      ;*invokevirtual getRedrawer {reexecute=0 rethrow=0 return_oop=0}
                      ; - org.jetbrains.skiko.SkiaLayer::getRedrawer$skiko@4 (line 356)
                      ; - org.jetbrains.skiko.context.Direct3DContextHandler::getDirectXRedrawer@4 (line 18)
                      ; - org.jetbrains.skiko.context.Direct3DContextHandler::initCanvas@114 (line 50)
  0x00000235a8473a38: 2483 5606 | 4c89 0424 

  0x00000235a8473a40: ;   {runtime_call C1 Runtime throw_class_cast_exception_blob}
  0x00000235a8473a40: e81b a756 

  0x00000235a8473a44: ; ImmutableOopMap {rax=Oop rdx=Oop rsi=Oop r14=Oop [232]=Oop [248]=Oop [288]=Oop [312]=Oop }
                      ;*checkcast {reexecute=0 rethrow=0 return_oop=0}
                      ; - org.jetbrains.skiko.SkiaLayer::getRedrawer$skiko@7 (line 356)
                      ; - org.jetbrains.skiko.context.Direct3DContextHandler::getDirectXRedrawer@4 (line 18)
                      ; - org.jetbrains.skiko.context.Direct3DContextHandler::initCanvas@114 (line 50)
                      ;   {metadata({method} {0x00000235c4412fc0} 'checkNotNull' '(Ljava/lang/Object;)V' in 'kotlin/jvm/internal/Intrinsics')}
  0x00000235a8473a44: 0649 bab8 | 2f41 c435 | 0200 004c | 8954 2408 | 48c7 0424 | ffff ffff 

  0x00000235a8473a5c: ;   {runtime_call C1 Runtime counter_overflow_blob}
  0x00000235a8473a5c: e87f da56 

  0x00000235a8473a60: ; ImmutableOopMap {rax=Oop rdx=Oop rsi=Oop r14=Oop r8=Oop [232]=Oop [248]=Oop [288]=Oop [312]=Oop }
                      ;*synchronization entry
                      ; - kotlin.jvm.internal.Intrinsics::checkNotNull@-1 (line 24)
                      ; - org.jetbrains.skiko.context.Direct3DContextHandler::getDirectXRedrawer@8 (line 18)
                      ; - org.jetbrains.skiko.context.Direct3DContextHandler::initCanvas@114 (line 50)
  0x00000235a8473a60: 06e9 acd6 | ffff 4c89 

  0x00000235a8473a68: ;   {runtime_call C1 Runtime throw_class_cast_exception_blob}
  0x00000235a8473a68: 0424 e8f1 

  0x00000235a8473a6c: ; ImmutableOopMap {rax=Oop rdx=Oop rsi=Oop r14=Oop [232]=Oop [248]=Oop [288]=Oop [312]=Oop }
                      ;*checkcast {reexecute=0 rethrow=0 return_oop=0}
                      ; - org.jetbrains.skiko.context.Direct3DContextHandler::getDirectXRedrawer@11 (line 18)
                      ; - org.jetbrains.skiko.context.Direct3DContextHandler::initCanvas@114 (line 50)
                      ;   {metadata({method} {0x00000235c583a970} 'getPtr' '(Lorg/jetbrains/skia/impl/Native;)J' in 'org/jetbrains/skia/impl/NativeKt')}
  0x00000235a8473a6c: a656 0649 | ba68 a983 | c535 0200 | 004c 8954 | 2408 48c7 | 0424 ffff 

  0x00000235a8473a84: ;   {runtime_call C1 Runtime counter_overflow_blob}
  0x00000235a8473a84: ffff e855 

  0x00000235a8473a88: ; ImmutableOopMap {rax=Oop rdx=Oop rsi=Oop r14=Oop r11=Oop [232]=Oop [248]=Oop [288]=Oop [312]=Oop }
                      ;*synchronization entry
                      ; - org.jetbrains.skia.impl.NativeKt::getPtr@-1 (line 24)
                      ; - org.jetbrains.skiko.context.Direct3DContextHandler::initCanvas@121 (line 51)
  0x00000235a8473a88: da56 06e9 | b2d7 ffff 

  0x00000235a8473a90: ;   {metadata({method} {0x00000235c510b938} 'getNullPointer' '()J' in 'org/jetbrains/skia/impl/Native$Companion')}
  0x00000235a8473a90: 49ba 30b9 | 10c5 3502 | 0000 4c89 | 5424 0848 | c704 24ff 

  0x00000235a8473aa4: ;   {runtime_call C1 Runtime counter_overflow_blob}
  0x00000235a8473aa4: ffff ffe8 

  0x00000235a8473aa8: ; ImmutableOopMap {rax=Oop rdx=Oop rsi=Oop r14=Oop r11=Oop [232]=Oop [248]=Oop [288]=Oop [312]=Oop }
                      ;*synchronization entry
                      ; - org.jetbrains.skia.impl.Native$Companion::getNullPointer@-1 (line 11)
                      ; - org.jetbrains.skia.impl.NativeKt::getPtr@15 (line 24)
                      ; - org.jetbrains.skiko.context.Direct3DContextHandler::initCanvas@121 (line 51)
  0x00000235a8473aa8: 34da 5606 | e92b d9ff 

  0x00000235a8473ab0: ;   {runtime_call C1 Runtime throw_null_pointer_exception_blob}
  0x00000235a8473ab0: ffe8 aa82 

  0x00000235a8473ab4: ; ImmutableOopMap {rax=Oop r11=Oop [232]=Oop [248]=Oop [288]=Oop [312]=Oop }
                      ;*invokevirtual makeSurface {reexecute=0 rethrow=0 return_oop=0}
                      ; - org.jetbrains.skiko.context.Direct3DContextHandler::initCanvas@131 (line 50)
                      ;   {runtime_call C1 Runtime throw_null_pointer_exception_blob}
  0x00000235a8473ab4: 5606 e8a5 

  0x00000235a8473ab8: ; ImmutableOopMap {rax=Oop r14=Oop [232]=Oop [248]=Oop [288]=Oop [312]=Oop }
                      ;*aastore {reexecute=1 rethrow=0 return_oop=0}
                      ; - (reexecute) org.jetbrains.skiko.context.Direct3DContextHandler::initCanvas@134 (line 50)
                      ;   {runtime_call C1 Runtime throw_null_pointer_exception_blob}
  0x00000235a8473ab8: 8256 06e8 

  0x00000235a8473abc: ; ImmutableOopMap {rax=Oop r14=Oop [232]=Oop [248]=Oop [288]=Oop [312]=Oop }
                      ;*aastore {reexecute=1 rethrow=0 return_oop=0}
                      ; - (reexecute) org.jetbrains.skiko.context.Direct3DContextHandler::initCanvas@134 (line 50)
  0x00000235a8473abc: a082 5606 | 4c89 1c24 | 4c89 7424 

  0x00000235a8473ac8: ;   {runtime_call C1 Runtime throw_range_check_failed_blob}
  0x00000235a8473ac8: 08e8 126e 

  0x00000235a8473acc: ; ImmutableOopMap {rax=Oop r14=Oop [232]=Oop [248]=Oop [288]=Oop [312]=Oop }
                      ;*aastore {reexecute=1 rethrow=0 return_oop=0}
                      ; - (reexecute) org.jetbrains.skiko.context.Direct3DContextHandler::initCanvas@134 (line 50)
                      ;   {runtime_call C1 Runtime throw_null_pointer_exception_blob}
  0x00000235a8473acc: 5606 e88d 

  0x00000235a8473ad0: ; ImmutableOopMap {rax=Oop r14=Oop [232]=Oop [248]=Oop [288]=Oop [312]=Oop }
                      ;*aastore {reexecute=1 rethrow=0 return_oop=0}
                      ; - (reexecute) org.jetbrains.skiko.context.Direct3DContextHandler::initCanvas@134 (line 50)
  0x00000235a8473ad0: 8256 0648 

  0x00000235a8473ad4: ;   {runtime_call C1 Runtime throw_array_store_exception_blob}
  0x00000235a8473ad4: 8904 24e8 

  0x00000235a8473ad8: ; ImmutableOopMap {rax=Oop r14=Oop [232]=Oop [248]=Oop [288]=Oop [312]=Oop }
                      ;*aastore {reexecute=1 rethrow=0 return_oop=0}
                      ; - (reexecute) org.jetbrains.skiko.context.Direct3DContextHandler::initCanvas@134 (line 50)
  0x00000235a8473ad8: 84a3 5606 | 8b32 48c1 | e603 4883 | fe00 0f84 | ecda ffff | 4889 3424 

  0x00000235a8473af0: ;   {runtime_call g1_pre_barrier_slow}
  0x00000235a8473af0: e8eb df56 | 06e9 deda | ffff 4883 | f800 0f84 | f2da ffff | 4889 1424 

  0x00000235a8473b08: ;   {runtime_call g1_post_barrier_slow}
  0x00000235a8473b08: e8d3 e256 | 06e9 e4da 

  0x00000235a8473b10: ;   {metadata({method} {0x00000235c5fa6210} 'initCanvas' '(Lorg/jetbrains/skiko/LayerDrawScope;)V' in 'org/jetbrains/skiko/context/Direct3DContextHandler')}
  0x00000235a8473b10: ffff 49ba | 0862 fac5 | 3502 0000 | 4c89 5424 | 0848 c704 | 248a 0000 

  0x00000235a8473b28: ;   {runtime_call C1 Runtime counter_overflow_blob}
  0x00000235a8473b28: 00e8 b2d9 

  0x00000235a8473b2c: ; ImmutableOopMap {[232]=Oop [248]=Oop [288]=Oop }
                      ;*goto {reexecute=1 rethrow=0 return_oop=0}
                      ; - (reexecute) org.jetbrains.skiko.context.Direct3DContextHandler::initCanvas@138 (line 49)
  0x00000235a8473b2c: 5606 e9ed 

  0x00000235a8473b30: ;   {metadata({method} {0x00000235c4413288} 'throwJavaNpe' '()V' in 'kotlin/jvm/internal/Intrinsics')}
  0x00000235a8473b30: daff ff49 | ba80 3241 | c435 0200 | 004c 8954 | 2408 48c7 | 0424 ffff 

  0x00000235a8473b48: ;   {runtime_call C1 Runtime counter_overflow_blob}
  0x00000235a8473b48: ffff e891 

  0x00000235a8473b4c: ; ImmutableOopMap {[232]=Oop [248]=Oop [288]=Oop [312]=Oop [344]=Oop }
                      ;*synchronization entry
                      ; - kotlin.jvm.internal.Intrinsics::throwJavaNpe@-1 (line 45)
                      ; - kotlin.jvm.internal.Intrinsics::checkNotNull@4 (line 25)
                      ; - org.jetbrains.skiko.context.Direct3DContextHandler::getDirectXRedrawer@8 (line 18)
                      ; - org.jetbrains.skiko.context.Direct3DContextHandler::initCanvas@114 (line 50)
  0x00000235a8473b4c: d956 06e9 | 66db ffff 

  0x00000235a8473b54: ;   {metadata(nullptr)}
  0x00000235a8473b54: 48ba 0000 | 0000 0000 | 0000 b800 

  0x00000235a8473b60: ;   {runtime_call C1 Runtime load_klass_patching_blob}
  0x00000235a8473b60: 0f05 0ae8 

  0x00000235a8473b64: ; ImmutableOopMap {[232]=Oop [248]=Oop [288]=Oop [312]=Oop [344]=Oop }
                      ;*new {reexecute=1 rethrow=0 return_oop=0}
                      ; - (reexecute) kotlin.jvm.internal.Intrinsics::throwJavaNpe@0 (line 45)
                      ; - kotlin.jvm.internal.Intrinsics::checkNotNull@4 (line 25)
                      ; - org.jetbrains.skiko.context.Direct3DContextHandler::getDirectXRedrawer@8 (line 18)
                      ; - org.jetbrains.skiko.context.Direct3DContextHandler::initCanvas@114 (line 50)
  0x00000235a8473b64: 78c5 5606 | e953 dbff | ff48 8bd2 

  0x00000235a8473b70: ;   {runtime_call C1 Runtime fast_new_instance_blob}
  0x00000235a8473b70: e8eb 8a56 

  0x00000235a8473b74: ; ImmutableOopMap {[232]=Oop [248]=Oop [288]=Oop [312]=Oop [344]=Oop }
                      ;*new {reexecute=0 rethrow=0 return_oop=0}
                      ; - kotlin.jvm.internal.Intrinsics::throwJavaNpe@0 (line 45)
                      ; - kotlin.jvm.internal.Intrinsics::checkNotNull@4 (line 25)
                      ; - org.jetbrains.skiko.context.Direct3DContextHandler::getDirectXRedrawer@8 (line 18)
                      ; - org.jetbrains.skiko.context.Direct3DContextHandler::initCanvas@114 (line 50)
  0x00000235a8473b74: 06e9 9edb 

  0x00000235a8473b78: ;   {metadata({method} {0x00000235c44181d8} 'sanitizeStackTrace' '(Ljava/lang/Throwable;)Ljava/lang/Throwable;' in 'kotlin/jvm/internal/Intrinsics')}
  0x00000235a8473b78: ffff 49ba | d081 41c4 | 3502 0000 | 4c89 5424 | 0848 c704 | 24ff ffff 

  0x00000235a8473b90: ;   {runtime_call C1 Runtime counter_overflow_blob}
  0x00000235a8473b90: ffe8 4ad9 

  0x00000235a8473b94: ; ImmutableOopMap {[232]=Oop [248]=Oop [288]=Oop [312]=Oop [336]=Oop [344]=Oop }
                      ;*synchronization entry
                      ; - kotlin.jvm.internal.Intrinsics::sanitizeStackTrace@-1 (line 253)
                      ; - kotlin.jvm.internal.Intrinsics::throwJavaNpe@7 (line 45)
                      ; - kotlin.jvm.internal.Intrinsics::checkNotNull@4 (line 25)
                      ; - org.jetbrains.skiko.context.Direct3DContextHandler::getDirectXRedrawer@8 (line 18)
                      ; - org.jetbrains.skiko.context.Direct3DContextHandler::initCanvas@114 (line 50)
  0x00000235a8473b94: 5606 e9ea 

  0x00000235a8473b98: ;   {metadata({method} {0x000000003d196ac8} 'getName' '()Ljava/lang/String;' in 'java/lang/Class')}
  0x00000235a8473b98: dbff ff49 | bac0 6a19 | 3d00 0000 | 004c 8954 | 2408 48c7 | 0424 ffff 

  0x00000235a8473bb0: ;   {runtime_call C1 Runtime counter_overflow_blob}
  0x00000235a8473bb0: ffff e829 

  0x00000235a8473bb4: ; ImmutableOopMap {rdx=Oop [232]=Oop [248]=Oop [288]=Oop [312]=Oop [336]=Oop [344]=Oop }
                      ;*synchronization entry
                      ; - java.lang.Class::getName@-1 (line 950)
                      ; - kotlin.jvm.internal.Intrinsics::sanitizeStackTrace@3 (line 253)
                      ; - kotlin.jvm.internal.Intrinsics::throwJavaNpe@7 (line 45)
                      ; - kotlin.jvm.internal.Intrinsics::checkNotNull@4 (line 25)
                      ; - org.jetbrains.skiko.context.Direct3DContextHandler::getDirectXRedrawer@8 (line 18)
                      ; - org.jetbrains.skiko.context.Direct3DContextHandler::initCanvas@114 (line 50)
  0x00000235a8473bb4: d956 06e9 | 89dc ffff 

  0x00000235a8473bbc: ;   {metadata({method} {0x000000003d1b69f8} 'reachabilityFence' '(Ljava/lang/Object;)V' in 'java/lang/ref/Reference')}
  0x00000235a8473bbc: 49ba f069 | 1b3d 0000 | 0000 4c89 | 5424 0848 | c704 24ff 

  0x00000235a8473bd0: ;   {runtime_call C1 Runtime counter_overflow_blob}
  0x00000235a8473bd0: ffff ffe8 

  0x00000235a8473bd4: ; ImmutableOopMap {[232]=Oop }
                      ;*synchronization entry
                      ; - java.lang.ref.Reference::reachabilityFence@-1 (line 669)
                      ; - org.jetbrains.skiko.context.Direct3DContextHandler::initCanvas@142 (line 59)
  0x00000235a8473bd4: 08d9 5606 | e928 ddff 

  0x00000235a8473bdc: ;   {metadata({method} {0x00000235c5fa5e78} 'getDirectXRedrawer' '()Lorg/jetbrains/skiko/redrawer/Direct3DRedrawer;' in 'org/jetbrains/skiko/context/Direct3DContextHandler')}
  0x00000235a8473bdc: ff49 ba70 | 5efa c535 | 0200 004c | 8954 2408 | 48c7 0424 | ffff ffff 

  0x00000235a8473bf4: ;   {runtime_call C1 Runtime counter_overflow_blob}
  0x00000235a8473bf4: e8e7 d856 

  0x00000235a8473bf8: ; ImmutableOopMap {rdx=Oop [232]=Oop }
                      ;*synchronization entry
                      ; - org.jetbrains.skiko.context.Direct3DContextHandler::getDirectXRedrawer@-1 (line 18)
                      ; - org.jetbrains.skiko.context.Direct3DContextHandler::initCanvas@163 (line 63)
  0x00000235a8473bf8: 06e9 8cdd 

  0x00000235a8473bfc: ;   {runtime_call C1 Runtime throw_null_pointer_exception_blob}
  0x00000235a8473bfc: ffff e85d 

  0x00000235a8473c00: ; ImmutableOopMap {rdx=Oop rsi=Oop [232]=Oop }
                      ;*invokevirtual getRedrawer$skiko {reexecute=0 rethrow=0 return_oop=0}
                      ; - org.jetbrains.skiko.context.Direct3DContextHandler::getDirectXRedrawer@4 (line 18)
                      ; - org.jetbrains.skiko.context.Direct3DContextHandler::initCanvas@163 (line 63)
                      ;   {metadata({method} {0x00000235c5ba7488} 'getRedrawer$skiko' '()Lorg/jetbrains/skiko/redrawer/Redrawer;' in 'org/jetbrains/skiko/SkiaLayer')}
  0x00000235a8473c00: 8156 0649 | ba80 74ba | c535 0200 | 004c 8954 | 2408 48c7 | 0424 ffff 

  0x00000235a8473c18: ;   {runtime_call C1 Runtime counter_overflow_blob}
  0x00000235a8473c18: ffff e8c1 

  0x00000235a8473c1c: ; ImmutableOopMap {rdx=Oop rsi=Oop [232]=Oop }
                      ;*synchronization entry
                      ; - org.jetbrains.skiko.SkiaLayer::getRedrawer$skiko@-1 (line 356)
                      ; - org.jetbrains.skiko.context.Direct3DContextHandler::getDirectXRedrawer@4 (line 18)
                      ; - org.jetbrains.skiko.context.Direct3DContextHandler::initCanvas@163 (line 63)
  0x00000235a8473c1c: d856 06e9 | b4de ffff 

  0x00000235a8473c24: ;   {runtime_call C1 Runtime throw_null_pointer_exception_blob}
  0x00000235a8473c24: e837 8156 

  0x00000235a8473c28: ; ImmutableOopMap {rdx=Oop rsi=Oop [232]=Oop }
                      ;*invokevirtual getRedrawer {reexecute=0 rethrow=0 return_oop=0}
                      ; - org.jetbrains.skiko.SkiaLayer::getRedrawer$skiko@4 (line 356)
                      ; - org.jetbrains.skiko.context.Direct3DContextHandler::getDirectXRedrawer@4 (line 18)
                      ; - org.jetbrains.skiko.context.Direct3DContextHandler::initCanvas@163 (line 63)
  0x00000235a8473c28: 0648 8934 

  0x00000235a8473c2c: ;   {runtime_call C1 Runtime throw_class_cast_exception_blob}
  0x00000235a8473c2c: 24e8 2ea5 

  0x00000235a8473c30: ; ImmutableOopMap {rdx=Oop [232]=Oop }
                      ;*checkcast {reexecute=0 rethrow=0 return_oop=0}
                      ; - org.jetbrains.skiko.SkiaLayer::getRedrawer$skiko@7 (line 356)
                      ; - org.jetbrains.skiko.context.Direct3DContextHandler::getDirectXRedrawer@4 (line 18)
                      ; - org.jetbrains.skiko.context.Direct3DContextHandler::initCanvas@163 (line 63)
                      ;   {metadata({method} {0x00000235c4412fc0} 'checkNotNull' '(Ljava/lang/Object;)V' in 'kotlin/jvm/internal/Intrinsics')}
  0x00000235a8473c30: 5606 49ba | b82f 41c4 | 3502 0000 | 4c89 5424 | 0848 c704 | 24ff ffff 

  0x00000235a8473c48: ;   {runtime_call C1 Runtime counter_overflow_blob}
  0x00000235a8473c48: ffe8 92d8 

  0x00000235a8473c4c: ; ImmutableOopMap {rdx=Oop rbx=Oop [232]=Oop [352]=Oop }
                      ;*synchronization entry
                      ; - kotlin.jvm.internal.Intrinsics::checkNotNull@-1 (line 24)
                      ; - org.jetbrains.skiko.context.Direct3DContextHandler::getDirectXRedrawer@8 (line 18)
                      ; - org.jetbrains.skiko.context.Direct3DContextHandler::initCanvas@163 (line 63)
  0x00000235a8473c4c: 5606 e948 

  0x00000235a8473c50: ;   {metadata({method} {0x00000235c4413288} 'throwJavaNpe' '()V' in 'kotlin/jvm/internal/Intrinsics')}
  0x00000235a8473c50: e0ff ff49 | ba80 3241 | c435 0200 | 004c 8954 | 2408 48c7 | 0424 ffff 

  0x00000235a8473c68: ;   {runtime_call C1 Runtime counter_overflow_blob}
  0x00000235a8473c68: ffff e871 

  0x00000235a8473c6c: ; ImmutableOopMap {[232]=Oop [352]=Oop }
                      ;*synchronization entry
                      ; - kotlin.jvm.internal.Intrinsics::throwJavaNpe@-1 (line 45)
                      ; - kotlin.jvm.internal.Intrinsics::checkNotNull@4 (line 25)
                      ; - org.jetbrains.skiko.context.Direct3DContextHandler::getDirectXRedrawer@8 (line 18)
                      ; - org.jetbrains.skiko.context.Direct3DContextHandler::initCanvas@163 (line 63)
  0x00000235a8473c6c: d856 06e9 | 8be0 ffff 

  0x00000235a8473c74: ;   {metadata(nullptr)}
  0x00000235a8473c74: 48ba 0000 | 0000 0000 | 0000 b800 

  0x00000235a8473c80: ;   {runtime_call C1 Runtime load_klass_patching_blob}
  0x00000235a8473c80: 0f05 0ae8 

  0x00000235a8473c84: ; ImmutableOopMap {[232]=Oop [352]=Oop }
                      ;*new {reexecute=1 rethrow=0 return_oop=0}
                      ; - (reexecute) kotlin.jvm.internal.Intrinsics::throwJavaNpe@0 (line 45)
                      ; - kotlin.jvm.internal.Intrinsics::checkNotNull@4 (line 25)
                      ; - org.jetbrains.skiko.context.Direct3DContextHandler::getDirectXRedrawer@8 (line 18)
                      ; - org.jetbrains.skiko.context.Direct3DContextHandler::initCanvas@163 (line 63)
  0x00000235a8473c84: 58c4 5606 | e973 e0ff | ff48 8bd2 

  0x00000235a8473c90: ;   {runtime_call C1 Runtime fast_new_instance_blob}
  0x00000235a8473c90: e8cb 8956 

  0x00000235a8473c94: ; ImmutableOopMap {[232]=Oop [352]=Oop }
                      ;*new {reexecute=0 rethrow=0 return_oop=0}
                      ; - kotlin.jvm.internal.Intrinsics::throwJavaNpe@0 (line 45)
                      ; - kotlin.jvm.internal.Intrinsics::checkNotNull@4 (line 25)
                      ; - org.jetbrains.skiko.context.Direct3DContextHandler::getDirectXRedrawer@8 (line 18)
                      ; - org.jetbrains.skiko.context.Direct3DContextHandler::initCanvas@163 (line 63)
  0x00000235a8473c94: 06e9 bee0 

  0x00000235a8473c98: ;   {metadata({method} {0x00000235c44181d8} 'sanitizeStackTrace' '(Ljava/lang/Throwable;)Ljava/lang/Throwable;' in 'kotlin/jvm/internal/Intrinsics')}
  0x00000235a8473c98: ffff 49ba | d081 41c4 | 3502 0000 | 4c89 5424 | 0848 c704 | 24ff ffff 

  0x00000235a8473cb0: ;   {runtime_call C1 Runtime counter_overflow_blob}
  0x00000235a8473cb0: ffe8 2ad8 

  0x00000235a8473cb4: ; ImmutableOopMap {[232]=Oop [352]=Oop [360]=Oop }
                      ;*synchronization entry
                      ; - kotlin.jvm.internal.Intrinsics::sanitizeStackTrace@-1 (line 253)
                      ; - kotlin.jvm.internal.Intrinsics::throwJavaNpe@7 (line 45)
                      ; - kotlin.jvm.internal.Intrinsics::checkNotNull@4 (line 25)
                      ; - org.jetbrains.skiko.context.Direct3DContextHandler::getDirectXRedrawer@8 (line 18)
                      ; - org.jetbrains.skiko.context.Direct3DContextHandler::initCanvas@163 (line 63)
  0x00000235a8473cb4: 5606 e90a 

  0x00000235a8473cb8: ;   {metadata({method} {0x000000003d196ac8} 'getName' '()Ljava/lang/String;' in 'java/lang/Class')}
  0x00000235a8473cb8: e1ff ff49 | bac0 6a19 | 3d00 0000 | 004c 8954 | 2408 48c7 | 0424 ffff 

  0x00000235a8473cd0: ;   {runtime_call C1 Runtime counter_overflow_blob}
  0x00000235a8473cd0: ffff e809 

  0x00000235a8473cd4: ; ImmutableOopMap {rdx=Oop [232]=Oop [352]=Oop [360]=Oop }
                      ;*synchronization entry
                      ; - java.lang.Class::getName@-1 (line 950)
                      ; - kotlin.jvm.internal.Intrinsics::sanitizeStackTrace@3 (line 253)
                      ; - kotlin.jvm.internal.Intrinsics::throwJavaNpe@7 (line 45)
                      ; - kotlin.jvm.internal.Intrinsics::checkNotNull@4 (line 25)
                      ; - org.jetbrains.skiko.context.Direct3DContextHandler::getDirectXRedrawer@8 (line 18)
                      ; - org.jetbrains.skiko.context.Direct3DContextHandler::initCanvas@163 (line 63)
  0x00000235a8473cd4: d856 06e9 | a9e1 ffff | 4889 1c24 

  0x00000235a8473ce0: ;   {runtime_call C1 Runtime throw_class_cast_exception_blob}
  0x00000235a8473ce0: e87b a456 

  0x00000235a8473ce4: ; ImmutableOopMap {[232]=Oop }
                      ;*checkcast {reexecute=0 rethrow=0 return_oop=0}
                      ; - org.jetbrains.skiko.context.Direct3DContextHandler::getDirectXRedrawer@11 (line 18)
                      ; - org.jetbrains.skiko.context.Direct3DContextHandler::initCanvas@163 (line 63)
                      ;   {runtime_call C1 Runtime throw_null_pointer_exception_blob}
  0x00000235a8473ce4: 06e8 7680 

  0x00000235a8473ce8: ; ImmutableOopMap {rsi=Oop [232]=Oop }
                      ;*invokevirtual initFence {reexecute=0 rethrow=0 return_oop=0}
                      ; - org.jetbrains.skiko.context.Direct3DContextHandler::initCanvas@166 (line 63)
                      ;   {metadata({method} {0x00000235c5f9e870} 'initFence' '()V' in 'org/jetbrains/skiko/redrawer/Direct3DRedrawer')}
  0x00000235a8473ce8: 5606 49ba | 68e8 f9c5 | 3502 0000 | 4c89 5424 | 0848 c704 | 24ff ffff 

  0x00000235a8473d00: ;   {runtime_call C1 Runtime counter_overflow_blob}
  0x00000235a8473d00: ffe8 dad7 

  0x00000235a8473d04: ; ImmutableOopMap {rsi=Oop [232]=Oop }
                      ;*synchronization entry
                      ; - org.jetbrains.skiko.redrawer.Direct3DRedrawer::initFence@-1 (line 126)
                      ; - org.jetbrains.skiko.context.Direct3DContextHandler::initCanvas@166 (line 63)
  0x00000235a8473d04: 5606 e97e 

  0x00000235a8473d08: ;   {metadata({method} {0x00000235c5fa5e78} 'getDirectXRedrawer' '()Lorg/jetbrains/skiko/redrawer/Direct3DRedrawer;' in 'org/jetbrains/skiko/context/Direct3DContextHandler')}
  0x00000235a8473d08: e3ff ff49 | ba70 5efa | c535 0200 | 004c 8954 | 2408 48c7 | 0424 ffff 

  0x00000235a8473d20: ;   {runtime_call C1 Runtime counter_overflow_blob}
  0x00000235a8473d20: ffff e8b9 

  0x00000235a8473d24: ; ImmutableOopMap {rdx=Oop rbx=Oop [232]=Oop [384]=Oop }
                      ;*synchronization entry
                      ; - org.jetbrains.skiko.context.Direct3DContextHandler::getDirectXRedrawer@-1 (line 18)
                      ; - org.jetbrains.skiko.context.Direct3DContextHandler::initCanvas@175 (line 66)
  0x00000235a8473d24: d756 06e9 | 1be4 ffff 

  0x00000235a8473d2c: ;   {runtime_call C1 Runtime throw_null_pointer_exception_blob}
  0x00000235a8473d2c: e82f 8056 

  0x00000235a8473d30: ; ImmutableOopMap {rdx=Oop rbx=Oop rsi=Oop [232]=Oop [384]=Oop }
                      ;*invokevirtual getRedrawer$skiko {reexecute=0 rethrow=0 return_oop=0}
                      ; - org.jetbrains.skiko.context.Direct3DContextHandler::getDirectXRedrawer@4 (line 18)
                      ; - org.jetbrains.skiko.context.Direct3DContextHandler::initCanvas@175 (line 66)
                      ;   {metadata({method} {0x00000235c5ba7488} 'getRedrawer$skiko' '()Lorg/jetbrains/skiko/redrawer/Redrawer;' in 'org/jetbrains/skiko/SkiaLayer')}
  0x00000235a8473d30: 0649 ba80 | 74ba c535 | 0200 004c | 8954 2408 | 48c7 0424 | ffff ffff 

  0x00000235a8473d48: ;   {runtime_call C1 Runtime counter_overflow_blob}
  0x00000235a8473d48: e893 d756 

  0x00000235a8473d4c: ; ImmutableOopMap {rdx=Oop rbx=Oop rsi=Oop [232]=Oop [384]=Oop }
                      ;*synchronization entry
                      ; - org.jetbrains.skiko.SkiaLayer::getRedrawer$skiko@-1 (line 356)
                      ; - org.jetbrains.skiko.context.Direct3DContextHandler::getDirectXRedrawer@4 (line 18)
                      ; - org.jetbrains.skiko.context.Direct3DContextHandler::initCanvas@175 (line 66)
  0x00000235a8473d4c: 06e9 43e5 

  0x00000235a8473d50: ;   {runtime_call C1 Runtime throw_null_pointer_exception_blob}
  0x00000235a8473d50: ffff e809 

  0x00000235a8473d54: ; ImmutableOopMap {rdx=Oop rbx=Oop rsi=Oop [232]=Oop [384]=Oop }
                      ;*invokevirtual getRedrawer {reexecute=0 rethrow=0 return_oop=0}
                      ; - org.jetbrains.skiko.SkiaLayer::getRedrawer$skiko@4 (line 356)
                      ; - org.jetbrains.skiko.context.Direct3DContextHandler::getDirectXRedrawer@4 (line 18)
                      ; - org.jetbrains.skiko.context.Direct3DContextHandler::initCanvas@175 (line 66)
  0x00000235a8473d54: 8056 0648 

  0x00000235a8473d58: ;   {runtime_call C1 Runtime throw_class_cast_exception_blob}
  0x00000235a8473d58: 8934 24e8 

  0x00000235a8473d5c: ; ImmutableOopMap {rdx=Oop rbx=Oop [232]=Oop [384]=Oop }
                      ;*checkcast {reexecute=0 rethrow=0 return_oop=0}
                      ; - org.jetbrains.skiko.SkiaLayer::getRedrawer$skiko@7 (line 356)
                      ; - org.jetbrains.skiko.context.Direct3DContextHandler::getDirectXRedrawer@4 (line 18)
                      ; - org.jetbrains.skiko.context.Direct3DContextHandler::initCanvas@175 (line 66)
  0x00000235a8473d5c: 00a4 5606 

  0x00000235a8473d60: ;   {metadata({method} {0x00000235c4412fc0} 'checkNotNull' '(Ljava/lang/Object;)V' in 'kotlin/jvm/internal/Intrinsics')}
  0x00000235a8473d60: 49ba b82f | 41c4 3502 | 0000 4c89 | 5424 0848 | c704 24ff 

  0x00000235a8473d74: ;   {runtime_call C1 Runtime counter_overflow_blob}
  0x00000235a8473d74: ffff ffe8 

  0x00000235a8473d78: ; ImmutableOopMap {rdx=Oop rbx=Oop r8=Oop [232]=Oop [376]=Oop [384]=Oop }
                      ;*synchronization entry
                      ; - kotlin.jvm.internal.Intrinsics::checkNotNull@-1 (line 24)
                      ; - org.jetbrains.skiko.context.Direct3DContextHandler::getDirectXRedrawer@8 (line 18)
                      ; - org.jetbrains.skiko.context.Direct3DContextHandler::initCanvas@175 (line 66)
  0x00000235a8473d78: 64d7 5606 | e9d7 e6ff 

  0x00000235a8473d80: ;   {metadata({method} {0x00000235c4413288} 'throwJavaNpe' '()V' in 'kotlin/jvm/internal/Intrinsics')}
  0x00000235a8473d80: ff49 ba80 | 3241 c435 | 0200 004c | 8954 2408 | 48c7 0424 | ffff ffff 

  0x00000235a8473d98: ;   {runtime_call C1 Runtime counter_overflow_blob}
  0x00000235a8473d98: e843 d756 

  0x00000235a8473d9c: ; ImmutableOopMap {[232]=Oop [376]=Oop [384]=Oop }
                      ;*synchronization entry
                      ; - kotlin.jvm.internal.Intrinsics::throwJavaNpe@-1 (line 45)
                      ; - kotlin.jvm.internal.Intrinsics::checkNotNull@4 (line 25)
                      ; - org.jetbrains.skiko.context.Direct3DContextHandler::getDirectXRedrawer@8 (line 18)
                      ; - org.jetbrains.skiko.context.Direct3DContextHandler::initCanvas@175 (line 66)
  0x00000235a8473d9c: 06e9 1ae7 

  0x00000235a8473da0: ;   {metadata(nullptr)}
  0x00000235a8473da0: ffff 48ba | 0000 0000 | 0000 0000 | b800 0f05 

  0x00000235a8473db0: ;   {runtime_call C1 Runtime load_klass_patching_blob}
  0x00000235a8473db0: 0ae8 2ac3 

  0x00000235a8473db4: ; ImmutableOopMap {[232]=Oop [376]=Oop [384]=Oop }
                      ;*new {reexecute=1 rethrow=0 return_oop=0}
                      ; - (reexecute) kotlin.jvm.internal.Intrinsics::throwJavaNpe@0 (line 45)
                      ; - kotlin.jvm.internal.Intrinsics::checkNotNull@4 (line 25)
                      ; - org.jetbrains.skiko.context.Direct3DContextHandler::getDirectXRedrawer@8 (line 18)
                      ; - org.jetbrains.skiko.context.Direct3DContextHandler::initCanvas@175 (line 66)
  0x00000235a8473db4: 5606 e905 | e7ff ff48 

  0x00000235a8473dbc: ;   {runtime_call C1 Runtime fast_new_instance_blob}
  0x00000235a8473dbc: 8bd2 e89d 

  0x00000235a8473dc0: ; ImmutableOopMap {[232]=Oop [376]=Oop [384]=Oop }
                      ;*new {reexecute=0 rethrow=0 return_oop=0}
                      ; - kotlin.jvm.internal.Intrinsics::throwJavaNpe@0 (line 45)
                      ; - kotlin.jvm.internal.Intrinsics::checkNotNull@4 (line 25)
                      ; - org.jetbrains.skiko.context.Direct3DContextHandler::getDirectXRedrawer@8 (line 18)
                      ; - org.jetbrains.skiko.context.Direct3DContextHandler::initCanvas@175 (line 66)
  0x00000235a8473dc0: 8856 06e9 | 50e7 ffff 

  0x00000235a8473dc8: ;   {metadata({method} {0x00000235c44181d8} 'sanitizeStackTrace' '(Ljava/lang/Throwable;)Ljava/lang/Throwable;' in 'kotlin/jvm/internal/Intrinsics')}
  0x00000235a8473dc8: 49ba d081 | 41c4 3502 | 0000 4c89 | 5424 0848 | c704 24ff 

  0x00000235a8473ddc: ;   {runtime_call C1 Runtime counter_overflow_blob}
  0x00000235a8473ddc: ffff ffe8 

  0x00000235a8473de0: ; ImmutableOopMap {[232]=Oop [376]=Oop [384]=Oop [392]=Oop }
                      ;*synchronization entry
                      ; - kotlin.jvm.internal.Intrinsics::sanitizeStackTrace@-1 (line 253)
                      ; - kotlin.jvm.internal.Intrinsics::throwJavaNpe@7 (line 45)
                      ; - kotlin.jvm.internal.Intrinsics::checkNotNull@4 (line 25)
                      ; - org.jetbrains.skiko.context.Direct3DContextHandler::getDirectXRedrawer@8 (line 18)
                      ; - org.jetbrains.skiko.context.Direct3DContextHandler::initCanvas@175 (line 66)
  0x00000235a8473de0: fcd6 5606 | e99c e7ff 

  0x00000235a8473de8: ;   {metadata({method} {0x000000003d196ac8} 'getName' '()Ljava/lang/String;' in 'java/lang/Class')}
  0x00000235a8473de8: ff49 bac0 | 6a19 3d00 | 0000 004c | 8954 2408 | 48c7 0424 | ffff ffff 

  0x00000235a8473e00: ;   {runtime_call C1 Runtime counter_overflow_blob}
  0x00000235a8473e00: e8db d656 

  0x00000235a8473e04: ; ImmutableOopMap {rdx=Oop [232]=Oop [376]=Oop [384]=Oop [392]=Oop }
                      ;*synchronization entry
                      ; - java.lang.Class::getName@-1 (line 950)
                      ; - kotlin.jvm.internal.Intrinsics::sanitizeStackTrace@3 (line 253)
                      ; - kotlin.jvm.internal.Intrinsics::throwJavaNpe@7 (line 45)
                      ; - kotlin.jvm.internal.Intrinsics::checkNotNull@4 (line 25)
                      ; - org.jetbrains.skiko.context.Direct3DContextHandler::getDirectXRedrawer@8 (line 18)
                      ; - org.jetbrains.skiko.context.Direct3DContextHandler::initCanvas@175 (line 66)
  0x00000235a8473e04: 06e9 3be8 | ffff 4c89 

  0x00000235a8473e0c: ;   {runtime_call C1 Runtime throw_class_cast_exception_blob}
  0x00000235a8473e0c: 0424 e84d 

  0x00000235a8473e10: ; ImmutableOopMap {[232]=Oop [384]=Oop }
                      ;*checkcast {reexecute=0 rethrow=0 return_oop=0}
                      ; - org.jetbrains.skiko.context.Direct3DContextHandler::getDirectXRedrawer@11 (line 18)
                      ; - org.jetbrains.skiko.context.Direct3DContextHandler::initCanvas@175 (line 66)
                      ;   {runtime_call C1 Runtime throw_null_pointer_exception_blob}
  0x00000235a8473e10: a356 06e8 

  0x00000235a8473e14: ; ImmutableOopMap {rsi=Oop [232]=Oop [384]=Oop }
                      ;*invokevirtual getBufferIndex {reexecute=0 rethrow=0 return_oop=0}
                      ; - org.jetbrains.skiko.context.Direct3DContextHandler::initCanvas@178 (line 66)
  0x00000235a8473e14: 487f 5606 

  0x00000235a8473e18: ;   {metadata({method} {0x00000235c5f9e7c0} 'getBufferIndex' '()I' in 'org/jetbrains/skiko/redrawer/Direct3DRedrawer')}
  0x00000235a8473e18: 49ba b8e7 | f9c5 3502 | 0000 4c89 | 5424 0848 | c704 24ff 

  0x00000235a8473e2c: ;   {runtime_call C1 Runtime counter_overflow_blob}
  0x00000235a8473e2c: ffff ffe8 

  0x00000235a8473e30: ; ImmutableOopMap {rsi=Oop [232]=Oop [384]=Oop }
                      ;*synchronization entry
                      ; - org.jetbrains.skiko.redrawer.Direct3DRedrawer::getBufferIndex@-1 (line 125)
                      ; - org.jetbrains.skiko.context.Direct3DContextHandler::initCanvas@178 (line 66)
  0x00000235a8473e30: acd6 5606 | e911 eaff 

  0x00000235a8473e38: ;   {runtime_call C1 Runtime throw_null_pointer_exception_blob}
  0x00000235a8473e38: ffe8 227f 

  0x00000235a8473e3c: ; ImmutableOopMap {rbx=Oop [232]=Oop [384]=Oop }
                      ;*aaload {reexecute=0 rethrow=0 return_oop=0}
                      ; - org.jetbrains.skiko.context.Direct3DContextHandler::initCanvas@181 (line 66)
                      ;   {runtime_call C1 Runtime throw_null_pointer_exception_blob}
  0x00000235a8473e3c: 5606 e81d 

  0x00000235a8473e40: ; ImmutableOopMap {rbx=Oop [232]=Oop [384]=Oop }
                      ;*aaload {reexecute=0 rethrow=0 return_oop=0}
                      ; - org.jetbrains.skiko.context.Direct3DContextHandler::initCanvas@181 (line 66)
  0x00000235a8473e40: 7f56 0648 | 8904 2448 | 895c 2408 

  0x00000235a8473e4c: ;   {runtime_call C1 Runtime throw_range_check_failed_blob}
  0x00000235a8473e4c: e88f 6a56 

  0x00000235a8473e50: ; ImmutableOopMap {rbx=Oop [232]=Oop [384]=Oop }
                      ;*aaload {reexecute=0 rethrow=0 return_oop=0}
                      ; - org.jetbrains.skiko.context.Direct3DContextHandler::initCanvas@181 (line 66)
  0x00000235a8473e50: 068b 721c | 48c1 e603 | 4883 fe00 | 0f84 1feb | ffff 4889 

  0x00000235a8473e64: ;   {runtime_call g1_pre_barrier_slow}
  0x00000235a8473e64: 3424 e875 | dc56 06e9 | 11eb ffff | 4883 fb00 | 0f84 26eb | ffff 4889 

  0x00000235a8473e7c: ;   {runtime_call g1_post_barrier_slow}
  0x00000235a8473e7c: 1424 e85d | df56 06e9 | 18eb ffff 

  0x00000235a8473e88: ;   {metadata({method} {0x00000235c4412fc0} 'checkNotNull' '(Ljava/lang/Object;)V' in 'kotlin/jvm/internal/Intrinsics')}
  0x00000235a8473e88: 49ba b82f | 41c4 3502 | 0000 4c89 | 5424 0848 | c704 24ff 

  0x00000235a8473e9c: ;   {runtime_call C1 Runtime counter_overflow_blob}
  0x00000235a8473e9c: ffff ffe8 

  0x00000235a8473ea0: ; ImmutableOopMap {rbx=Oop rdx=Oop [232]=Oop [408]=Oop }
                      ;*synchronization entry
                      ; - kotlin.jvm.internal.Intrinsics::checkNotNull@-1 (line 24)
                      ; - org.jetbrains.skiko.context.Direct3DContextHandler::initCanvas@191 (line 67)
  0x00000235a8473ea0: 3cd6 5606 | e9bf ebff 

  0x00000235a8473ea8: ;   {metadata({method} {0x00000235c4413288} 'throwJavaNpe' '()V' in 'kotlin/jvm/internal/Intrinsics')}
  0x00000235a8473ea8: ff49 ba80 | 3241 c435 | 0200 004c | 8954 2408 | 48c7 0424 | ffff ffff 

  0x00000235a8473ec0: ;   {runtime_call C1 Runtime counter_overflow_blob}
  0x00000235a8473ec0: e81b d656 

  0x00000235a8473ec4: ; ImmutableOopMap {[232]=Oop [408]=Oop }
                      ;*synchronization entry
                      ; - kotlin.jvm.internal.Intrinsics::throwJavaNpe@-1 (line 45)
                      ; - kotlin.jvm.internal.Intrinsics::checkNotNull@4 (line 25)
                      ; - org.jetbrains.skiko.context.Direct3DContextHandler::initCanvas@191 (line 67)
  0x00000235a8473ec4: 06e9 02ec 

  0x00000235a8473ec8: ;   {metadata(nullptr)}
  0x00000235a8473ec8: ffff 48ba | 0000 0000 | 0000 0000 | b800 0f05 

  0x00000235a8473ed8: ;   {runtime_call C1 Runtime load_klass_patching_blob}
  0x00000235a8473ed8: 0ae8 02c2 

  0x00000235a8473edc: ; ImmutableOopMap {[232]=Oop [408]=Oop }
                      ;*new {reexecute=1 rethrow=0 return_oop=0}
                      ; - (reexecute) kotlin.jvm.internal.Intrinsics::throwJavaNpe@0 (line 45)
                      ; - kotlin.jvm.internal.Intrinsics::checkNotNull@4 (line 25)
                      ; - org.jetbrains.skiko.context.Direct3DContextHandler::initCanvas@191 (line 67)
  0x00000235a8473edc: 5606 e9ed | ebff ff48 

  0x00000235a8473ee4: ;   {runtime_call C1 Runtime fast_new_instance_blob}
  0x00000235a8473ee4: 8bd2 e875 

  0x00000235a8473ee8: ; ImmutableOopMap {[232]=Oop [408]=Oop }
                      ;*new {reexecute=0 rethrow=0 return_oop=0}
                      ; - kotlin.jvm.internal.Intrinsics::throwJavaNpe@0 (line 45)
                      ; - kotlin.jvm.internal.Intrinsics::checkNotNull@4 (line 25)
                      ; - org.jetbrains.skiko.context.Direct3DContextHandler::initCanvas@191 (line 67)
  0x00000235a8473ee8: 8756 06e9 | 38ec ffff 

  0x00000235a8473ef0: ;   {metadata({method} {0x00000235c44181d8} 'sanitizeStackTrace' '(Ljava/lang/Throwable;)Ljava/lang/Throwable;' in 'kotlin/jvm/internal/Intrinsics')}
  0x00000235a8473ef0: 49ba d081 | 41c4 3502 | 0000 4c89 | 5424 0848 | c704 24ff 

  0x00000235a8473f04: ;   {runtime_call C1 Runtime counter_overflow_blob}
  0x00000235a8473f04: ffff ffe8 

  0x00000235a8473f08: ; ImmutableOopMap {[232]=Oop [408]=Oop [416]=Oop }
                      ;*synchronization entry
                      ; - kotlin.jvm.internal.Intrinsics::sanitizeStackTrace@-1 (line 253)
                      ; - kotlin.jvm.internal.Intrinsics::throwJavaNpe@7 (line 45)
                      ; - kotlin.jvm.internal.Intrinsics::checkNotNull@4 (line 25)
                      ; - org.jetbrains.skiko.context.Direct3DContextHandler::initCanvas@191 (line 67)
  0x00000235a8473f08: d4d5 5606 | e984 ecff 

  0x00000235a8473f10: ;   {metadata({method} {0x000000003d196ac8} 'getName' '()Ljava/lang/String;' in 'java/lang/Class')}
  0x00000235a8473f10: ff49 bac0 | 6a19 3d00 | 0000 004c | 8954 2408 | 48c7 0424 | ffff ffff 

  0x00000235a8473f28: ;   {runtime_call C1 Runtime counter_overflow_blob}
  0x00000235a8473f28: e8b3 d556 

  0x00000235a8473f2c: ; ImmutableOopMap {rdx=Oop [232]=Oop [408]=Oop [416]=Oop }
                      ;*synchronization entry
                      ; - java.lang.Class::getName@-1 (line 950)
                      ; - kotlin.jvm.internal.Intrinsics::sanitizeStackTrace@3 (line 253)
                      ; - kotlin.jvm.internal.Intrinsics::throwJavaNpe@7 (line 45)
                      ; - kotlin.jvm.internal.Intrinsics::checkNotNull@4 (line 25)
                      ; - org.jetbrains.skiko.context.Direct3DContextHandler::initCanvas@191 (line 67)
  0x00000235a8473f2c: 06e9 23ed 

  0x00000235a8473f30: ;   {runtime_call C1 Runtime throw_null_pointer_exception_blob}
  0x00000235a8473f30: ffff e829 

  0x00000235a8473f34: ; ImmutableOopMap {rbx=Oop [232]=Oop [408]=Oop }
                      ;*invokevirtual getCanvas {reexecute=0 rethrow=0 return_oop=0}
                      ; - org.jetbrains.skiko.context.Direct3DContextHandler::initCanvas@194 (line 67)
  0x00000235a8473f34: 7e56 0644 | 8b42 2049 | c1e0 0349 | 83f8 000f | 84e4 eeff | ff4c 8904 

  0x00000235a8473f4c: ;   {runtime_call g1_pre_barrier_slow}
  0x00000235a8473f4c: 24e8 8edb | 5606 e9d6 | eeff ff48 | 83f8 000f | 84eb eeff | ff48 8914 

  0x00000235a8473f64: ;   {runtime_call g1_post_barrier_slow}
  0x00000235a8473f64: 24e8 76de | 5606 e9dd 

  0x00000235a8473f6c: ;   {internal_word}
  0x00000235a8473f6c: eeff ff49 | ba54 2e47 | a835 0200 | 004d 8997 | e004 0000 

  0x00000235a8473f80: ;   {runtime_call SafepointBlob}
  0x00000235a8473f80: e9db cf49 

  0x00000235a8473f84: ;   {internal_word}
  0x00000235a8473f84: 0649 ba67 | 2e47 a835 | 0200 004d | 8997 e004 

  0x00000235a8473f94: ;   {runtime_call SafepointBlob}
  0x00000235a8473f94: 0000 e9c5 | cf49 0648 

  0x00000235a8473f9c: ;   {runtime_call C1 Runtime throw_class_cast_exception_blob}
  0x00000235a8473f9c: 8904 24e8 

  0x00000235a8473fa0: ; ImmutableOopMap {rbx=Oop [232]=Oop [408]=Oop }
                      ;*checkcast {reexecute=0 rethrow=0 return_oop=0}
                      ; - kotlin.jvm.internal.Intrinsics::throwJavaNpe@10 (line 45)
                      ; - kotlin.jvm.internal.Intrinsics::checkNotNull@4 (line 25)
                      ; - org.jetbrains.skiko.context.Direct3DContextHandler::initCanvas@191 (line 67)
  0x00000235a8473fa0: bca1 5606 

  0x00000235a8473fa4: ;   {runtime_call C1 Runtime throw_null_pointer_exception_blob}
  0x00000235a8473fa4: e8b7 7d56 

  0x00000235a8473fa8: ; ImmutableOopMap {rbx=Oop rax=Oop [232]=Oop [408]=Oop }
                      ;*athrow {reexecute=1 rethrow=0 return_oop=0}
                      ; - (reexecute) kotlin.jvm.internal.Intrinsics::throwJavaNpe@13 (line 45)
                      ; - kotlin.jvm.internal.Intrinsics::checkNotNull@4 (line 25)
                      ; - org.jetbrains.skiko.context.Direct3DContextHandler::initCanvas@191 (line 67)
  0x00000235a8473fa8: 0648 8904 

  0x00000235a8473fac: ;   {runtime_call C1 Runtime throw_class_cast_exception_blob}
  0x00000235a8473fac: 24e8 aea1 

  0x00000235a8473fb0: ; ImmutableOopMap {r8=Oop rbx=Oop [232]=Oop [376]=Oop [384]=Oop }
                      ;*checkcast {reexecute=0 rethrow=0 return_oop=0}
                      ; - kotlin.jvm.internal.Intrinsics::throwJavaNpe@10 (line 45)
                      ; - kotlin.jvm.internal.Intrinsics::checkNotNull@4 (line 25)
                      ; - org.jetbrains.skiko.context.Direct3DContextHandler::getDirectXRedrawer@8 (line 18)
                      ; - org.jetbrains.skiko.context.Direct3DContextHandler::initCanvas@175 (line 66)
                      ;   {runtime_call C1 Runtime throw_null_pointer_exception_blob}
  0x00000235a8473fb0: 5606 e8a9 

  0x00000235a8473fb4: ; ImmutableOopMap {r8=Oop rbx=Oop rax=Oop [232]=Oop [376]=Oop [384]=Oop }
                      ;*athrow {reexecute=1 rethrow=0 return_oop=0}
                      ; - (reexecute) kotlin.jvm.internal.Intrinsics::throwJavaNpe@13 (line 45)
                      ; - kotlin.jvm.internal.Intrinsics::checkNotNull@4 (line 25)
                      ; - org.jetbrains.skiko.context.Direct3DContextHandler::getDirectXRedrawer@8 (line 18)
                      ; - org.jetbrains.skiko.context.Direct3DContextHandler::initCanvas@175 (line 66)
  0x00000235a8473fb4: 7d56 0648 

  0x00000235a8473fb8: ;   {runtime_call C1 Runtime throw_class_cast_exception_blob}
  0x00000235a8473fb8: 8904 24e8 

  0x00000235a8473fbc: ; ImmutableOopMap {rbx=Oop [232]=Oop [352]=Oop }
                      ;*checkcast {reexecute=0 rethrow=0 return_oop=0}
                      ; - kotlin.jvm.internal.Intrinsics::throwJavaNpe@10 (line 45)
                      ; - kotlin.jvm.internal.Intrinsics::checkNotNull@4 (line 25)
                      ; - org.jetbrains.skiko.context.Direct3DContextHandler::getDirectXRedrawer@8 (line 18)
                      ; - org.jetbrains.skiko.context.Direct3DContextHandler::initCanvas@163 (line 63)
  0x00000235a8473fbc: a0a1 5606 

  0x00000235a8473fc0: ;   {runtime_call C1 Runtime throw_null_pointer_exception_blob}
  0x00000235a8473fc0: e89b 7d56 

  0x00000235a8473fc4: ; ImmutableOopMap {rbx=Oop rax=Oop [232]=Oop [352]=Oop }
                      ;*athrow {reexecute=1 rethrow=0 return_oop=0}
                      ; - (reexecute) kotlin.jvm.internal.Intrinsics::throwJavaNpe@13 (line 45)
                      ; - kotlin.jvm.internal.Intrinsics::checkNotNull@4 (line 25)
                      ; - org.jetbrains.skiko.context.Direct3DContextHandler::getDirectXRedrawer@8 (line 18)
                      ; - org.jetbrains.skiko.context.Direct3DContextHandler::initCanvas@163 (line 63)
  0x00000235a8473fc4: 0648 8904 

  0x00000235a8473fc8: ;   {runtime_call C1 Runtime throw_class_cast_exception_blob}
  0x00000235a8473fc8: 24e8 92a1 

  0x00000235a8473fcc: ; ImmutableOopMap {r8=Oop r14=Oop [232]=Oop [248]=Oop [288]=Oop [312]=Oop }
                      ;*checkcast {reexecute=0 rethrow=0 return_oop=0}
                      ; - kotlin.jvm.internal.Intrinsics::throwJavaNpe@10 (line 45)
                      ; - kotlin.jvm.internal.Intrinsics::checkNotNull@4 (line 25)
                      ; - org.jetbrains.skiko.context.Direct3DContextHandler::getDirectXRedrawer@8 (line 18)
                      ; - org.jetbrains.skiko.context.Direct3DContextHandler::initCanvas@114 (line 50)
                      ;   {runtime_call C1 Runtime throw_null_pointer_exception_blob}
  0x00000235a8473fcc: 5606 e88d 

  0x00000235a8473fd0: ; ImmutableOopMap {r8=Oop r14=Oop rax=Oop [232]=Oop [248]=Oop [288]=Oop [312]=Oop }
                      ;*athrow {reexecute=1 rethrow=0 return_oop=0}
                      ; - (reexecute) kotlin.jvm.internal.Intrinsics::throwJavaNpe@13 (line 45)
                      ; - kotlin.jvm.internal.Intrinsics::checkNotNull@4 (line 25)
                      ; - org.jetbrains.skiko.context.Direct3DContextHandler::getDirectXRedrawer@8 (line 18)
                      ; - org.jetbrains.skiko.context.Direct3DContextHandler::initCanvas@114 (line 50)
  0x00000235a8473fd0: 7d56 0648 

  0x00000235a8473fd4: ;   {runtime_call C1 Runtime throw_class_cast_exception_blob}
  0x00000235a8473fd4: 8904 24e8 

  0x00000235a8473fd8: ; ImmutableOopMap {r8=Oop rdi=Oop [232]=Oop [248]=Oop [288]=Oop [296]=Oop }
                      ;*checkcast {reexecute=0 rethrow=0 return_oop=0}
                      ; - kotlin.jvm.internal.Intrinsics::throwParameterIsNullNPE@14 (line 140)
                      ; - kotlin.jvm.internal.Intrinsics::checkNotNullParameter@5 (line 131)
                      ; - org.jetbrains.skia.SurfaceProps::<init>@3
                      ; - org.jetbrains.skia.SurfaceProps::<init>@21 (line 3)
                      ; - org.jetbrains.skiko.context.Direct3DContextHandler::initCanvas@86 (line 48)
  0x00000235a8473fd8: 84a1 5606 

  0x00000235a8473fdc: ;   {runtime_call C1 Runtime throw_null_pointer_exception_blob}
  0x00000235a8473fdc: e87f 7d56 

  0x00000235a8473fe0: ; ImmutableOopMap {r8=Oop rdi=Oop rax=Oop [232]=Oop [248]=Oop [288]=Oop [296]=Oop }
                      ;*athrow {reexecute=1 rethrow=0 return_oop=0}
                      ; - (reexecute) kotlin.jvm.internal.Intrinsics::throwParameterIsNullNPE@17 (line 140)
                      ; - kotlin.jvm.internal.Intrinsics::checkNotNullParameter@5 (line 131)
                      ; - org.jetbrains.skia.SurfaceProps::<init>@3
                      ; - org.jetbrains.skia.SurfaceProps::<init>@21 (line 3)
                      ; - org.jetbrains.skiko.context.Direct3DContextHandler::initCanvas@86 (line 48)
  0x00000235a8473fe0: 0648 8904 

  0x00000235a8473fe4: ;   {runtime_call C1 Runtime throw_class_cast_exception_blob}
  0x00000235a8473fe4: 24e8 76a1 

  0x00000235a8473fe8: ; ImmutableOopMap {rbx=Oop rsi=Oop [232]=Oop [240]=Oop [248]=Oop [264]=Oop }
                      ;*checkcast {reexecute=0 rethrow=0 return_oop=0}
                      ; - kotlin.jvm.internal.Intrinsics::throwJavaNpe@10 (line 45)
                      ; - kotlin.jvm.internal.Intrinsics::checkNotNull@4 (line 25)
                      ; - org.jetbrains.skiko.context.Direct3DContextHandler::getDirectXRedrawer@8 (line 18)
                      ; - org.jetbrains.skiko.context.Direct3DContextHandler::initCanvas@63 (line 46)
                      ;   {runtime_call C1 Runtime throw_null_pointer_exception_blob}
  0x00000235a8473fe8: 5606 e871 

  0x00000235a8473fec: ; ImmutableOopMap {rbx=Oop rsi=Oop rax=Oop [232]=Oop [240]=Oop [248]=Oop [264]=Oop }
                      ;*athrow {reexecute=1 rethrow=0 return_oop=0}
                      ; - (reexecute) kotlin.jvm.internal.Intrinsics::throwJavaNpe@13 (line 45)
                      ; - kotlin.jvm.internal.Intrinsics::checkNotNull@4 (line 25)
                      ; - org.jetbrains.skiko.context.Direct3DContextHandler::getDirectXRedrawer@8 (line 18)
                      ; - org.jetbrains.skiko.context.Direct3DContextHandler::initCanvas@63 (line 46)
  0x00000235a8473fec: 7d56 0648 

  0x00000235a8473ff0: ;   {runtime_call C1 Runtime throw_class_cast_exception_blob}
  0x00000235a8473ff0: 8904 24e8 

  0x00000235a8473ff4: ; ImmutableOopMap {rdx=Oop r8=Oop [232]=Oop [240]=Oop }
                      ;*checkcast {reexecute=0 rethrow=0 return_oop=0}
                      ; - kotlin.jvm.internal.Intrinsics::throwParameterIsNullNPE@14 (line 140)
                      ; - kotlin.jvm.internal.Intrinsics::checkNotNullParameter@5 (line 131)
                      ; - org.jetbrains.skiko.context.Direct3DContextHandler::initCanvas@3
  0x00000235a8473ff4: 68a1 5606 

  0x00000235a8473ff8: ;   {runtime_call C1 Runtime throw_null_pointer_exception_blob}
  0x00000235a8473ff8: e863 7d56 

  0x00000235a8473ffc: ; ImmutableOopMap {rdx=Oop r8=Oop rax=Oop [232]=Oop [240]=Oop }
                      ;*athrow {reexecute=1 rethrow=0 return_oop=0}
                      ; - (reexecute) kotlin.jvm.internal.Intrinsics::throwParameterIsNullNPE@17 (line 140)
                      ; - kotlin.jvm.internal.Intrinsics::checkNotNullParameter@5 (line 131)
                      ; - org.jetbrains.skiko.context.Direct3DContextHandler::initCanvas@3
                      ;   {metadata({method} {0x000000003d1b69f8} 'reachabilityFence' '(Ljava/lang/Object;)V' in 'java/lang/ref/Reference')}
  0x00000235a8473ffc: 0649 baf0 | 691b 3d00 | 0000 004c | 8954 2408 | 48c7 0424 | ffff ffff 

  0x00000235a8474014: ;   {runtime_call C1 Runtime counter_overflow_blob}
  0x00000235a8474014: e8c7 d456 

  0x00000235a8474018: ; ImmutableOopMap {rax=Oop }
                      ;*synchronization entry
                      ; - java.lang.ref.Reference::reachabilityFence@-1 (line 669)
                      ; - org.jetbrains.skiko.context.Direct3DContextHandler::initCanvas@151 (line 59)
  0x00000235a8474018: 06e9 f4f5 | ffff 498b | 8788 0500 | 0049 c787 | 8805 0000 | 0000 0000 | 49c7 8790 | 0500 0000 
  0x00000235a8474038: 0000 0048 | 81c4 b001 

  0x00000235a8474040: ;   {runtime_call C1 Runtime unwind_exception_blob}
  0x00000235a8474040: 0000 5de9 | 985e 5606 
[Stub Code]
  0x00000235a8474048: ;   {static_stub}
  0x00000235a8474048: 48bb 0000 | 0000 0000 

  0x00000235a8474050: ;   {runtime_call nmethod}
  0x00000235a8474050: 0000 e9fb 

  0x00000235a8474054: ;   {static_stub}
  0x00000235a8474054: ffff ff48 | bb58 eff9 | c535 0200 

  0x00000235a8474060: ;   {runtime_call I2C/C2I adapters}
  0x00000235a8474060: 00e9 d099 

  0x00000235a8474064: ;   {static_stub}
  0x00000235a8474064: 4906 48bb | 0000 0000 | 0000 0000 

  0x00000235a8474070: ;   {runtime_call nmethod}
  0x00000235a8474070: e9fb ffff 

  0x00000235a8474074: ;   {static_stub}
  0x00000235a8474074: ff48 bb00 | 0000 0000 

  0x00000235a847407c: ;   {runtime_call nmethod}
  0x00000235a847407c: 0000 00e9 | fbff ffff 

  0x00000235a8474084: ;   {static_stub}
  0x00000235a8474084: 48bb 0000 | 0000 0000 

  0x00000235a847408c: ;   {runtime_call nmethod}
  0x00000235a847408c: 0000 e9fb 

  0x00000235a8474090: ;   {static_stub}
  0x00000235a8474090: ffff ff48 | bb20 e6f9 | c535 0200 

  0x00000235a847409c: ;   {runtime_call I2C/C2I adapters}
  0x00000235a847409c: 00e9 18c3 

  0x00000235a84740a0: ;   {static_stub}
  0x00000235a84740a0: 4706 48bb | 30e5 f9c5 | 3502 0000 

  0x00000235a84740ac: ;   {runtime_call I2C/C2I adapters}
  0x00000235a84740ac: e993 8980 

  0x00000235a84740b0: ;   {static_stub}
  0x00000235a84740b0: 0648 bb00 | 0000 0000 

  0x00000235a84740b8: ;   {runtime_call nmethod}
  0x00000235a84740b8: 0000 00e9 | fbff ffff 

  0x00000235a84740c0: ;   {static_stub}
  0x00000235a84740c0: 48bb 0000 | 0000 0000 

  0x00000235a84740c8: ;   {runtime_call nmethod}
  0x00000235a84740c8: 0000 e9fb 

  0x00000235a84740cc: ;   {static_stub}
  0x00000235a84740cc: ffff ff48 | bb00 0000 | 0000 0000 

  0x00000235a84740d8: ;   {runtime_call nmethod}
  0x00000235a84740d8: 00e9 fbff 

  0x00000235a84740dc: ;   {static_stub}
  0x00000235a84740dc: ffff 48bb | 0000 0000 | 0000 0000 

  0x00000235a84740e8: ;   {runtime_call nmethod}
  0x00000235a84740e8: e9fb ffff 

  0x00000235a84740ec: ;   {static_stub}
  0x00000235a84740ec: ff48 bb00 | 0000 0000 

  0x00000235a84740f4: ;   {runtime_call nmethod}
  0x00000235a84740f4: 0000 00e9 | fbff ffff 

  0x00000235a84740fc: ;   {static_stub}
  0x00000235a84740fc: 48bb a864 | fac5 3502 

  0x00000235a8474104: ;   {runtime_call I2C/C2I adapters}
  0x00000235a8474104: 0000 e927 

  0x00000235a8474108: ;   {static_stub}
  0x00000235a8474108: c349 0648 | bb00 0000 | 0000 0000 

  0x00000235a8474114: ;   {runtime_call nmethod}
  0x00000235a8474114: 00e9 fbff 

  0x00000235a8474118: ;   {static_stub}
  0x00000235a8474118: ffff 48bb | e028 e2c6 | 3502 0000 

  0x00000235a8474124: ;   {runtime_call I2C/C2I adapters}
  0x00000235a8474124: e909 9547 

  0x00000235a8474128: ;   {runtime_call C1 Runtime handle_exception_from_callee_blob}
  0x00000235a8474128: 06e8 329a 

  0x00000235a847412c: ;   {external_word}
  0x00000235a847412c: 5606 48b9 | 4071 0f29 | ff7f 0000 | 4883 e4f0 

  0x00000235a847413c: ;   {runtime_call}
  0x00000235a847413c: 48b8 a0b8 | c928 ff7f | 0000 ffd0 

  0x00000235a8474148: ;   {section_word}
  0x00000235a8474148: f449 ba49 | 4147 a835 | 0200 0041 

  0x00000235a8474154: ;   {runtime_call DeoptimizationBlob}
  0x00000235a8474154: 52e9 06d1 | 4906 f4f4 | f4f4 f4f4 
[/MachCode]


Compiled method (c1) 1927225 10664   !   3       org.jetbrains.skiko.context.ContextHandler::draw (110 bytes)
 total in heap  [0x00000235a834e008,0x00000235a834f950] = 6472
 main code      [0x00000235a834e100,0x00000235a834f838] = 5944
 stub code      [0x00000235a834f838,0x00000235a834f938] = 256
 oops           [0x00000235a834f938,0x00000235a834f950] = 24
 mutable data [0x00000235cb485da0,0x00000235cb486070] = 720
 relocation     [0x00000235cb485da0,0x00000235cb485fc8] = 552
 metadata       [0x00000235cb485fc8,0x00000235cb486070] = 168
 immutable data [0x00000235c936d770,0x00000235c936dee8] = 1912
 dependencies   [0x00000235c936d770,0x00000235c936d7a0] = 48
 nul chk table  [0x00000235c936d7a0,0x00000235c936d7c8] = 40
 handler table  [0x00000235c936d7c8,0x00000235c936d870] = 168
 scopes pcs     [0x00000235c936d870,0x00000235c936db90] = 800
 scopes data    [0x00000235c936db90,0x00000235c936dee8] = 856

[Constant Pool (empty)]

[MachCode]
[Instructions begin]
  0x00000235a834e100: 6666 660f | 1f84 0000 | 0000 0066 | 6666 9066 | 6690 448b | 5208 443b 

  0x00000235a834e118: ;   {runtime_call Shared Runtime ic_miss_blob}
  0x00000235a834e118: 5008 0f85 | c009 5c06 
[Verified Entry Point]
  0x00000235a834e120: 8984 2400 | 80ff ff55 | 4881 ecd0 | 0000 0090 | 4181 7f20 | 0e00 0000 

  0x00000235a834e138: ;   {runtime_call Stub::method_entry_barrier}
  0x00000235a834e138: 7405 e801 | 615a 0648 | 8994 2498 

  0x00000235a834e144: ;   {metadata(method data for {method} {0x00000235c5fa8d80} 'draw' '(Lorg/jetbrains/skiko/LayerDrawScope;)V' in 'org/jetbrains/skiko/context/ContextHandler')}
  0x00000235a834e144: 0000 0048 | be98 d96b | c735 0200 | 008b be90 | 0000 0083 | c702 89be | 9000 0000 | 81e7 fe07 
  0x00000235a834e164: 0000 85ff | 0f84 6513 

  0x00000235a834e16c: ;   {metadata(method data for {method} {0x00000235c5fa8d80} 'draw' '(Lorg/jetbrains/skiko/LayerDrawScope;)V' in 'org/jetbrains/skiko/context/ContextHandler')}
  0x00000235a834e16c: 0000 48be | 98d9 6bc7 | 3502 0000 | 4883 86d8 | 0000 0001 

  0x00000235a834e180: ;   {metadata(method data for {method} {0x00000235c4417008} 'checkNotNullParameter' '(Ljava/lang/Object;Ljava/lang/String;)V' in 'kotlin/jvm/internal/Intrinsics')}
  0x00000235a834e180: 48be 98fe | 67c4 3502 | 0000 8bbe | 9000 0000 | 83c7 0289 | be90 0000 | 0081 e7fe | ff1f 0085 
  0x00000235a834e1a0: ff0f 844d | 1300 004d 

  0x00000235a834e1a8: ;   {metadata(method data for {method} {0x00000235c4417008} 'checkNotNullParameter' '(Ljava/lang/Object;Ljava/lang/String;)V' in 'kotlin/jvm/internal/Intrinsics')}
  0x00000235a834e1a8: 85c0 48be | 98fe 67c4 | 3502 0000 | bfd8 0000 | 0075 05bf | e800 0000 | 488b 043e | 488d 4001 
  0x00000235a834e1c8: 4889 043e | 4c89 8424 | a000 0000 | 0f85 8202 

  0x00000235a834e1d8: ;   {metadata(method data for {method} {0x00000235c4417008} 'checkNotNullParameter' '(Ljava/lang/Object;Ljava/lang/String;)V' in 'kotlin/jvm/internal/Intrinsics')}
  0x00000235a834e1d8: 0000 48be | 98fe 67c4 | 3502 0000 | 4883 86f8 | 0000 0001 

  0x00000235a834e1ec: ;   {metadata(method data for {method} {0x00000235c4417178} 'throwParameterIsNullNPE' '(Ljava/lang/String;)V' in 'kotlin/jvm/internal/Intrinsics')}
  0x00000235a834e1ec: 48be 30b2 | 67c4 3502 | 0000 8bbe | 9000 0000 | 83c7 0289 | be90 0000 | 0081 e7fe | ff1f 0085 
  0x00000235a834e20c: ff0f 8402 | 1300 000f | 1f44 0000 

  0x00000235a834e218: ;   {other}
  0x00000235a834e218: e928 1300 | 0000 0000 | 0000 498b | 87c8 0100 | 0048 8d78 | 3049 3bbf | d801 0000 | 0f87 1513 
  0x00000235a834e238: 0000 4989 | bfc8 0100 | 0048 c700 | 0100 0000 | 488b ca41 | ba00 0000 | 3d49 2bca | 8948 0848 
  0x00000235a834e258: 33c9 8948 | 0c48 33c9 | 4889 4810 | 4889 4818 | 4889 4820 | 4889 4828 

  0x00000235a834e270: ;   {metadata(method data for {method} {0x00000235c4417178} 'throwParameterIsNullNPE' '(Ljava/lang/String;)V' in 'kotlin/jvm/internal/Intrinsics')}
  0x00000235a834e270: 48ba 30b2 | 67c4 3502 | 0000 4883 | 82d8 0000 

  0x00000235a834e280: ;   {oop("<this>"{0x0000000604001ed8})}
  0x00000235a834e280: 0001 48ba | d81e 0004 | 0600 0000 | 4889 8424 | 9000 0000 

  0x00000235a834e294: ;   {static_call}
  0x00000235a834e294: 6666 90e8 

  0x00000235a834e298: ; ImmutableOopMap {[144]=Oop [152]=Oop [160]=Oop }
                      ;*invokestatic createParameterIsNullExceptionMessage {reexecute=0 rethrow=0 return_oop=0}
                      ; - kotlin.jvm.internal.Intrinsics::throwParameterIsNullNPE@5 (line 140)
                      ; - kotlin.jvm.internal.Intrinsics::checkNotNullParameter@5 (line 131)
                      ; - org.jetbrains.skiko.context.ContextHandler::draw@3
  0x00000235a834e298: 4411 5c06 

  0x00000235a834e29c: ;   {post_call_nop}
  0x00000235a834e29c: 0f1f 8400 | 9402 0000 | 4c8b 8424 | 9000 0000 

  0x00000235a834e2ac: ;   {metadata(method data for {method} {0x00000235c4417178} 'throwParameterIsNullNPE' '(Ljava/lang/String;)V' in 'kotlin/jvm/internal/Intrinsics')}
  0x00000235a834e2ac: 48ba 30b2 | 67c4 3502 | 0000 4883 | 82e8 0000 | 0001 4c8b | c048 8b94 | 2490 0000 | 0066 0f1f 
  0x00000235a834e2cc: ;   {optimized virtual_call}
  0x00000235a834e2cc: 4400 00e8 

  0x00000235a834e2d0: ; ImmutableOopMap {[144]=Oop [152]=Oop [160]=Oop }
                      ;*invokespecial <init> {reexecute=0 rethrow=0 return_oop=0}
                      ; - kotlin.jvm.internal.Intrinsics::throwParameterIsNullNPE@8 (line 140)
                      ; - kotlin.jvm.internal.Intrinsics::checkNotNullParameter@5 (line 131)
                      ; - org.jetbrains.skiko.context.ContextHandler::draw@3
  0x00000235a834e2d0: 0c0b 5c06 

  0x00000235a834e2d4: ;   {post_call_nop}
  0x00000235a834e2d4: 0f1f 8400 | cc02 0001 

  0x00000235a834e2dc: ;   {metadata(method data for {method} {0x00000235c4417178} 'throwParameterIsNullNPE' '(Ljava/lang/String;)V' in 'kotlin/jvm/internal/Intrinsics')}
  0x00000235a834e2dc: 48ba 30b2 | 67c4 3502 | 0000 4883 | 82f8 0000 

  0x00000235a834e2ec: ;   {metadata(method data for {method} {0x00000235c44181d8} 'sanitizeStackTrace' '(Ljava/lang/Throwable;)Ljava/lang/Throwable;' in 'kotlin/jvm/internal/Intrinsics')}
  0x00000235a834e2ec: 0001 48ba | 20b8 67c4 | 3502 0000 | 8bb2 9000 | 0000 83c6 | 0289 b290 | 0000 0081 | e6fe ff1f 
  0x00000235a834e30c: 0085 f60f | 8447 1200 

  0x00000235a834e314: ;   {oop(a 'java/lang/Class'{0x00000006040022d8} = 'kotlin/jvm/internal/Intrinsics')}
  0x00000235a834e314: 0048 bad8 | 2200 0406 | 0000 0048 

  0x00000235a834e320: ;   {metadata(method data for {method} {0x00000235c44181d8} 'sanitizeStackTrace' '(Ljava/lang/Throwable;)Ljava/lang/Throwable;' in 'kotlin/jvm/internal/Intrinsics')}
  0x00000235a834e320: 8bf2 48bf | 20b8 67c4 | 3502 0000 | 8b76 0841 | ba00 0000 | 3d49 03f2 | 483b b7e0 | 0000 0075 
  0x00000235a834e340: 0d48 8387 | e800 0000 | 01e9 6000 | 0000 483b | b7f0 0000 | 0075 0d48 | 8387 f800 | 0000 01e9 
  0x00000235a834e360: 4a00 0000 | 4883 bfe0 | 0000 0000 | 7517 4889 | b7e0 0000 | 0048 c787 | e800 0000 | 0100 0000 
  0x00000235a834e380: e929 0000 | 0048 83bf | f000 0000 | 0075 1748 | 89b7 f000 | 0000 48c7 | 87f8 0000 | 0001 0000 
  0x00000235a834e3a0: 00e9 0800 | 0000 4883 | 87d8 0000 

  0x00000235a834e3ac: ;   {metadata(method data for {method} {0x000000003d196ac8} 'getName' '()Ljava/lang/String;' in 'java/lang/Class')}
  0x00000235a834e3ac: 0001 48be | 883c 0ec4 | 3502 0000 | 8bbe 9000 | 0000 83c7 | 0289 be90 | 0000 0081 | e7fe ff1f 
  0x00000235a834e3cc: 0085 ff0f | 84a8 1100 | 008b 5230 | 48c1 e203 

  0x00000235a834e3dc: ;   {metadata(method data for {method} {0x000000003d196ac8} 'getName' '()Ljava/lang/String;' in 'java/lang/Class')}
  0x00000235a834e3dc: 4885 d248 | be88 3c0e | c435 0200 | 00bf d800 | 0000 7405 | bfe8 0000 | 0048 8b1c | 3e48 8d5b 
  0x00000235a834e3fc: 0148 891c | 3e0f 8418 

  0x00000235a834e404: ;   {metadata(method data for {method} {0x000000003d196ac8} 'getName' '()Ljava/lang/String;' in 'java/lang/Class')}
  0x00000235a834e404: 0000 0048 | be88 3c0e | c435 0200 | 00ff 86f8 | 0000 0048 | 8bf2 e930 

  0x00000235a834e41c: ;   {oop(a 'java/lang/Class'{0x00000006040022d8} = 'kotlin/jvm/internal/Intrinsics')}
  0x00000235a834e41c: 0000 0048 | bad8 2200 | 0406 0000 | 0048 8bf2 

  0x00000235a834e42c: ;   {metadata(method data for {method} {0x000000003d196ac8} 'getName' '()Ljava/lang/String;' in 'java/lang/Class')}
  0x00000235a834e42c: 48bf 883c | 0ec4 3502 | 0000 4883 | 8710 0100 

  0x00000235a834e43c: ;   {optimized virtual_call}
  0x00000235a834e43c: 0001 90e8 

  0x00000235a834e440: ; ImmutableOopMap {[144]=Oop [152]=Oop [160]=Oop }
                      ;*invokevirtual initClassName {reexecute=0 rethrow=0 return_oop=0}
                      ; - java.lang.Class::getName@14 (line 951)
                      ; - kotlin.jvm.internal.Intrinsics::sanitizeStackTrace@3 (line 253)
                      ; - kotlin.jvm.internal.Intrinsics::throwParameterIsNullNPE@11 (line 140)
                      ; - kotlin.jvm.internal.Intrinsics::checkNotNullParameter@5 (line 131)
                      ; - org.jetbrains.skiko.context.ContextHandler::draw@3
  0x00000235a834e440: 9c09 5c06 

  0x00000235a834e444: ;   {post_call_nop}
  0x00000235a834e444: 0f1f 8400 | 3c04 0002 | 488b f048 | 8b84 2490 | 0000 00e9 | 9d0b 0000 | 488b 9424 | 9800 0000 
  0x00000235a834e464: ;   {metadata(method data for {method} {0x00000235c5fa8d80} 'draw' '(Lorg/jetbrains/skiko/LayerDrawScope;)V' in 'org/jetbrains/skiko/context/ContextHandler')}
  0x00000235a834e464: 48be 98d9 | 6bc7 3502 | 0000 8b52 | 0841 ba00 | 0000 3d49 | 03d2 483b | 96f0 0000 | 0075 0d48 
  0x00000235a834e484: 8386 f800 | 0000 01e9 | 6000 0000 | 483b 9600 | 0100 0075 | 0d48 8386 | 0801 0000 | 01e9 4a00 
  0x00000235a834e4a4: 0000 4883 | bef0 0000 | 0000 7517 | 4889 96f0 | 0000 0048 | c786 f800 | 0000 0100 | 0000 e929 
  0x00000235a834e4c4: 0000 0048 | 83be 0001 | 0000 0075 | 1748 8996 | 0001 0000 | 48c7 8608 | 0100 0001 | 0000 00e9 
  0x00000235a834e4e4: 0800 0000 | 4883 86e8 | 0000 0001 | 488b 9424 | 9800 0000 | 0f1f 8000 

  0x00000235a834e4fc: ;   {optimized virtual_call}
  0x00000235a834e4fc: 0000 00e8 

  0x00000235a834e500: ; ImmutableOopMap {[152]=Oop [160]=Oop }
                      ;*invokevirtual initContext {reexecute=0 rethrow=0 return_oop=0}
                      ; - org.jetbrains.skiko.context.ContextHandler::draw@7 (line 39)
  0x00000235a834e500: 9cd1 1100 

  0x00000235a834e504: ;   {post_call_nop}
  0x00000235a834e504: 0f1f 8400 | fc04 0003 

  0x00000235a834e50c: ;   {metadata(method data for {method} {0x00000235c5fa8d80} 'draw' '(Lorg/jetbrains/skiko/LayerDrawScope;)V' in 'org/jetbrains/skiko/context/ContextHandler')}
  0x00000235a834e50c: 85c0 49b8 | 98d9 6bc7 | 3502 0000 | ba28 0100 | 0074 05ba | 1801 0000 | 498b 3410 | 488d 7601 
  0x00000235a834e52c: 4989 3410 | 0f84 010a | 0000 488b | 9424 9800 | 0000 4c8b 

  0x00000235a834e540: ;   {metadata(method data for {method} {0x00000235c5fa8d80} 'draw' '(Lorg/jetbrains/skiko/LayerDrawScope;)V' in 'org/jetbrains/skiko/context/ContextHandler')}
  0x00000235a834e540: c248 be98 | d96b c735 | 0200 0048 | 8386 5801 | 0000 014c | 8b84 24a0 | 0000 0048 | 8bf2 488b 
  0x00000235a834e560: d666 0f1f 

  0x00000235a834e564: ;   {optimized virtual_call}
  0x00000235a834e564: 4400 00e8 

  0x00000235a834e568: ; ImmutableOopMap {[152]=Oop [160]=Oop }
                      ;*invokevirtual initCanvas {reexecute=0 rethrow=0 return_oop=0}
                      ; - org.jetbrains.skiko.context.ContextHandler::draw@28 (line 42)
  0x00000235a834e568: 3411 1200 

  0x00000235a834e56c: ;   {post_call_nop}
  0x00000235a834e56c: 0f1f 8400 | 6405 0004 | 488b 9424 | 9800 0000 | 8b72 2048 | c1e6 0348 | 89b4 24a8 | 0000 0048 
  0x00000235a834e58c: ;   {metadata(method data for {method} {0x00000235c5fa8d80} 'draw' '(Lorg/jetbrains/skiko/LayerDrawScope;)V' in 'org/jetbrains/skiko/context/ContextHandler')}
  0x00000235a834e58c: 85f6 48bf | 98d9 6bc7 | 3502 0000 | bb78 0100 | 0074 05bb | 8801 0000 | 488b 041f | 488d 4001 
  0x00000235a834e5ac: 4889 041f | 0f84 3009 | 0000 483b | 0648 8bfe 

  0x00000235a834e5bc: ;   {metadata(method data for {method} {0x00000235c5fa8d80} 'draw' '(Lorg/jetbrains/skiko/LayerDrawScope;)V' in 'org/jetbrains/skiko/context/ContextHandler')}
  0x00000235a834e5bc: 48bb 98d9 | 6bc7 3502 | 0000 8b7f | 0841 ba00 | 0000 3d49 | 03fa 483b | bba0 0100 | 0075 0d48 
  0x00000235a834e5dc: 8383 a801 | 0000 01e9 | 6000 0000 | 483b bbb0 | 0100 0075 | 0d48 8383 | b801 0000 | 01e9 4a00 
  0x00000235a834e5fc: 0000 4883 | bba0 0100 | 0000 7517 | 4889 bba0 | 0100 0048 | c783 a801 | 0000 0100 | 0000 e929 
  0x00000235a834e61c: 0000 0048 | 83bb b001 | 0000 0075 | 1748 89bb | b001 0000 | 48c7 83b8 | 0100 0001 | 0000 00e9 
  0x00000235a834e63c: 0800 0000 | 4883 8398 | 0100 0001 

  0x00000235a834e648: ;   {metadata(method data for {method} {0x00000235c513f808} 'save' '()I' in 'org/jetbrains/skia/Canvas')}
  0x00000235a834e648: 48bf 98fd | 2ac7 3502 | 0000 8b9f | 9000 0000 | 83c3 0289 | 9f90 0000 | 0081 e3fe | ff1f 0085 
  0x00000235a834e668: db0f 8434 

  0x00000235a834e66c: ;   {oop(a 'org/jetbrains/skia/impl/Stats'{0x000000060529bd28})}
  0x00000235a834e66c: 0f00 0048 | bf28 bd29 | 0506 0000 | 0048 8bdf 

  0x00000235a834e67c: ;   {metadata(method data for {method} {0x00000235c513f808} 'save' '()I' in 'org/jetbrains/skia/Canvas')}
  0x00000235a834e67c: 48b8 98fd | 2ac7 3502 | 0000 8b5b | 0841 ba00 | 0000 3d49 | 03da 483b | 98e0 0000 | 0075 0d48 
  0x00000235a834e69c: 8380 e800 | 0000 01e9 | 6000 0000 | 483b 98f0 | 0000 0075 | 0d48 8380 | f800 0000 | 01e9 4a00 
  0x00000235a834e6bc: 0000 4883 | b8e0 0000 | 0000 7517 | 4889 98e0 | 0000 0048 | c780 e800 | 0000 0100 | 0000 e929 
  0x00000235a834e6dc: 0000 0048 | 83b8 f000 | 0000 0075 | 1748 8998 | f000 0000 | 48c7 80f8 | 0000 0001 | 0000 00e9 
  0x00000235a834e6fc: 0800 0000 | 4883 80d8 | 0000 0001 | 488b d70f 

  0x00000235a834e70c: ;   {optimized virtual_call}
  0x00000235a834e70c: 1f40 00e8 

  0x00000235a834e710: ; ImmutableOopMap {[152]=Oop [160]=Oop [168]=Oop }
                      ;*invokevirtual onNativeCall {reexecute=0 rethrow=0 return_oop=0}
                      ; - org.jetbrains.skia.Canvas::save@4 (line 1430)
                      ; - org.jetbrains.skiko.context.ContextHandler::draw@43 (line 52)
  0x00000235a834e710: fc55 f206 

  0x00000235a834e714: ;   {post_call_nop}
  0x00000235a834e714: 0f1f 8400 | 0c07 0005 | 488b b424 | a800 0000 

  0x00000235a834e724: ;   {metadata(method data for {method} {0x00000235c513f808} 'save' '()I' in 'org/jetbrains/skia/Canvas')}
  0x00000235a834e724: 48ba 98fd | 2ac7 3502 | 0000 8b76 | 0841 ba00 | 0000 3d49 | 03f2 483b | b210 0100 | 0075 0d48 
  0x00000235a834e744: 8382 1801 | 0000 01e9 | 6000 0000 | 483b b220 | 0100 0075 | 0d48 8382 | 2801 0000 | 01e9 4a00 
  0x00000235a834e764: 0000 4883 | ba10 0100 | 0000 7517 | 4889 b210 | 0100 0048 | c782 1801 | 0000 0100 | 0000 e929 
  0x00000235a834e784: 0000 0048 | 83ba 2001 | 0000 0075 | 1748 89b2 | 2001 0000 | 48c7 8228 | 0100 0001 | 0000 00e9 
  0x00000235a834e7a4: 0800 0000 | 4883 8208 | 0100 0001 | 488b b424 | a800 0000 | 488b 5610 

  0x00000235a834e7bc: ;   {metadata(method data for {method} {0x00000235c513f808} 'save' '()I' in 'org/jetbrains/skia/Canvas')}
  0x00000235a834e7bc: 48bf 98fd | 2ac7 3502 | 0000 4883 | 8738 0100 

  0x00000235a834e7cc: ;   {metadata(method data for {method} {0x00000235c5842a30} 'access$_nSave' '(J)I' in 'org/jetbrains/skia/CanvasKt')}
  0x00000235a834e7cc: 0001 48bf | a802 2bc7 | 3502 0000 | 8b9f 9000 | 0000 83c3 | 0289 9f90 | 0000 0081 | e3fe ff1f 
  0x00000235a834e7ec: 0085 db0f | 84cf 0d00 

  0x00000235a834e7f4: ;   {metadata(method data for {method} {0x00000235c5842a30} 'access$_nSave' '(J)I' in 'org/jetbrains/skia/CanvasKt')}
  0x00000235a834e7f4: 0048 bfa8 | 022b c735 | 0200 0048 | 8387 d800 

  0x00000235a834e804: ;   {static_call}
  0x00000235a834e804: 0000 01e8 

  0x00000235a834e808: ; ImmutableOopMap {[152]=Oop [160]=Oop [168]=Oop }
                      ;*invokestatic _nSave {reexecute=0 rethrow=0 return_oop=0}
                      ; - org.jetbrains.skia.CanvasKt::access$_nSave@1 (line 1)
                      ; - org.jetbrains.skia.Canvas::save@11 (line 1431)
                      ; - org.jetbrains.skiko.context.ContextHandler::draw@43 (line 52)
  0x00000235a834e808: 049c eb06 

  0x00000235a834e80c: ;   {post_call_nop}
  0x00000235a834e80c: 0f1f 8400 | 0408 0006 | 8984 24b0 

  0x00000235a834e818: ;   {metadata(method data for {method} {0x00000235c513f808} 'save' '()I' in 'org/jetbrains/skia/Canvas')}
  0x00000235a834e818: 0000 0048 | ba98 fd2a | c735 0200 | 0048 8382 | 4801 0000 

  0x00000235a834e82c: ;   {metadata(method data for {method} {0x00000235c5838be0} 'reachabilityBarrier' '(Ljava/lang/Object;)V' in 'org/jetbrains/skia/impl/Native_jvmKt')}
  0x00000235a834e82c: 0148 baa0 | a380 c635 | 0200 008b | b290 0000 | 0083 c602 | 89b2 9000 | 0000 81e6 | feff 1f00 
  0x00000235a834e84c: 85f6 0f84 | 910d 0000 

  0x00000235a834e854: ;   {metadata(method data for {method} {0x00000235c5838be0} 'reachabilityBarrier' '(Ljava/lang/Object;)V' in 'org/jetbrains/skia/impl/Native_jvmKt')}
  0x00000235a834e854: 48ba a0a3 | 80c6 3502 | 0000 4883 | 82d8 0000 

  0x00000235a834e864: ;   {metadata(method data for {method} {0x000000003d1b69f8} 'reachabilityFence' '(Ljava/lang/Object;)V' in 'java/lang/ref/Reference')}
  0x00000235a834e864: 0001 48ba | 78b5 07c4 | 3502 0000 | 8bb2 9000 | 0000 83c6 | 0289 b290 | 0000 0081 | e6fe ff1f 
  0x00000235a834e884: 0085 f60f | 8479 0d00 

  0x00000235a834e88c: ;   {metadata(method data for {method} {0x00000235c513f808} 'save' '()I' in 'org/jetbrains/skia/Canvas')}
  0x00000235a834e88c: 0048 ba98 | fd2a c735 | 0200 00ff | 8258 0100 | 0048 8bb4 | 24a8 0000 

  0x00000235a834e8a4: ;   {metadata(method data for {method} {0x00000235c5fa8d80} 'draw' '(Lorg/jetbrains/skiko/LayerDrawScope;)V' in 'org/jetbrains/skiko/context/ContextHandler')}
  0x00000235a834e8a4: 0048 ba98 | d96b c735 | 0200 008b | 7608 41ba | 0000 003d | 4903 f248 | 3bb2 d001 | 0000 750d 
  0x00000235a834e8c4: 4883 82d8 | 0100 0001 | e960 0000 | 0048 3bb2 | e001 0000 | 750d 4883 | 82e8 0100 | 0001 e94a 
  0x00000235a834e8e4: 0000 0048 | 83ba d001 | 0000 0075 | 1748 89b2 | d001 0000 | 48c7 82d8 | 0100 0001 | 0000 00e9 
  0x00000235a834e904: 2900 0000 | 4883 bae0 | 0100 0000 | 7517 4889 | b2e0 0100 | 0048 c782 | e801 0000 | 0100 0000 
  0x00000235a834e924: e908 0000 | 0048 8382 | c801 0000 

  0x00000235a834e930: ;   {metadata(method data for {method} {0x00000235c513d638} 'clear' '(I)Lorg/jetbrains/skia/Canvas;' in 'org/jetbrains/skia/Canvas')}
  0x00000235a834e930: 0148 ba30 | 8c62 c735 | 0200 008b | b290 0000 | 0083 c602 | 89b2 9000 | 0000 81e6 | feff 1f00 
  0x00000235a834e950: 85f6 0f84 | cf0c 0000 

  0x00000235a834e958: ;   {oop(a 'org/jetbrains/skia/impl/Stats'{0x000000060529bd28})}
  0x00000235a834e958: 48ba 28bd | 2905 0600 | 0000 488b 

  0x00000235a834e964: ;   {metadata(method data for {method} {0x00000235c513d638} 'clear' '(I)Lorg/jetbrains/skia/Canvas;' in 'org/jetbrains/skia/Canvas')}
  0x00000235a834e964: f248 bf30 | 8c62 c735 | 0200 008b | 7608 41ba | 0000 003d | 4903 f248 | 3bb7 e000 | 0000 750d 
  0x00000235a834e984: 4883 87e8 | 0000 0001 | e960 0000 | 0048 3bb7 | f000 0000 | 750d 4883 | 87f8 0000 | 0001 e94a 
  0x00000235a834e9a4: 0000 0048 | 83bf e000 | 0000 0075 | 1748 89b7 | e000 0000 | 48c7 87e8 | 0000 0001 | 0000 00e9 
  0x00000235a834e9c4: 2900 0000 | 4883 bff0 | 0000 0000 | 7517 4889 | b7f0 0000 | 0048 c787 | f800 0000 | 0100 0000 
  0x00000235a834e9e4: e908 0000 | 0048 8387 | d800 0000 | 0166 0f1f 

  0x00000235a834e9f4: ;   {optimized virtual_call}
  0x00000235a834e9f4: 4400 00e8 

  0x00000235a834e9f8: ; ImmutableOopMap {[152]=Oop [160]=Oop [168]=Oop }
                      ;*invokevirtual onNativeCall {reexecute=0 rethrow=0 return_oop=0}
                      ; - org.jetbrains.skia.Canvas::clear@3 (line 1073)
                      ; - org.jetbrains.skiko.context.ContextHandler::draw@58 (line 44)
  0x00000235a834e9f8: 1453 f206 

  0x00000235a834e9fc: ;   {post_call_nop}
  0x00000235a834e9fc: 0f1f 8400 | f409 0007 | 488b b424 | a800 0000 

  0x00000235a834ea0c: ;   {metadata(method data for {method} {0x00000235c513d638} 'clear' '(I)Lorg/jetbrains/skia/Canvas;' in 'org/jetbrains/skia/Canvas')}
  0x00000235a834ea0c: 488b d649 | b830 8c62 | c735 0200 | 008b 5208 | 41ba 0000 | 003d 4903 | d249 3b90 | 1001 0000 
  0x00000235a834ea2c: 750d 4983 | 8018 0100 | 0001 e960 | 0000 0049 | 3b90 2001 | 0000 750d | 4983 8028 | 0100 0001 
  0x00000235a834ea4c: e94a 0000 | 0049 83b8 | 1001 0000 | 0075 1749 | 8990 1001 | 0000 49c7 | 8018 0100 | 0001 0000 
  0x00000235a834ea6c: 00e9 2900 | 0000 4983 | b820 0100 | 0000 7517 | 4989 9020 | 0100 0049 | c780 2801 | 0000 0100 
  0x00000235a834ea8c: 0000 e908 | 0000 0049 | 8380 0801 | 0000 0148 

  0x00000235a834ea9c: ;   {metadata(method data for {method} {0x00000235c513d638} 'clear' '(I)Lorg/jetbrains/skia/Canvas;' in 'org/jetbrains/skia/Canvas')}
  0x00000235a834ea9c: 8b56 1049 | b830 8c62 | c735 0200 | 0049 8380 | 3801 0000 

  0x00000235a834eab0: ;   {metadata(method data for {method} {0x00000235c5841db0} 'access$_nClear' '(JI)V' in 'org/jetbrains/skia/CanvasKt')}
  0x00000235a834eab0: 0149 b808 | 8e62 c735 | 0200 0041 | 8bb8 9000 | 0000 83c7 | 0241 89b8 | 9000 0000 | 81e7 feff 
  0x00000235a834ead0: 1f00 85ff | 0f84 6e0b 

  0x00000235a834ead8: ;   {metadata(method data for {method} {0x00000235c5841db0} 'access$_nClear' '(JI)V' in 'org/jetbrains/skia/CanvasKt')}
  0x00000235a834ead8: 0000 49b8 | 088e 62c7 | 3502 0000 | 4983 80d8 | 0000 0001 | 41b8 0000 | 0000 0f1f 

  0x00000235a834eaf4: ;   {static_call}
  0x00000235a834eaf4: 4400 00e8 

  0x00000235a834eaf8: ; ImmutableOopMap {[152]=Oop [160]=Oop [168]=Oop }
                      ;*invokestatic _nClear {reexecute=0 rethrow=0 return_oop=0}
                      ; - org.jetbrains.skia.CanvasKt::access$_nClear@2 (line 1)
                      ; - org.jetbrains.skia.Canvas::clear@12 (line 1075)
                      ; - org.jetbrains.skiko.context.ContextHandler::draw@58 (line 44)
  0x00000235a834eaf8: 94bd fe06 

  0x00000235a834eafc: ;   {post_call_nop}
  0x00000235a834eafc: 0f1f 8400 | f40a 0008 

  0x00000235a834eb04: ;   {metadata(method data for {method} {0x00000235c513d638} 'clear' '(I)Lorg/jetbrains/skia/Canvas;' in 'org/jetbrains/skia/Canvas')}
  0x00000235a834eb04: 49b8 308c | 62c7 3502 | 0000 4983 | 8048 0100 

  0x00000235a834eb14: ;   {metadata(method data for {method} {0x00000235c5838be0} 'reachabilityBarrier' '(Ljava/lang/Object;)V' in 'org/jetbrains/skia/impl/Native_jvmKt')}
  0x00000235a834eb14: 0001 49b8 | a0a3 80c6 | 3502 0000 | 418b 9090 | 0000 0083 | c202 4189 | 9090 0000 | 0081 e2fe 
  0x00000235a834eb34: ff1f 0085 | d20f 842a 

  0x00000235a834eb3c: ;   {metadata(method data for {method} {0x00000235c5838be0} 'reachabilityBarrier' '(Ljava/lang/Object;)V' in 'org/jetbrains/skia/impl/Native_jvmKt')}
  0x00000235a834eb3c: 0b00 0049 | b8a0 a380 | c635 0200 | 0049 8380 | d800 0000 

  0x00000235a834eb50: ;   {metadata(method data for {method} {0x000000003d1b69f8} 'reachabilityFence' '(Ljava/lang/Object;)V' in 'java/lang/ref/Reference')}
  0x00000235a834eb50: 0149 b878 | b507 c435 | 0200 0041 | 8b90 9000 | 0000 83c2 | 0241 8990 | 9000 0000 | 81e2 feff 
  0x00000235a834eb70: 1f00 85d2 | 0f84 100b 

  0x00000235a834eb78: ;   {metadata(method data for {method} {0x00000235c513d638} 'clear' '(I)Lorg/jetbrains/skia/Canvas;' in 'org/jetbrains/skia/Canvas')}
  0x00000235a834eb78: 0000 49b8 | 308c 62c7 | 3502 0000 | 41ff 8058 | 0100 0048 | 8b94 2498 | 0000 008b | 7210 48c1 
  0x00000235a834eb98: e603 483b | 064c 8bc6 

  0x00000235a834eba0: ;   {metadata(method data for {method} {0x00000235c5fa8d80} 'draw' '(Lorg/jetbrains/skiko/LayerDrawScope;)V' in 'org/jetbrains/skiko/context/ContextHandler')}
  0x00000235a834eba0: 48bf 98d9 | 6bc7 3502 | 0000 458b | 4008 41ba | 0000 003d | 4d03 c24c | 3b87 0002 | 0000 750d 
  0x00000235a834ebc0: 4883 8708 | 0200 0001 | e960 0000 | 004c 3b87 | 1002 0000 | 750d 4883 | 8718 0200 | 0001 e94a 
  0x00000235a834ebe0: 0000 0048 | 83bf 0002 | 0000 0075 | 174c 8987 | 0002 0000 | 48c7 8708 | 0200 0001 | 0000 00e9 
  0x00000235a834ec00: 2900 0000 | 4883 bf10 | 0200 0000 | 7517 4c89 | 8710 0200 | 0048 c787 | 1802 0000 | 0100 0000 
  0x00000235a834ec20: e908 0000 | 0048 8387 | f801 0000 | 014c 8b84 | 24a8 0000 | 0048 8bd6 | 0f1f 4400 | 0048 b830 
  0x00000235a834ec40: d7b1 c835 

  0x00000235a834ec44: ;   {virtual_call}
  0x00000235a834ec44: 0200 00e8 

  0x00000235a834ec48: ; ImmutableOopMap {[152]=Oop [160]=Oop [168]=Oop }
                      ;*invokeinterface invoke {reexecute=0 rethrow=0 return_oop=0}
                      ; - org.jetbrains.skiko.context.ContextHandler::draw@68 (line 45)
  0x00000235a834ec48: c61c 0000 

  0x00000235a834ec4c: ;   {post_call_nop}
  0x00000235a834ec4c: 0f1f 8400 | 440c 0009 | 488b b424 | a800 0000 

  0x00000235a834ec5c: ;   {metadata(method data for {method} {0x00000235c5fa8d80} 'draw' '(Lorg/jetbrains/skiko/LayerDrawScope;)V' in 'org/jetbrains/skiko/context/ContextHandler')}
  0x00000235a834ec5c: 488b d648 | bf98 d96b | c735 0200 | 008b 5208 | 41ba 0000 | 003d 4903 | d248 3b97 | 3002 0000 
  0x00000235a834ec7c: 750d 4883 | 8738 0200 | 0001 e960 | 0000 0048 | 3b97 4002 | 0000 750d | 4883 8748 | 0200 0001 
  0x00000235a834ec9c: e94a 0000 | 0048 83bf | 3002 0000 | 0075 1748 | 8997 3002 | 0000 48c7 | 8738 0200 | 0001 0000 
  0x00000235a834ecbc: 00e9 2900 | 0000 4883 | bf40 0200 | 0000 7517 | 4889 9740 | 0200 0048 | c787 4802 | 0000 0100 
  0x00000235a834ecdc: 0000 e908 | 0000 0048 | 8387 2802 

  0x00000235a834ece8: ;   {metadata(method data for {method} {0x00000235c513fef8} 'restoreToCount' '(I)Lorg/jetbrains/skia/Canvas;' in 'org/jetbrains/skia/Canvas')}
  0x00000235a834ece8: 0000 0148 | ba28 de6b | c735 0200 | 008b ba90 | 0000 0083 | c702 89ba | 9000 0000 | 81e7 feff 
  0x00000235a834ed08: 1f00 85ff | 0f84 9e09 

  0x00000235a834ed10: ;   {oop(a 'org/jetbrains/skia/impl/Stats'{0x000000060529bd28})}
  0x00000235a834ed10: 0000 48ba | 28bd 2905 | 0600 0000 

  0x00000235a834ed1c: ;   {metadata(method data for {method} {0x00000235c513fef8} 'restoreToCount' '(I)Lorg/jetbrains/skia/Canvas;' in 'org/jetbrains/skia/Canvas')}
  0x00000235a834ed1c: 488b fa48 | bb28 de6b | c735 0200 | 008b 7f08 | 41ba 0000 | 003d 4903 | fa48 3bbb | e000 0000 
  0x00000235a834ed3c: 750d 4883 | 83e8 0000 | 0001 e960 | 0000 0048 | 3bbb f000 | 0000 750d | 4883 83f8 | 0000 0001 
  0x00000235a834ed5c: e94a 0000 | 0048 83bb | e000 0000 | 0075 1748 | 89bb e000 | 0000 48c7 | 83e8 0000 | 0001 0000 
  0x00000235a834ed7c: 00e9 2900 | 0000 4883 | bbf0 0000 | 0000 7517 | 4889 bbf0 | 0000 0048 | c783 f800 | 0000 0100 
  0x00000235a834ed9c: 0000 e908 | 0000 0048 | 8383 d800 | 0000 010f 

  0x00000235a834edac: ;   {optimized virtual_call}
  0x00000235a834edac: 1f40 00e8 

  0x00000235a834edb0: ; ImmutableOopMap {[152]=Oop [160]=Oop [168]=Oop }
                      ;*invokevirtual onNativeCall {reexecute=0 rethrow=0 return_oop=0}
                      ; - org.jetbrains.skia.Canvas::restoreToCount@3 (line 1548)
                      ; - org.jetbrains.skiko.context.ContextHandler::draw@79 (line 56)
  0x00000235a834edb0: 5c4f f206 

  0x00000235a834edb4: ;   {post_call_nop}
  0x00000235a834edb4: 0f1f 8400 | ac0d 000a | 488b b424 | a800 0000 

  0x00000235a834edc4: ;   {metadata(method data for {method} {0x00000235c513fef8} 'restoreToCount' '(I)Lorg/jetbrains/skia/Canvas;' in 'org/jetbrains/skia/Canvas')}
  0x00000235a834edc4: 48ba 28de | 6bc7 3502 | 0000 8b76 | 0841 ba00 | 0000 3d49 | 03f2 483b | b210 0100 | 0075 0d48 
  0x00000235a834ede4: 8382 1801 | 0000 01e9 | 6000 0000 | 483b b220 | 0100 0075 | 0d48 8382 | 2801 0000 | 01e9 4a00 
  0x00000235a834ee04: 0000 4883 | ba10 0100 | 0000 7517 | 4889 b210 | 0100 0048 | c782 1801 | 0000 0100 | 0000 e929 
  0x00000235a834ee24: 0000 0048 | 83ba 2001 | 0000 0075 | 1748 89b2 | 2001 0000 | 48c7 8228 | 0100 0001 | 0000 00e9 
  0x00000235a834ee44: 0800 0000 | 4883 8208 | 0100 0001 | 488b b424 | a800 0000 | 488b 5610 

  0x00000235a834ee5c: ;   {metadata(method data for {method} {0x00000235c513fef8} 'restoreToCount' '(I)Lorg/jetbrains/skia/Canvas;' in 'org/jetbrains/skia/Canvas')}
  0x00000235a834ee5c: 49b8 28de | 6bc7 3502 | 0000 4983 | 8038 0100 

  0x00000235a834ee6c: ;   {metadata(method data for {method} {0x00000235c5842fd8} 'access$_nRestoreToCount' '(JI)V' in 'org/jetbrains/skia/CanvasKt')}
  0x00000235a834ee6c: 0001 49b8 | b8df 6bc7 | 3502 0000 | 418b b890 | 0000 0083 | c702 4189 | b890 0000 | 0081 e7fe 
  0x00000235a834ee8c: ff1f 0085 | ff0f 843a 

  0x00000235a834ee94: ;   {metadata(method data for {method} {0x00000235c5842fd8} 'access$_nRestoreToCount' '(JI)V' in 'org/jetbrains/skia/CanvasKt')}
  0x00000235a834ee94: 0800 0049 | b8b8 df6b | c735 0200 | 0049 8380 | d800 0000 | 0144 8b84 | 24b0 0000 | 0066 0f1f 
  0x00000235a834eeb4: ;   {static_call}
  0x00000235a834eeb4: 4400 00e8 

  0x00000235a834eeb8: ; ImmutableOopMap {[152]=Oop [160]=Oop [168]=Oop }
                      ;*invokestatic _nRestoreToCount {reexecute=0 rethrow=0 return_oop=0}
                      ; - org.jetbrains.skia.CanvasKt::access$_nRestoreToCount@2 (line 1)
                      ; - org.jetbrains.skia.Canvas::restoreToCount@11 (line 1549)
                      ; - org.jetbrains.skiko.context.ContextHandler::draw@79 (line 56)
  0x00000235a834eeb8: 547b 0107 

  0x00000235a834eebc: ;   {post_call_nop}
  0x00000235a834eebc: 0f1f 8400 | b40e 000b 

  0x00000235a834eec4: ;   {metadata(method data for {method} {0x00000235c5fa8d80} 'draw' '(Lorg/jetbrains/skiko/LayerDrawScope;)V' in 'org/jetbrains/skiko/context/ContextHandler')}
  0x00000235a834eec4: 49b8 98d9 | 6bc7 3502 | 0000 41ff | 8058 0200 

  0x00000235a834eed4: ;   {metadata(method data for {method} {0x00000235c5fa8d80} 'draw' '(Lorg/jetbrains/skiko/LayerDrawScope;)V' in 'org/jetbrains/skiko/context/ContextHandler')}
  0x00000235a834eed4: 0049 b898 | d96b c735 | 0200 0041 | ff80 a002 | 0000 488b | 9424 9800 

  0x00000235a834eeec: ;   {metadata(method data for {method} {0x00000235c5fa8d80} 'draw' '(Lorg/jetbrains/skiko/LayerDrawScope;)V' in 'org/jetbrains/skiko/context/ContextHandler')}
  0x00000235a834eeec: 0000 49b8 | 98d9 6bc7 | 3502 0000 | 4983 80c8 | 0200 0001 | 4c8b 8424 | a000 0000 | 488b 9424 
  0x00000235a834ef0c: 9800 0000 | 0f1f 8000 

  0x00000235a834ef14: ;   {optimized virtual_call}
  0x00000235a834ef14: 0000 00e8 

  0x00000235a834ef18: ; ImmutableOopMap {}
                      ;*invokevirtual flush {reexecute=0 rethrow=0 return_oop=0}
                      ; - org.jetbrains.skiko.context.ContextHandler::draw@106 (line 47)
  0x00000235a834ef18: 04f8 1100 

  0x00000235a834ef1c: ;   {post_call_nop}
  0x00000235a834ef1c: 0f1f 8400 | 140f 000c | 4881 c4d0 | 0000 005d 

  0x00000235a834ef2c: ;   {poll_return}
  0x00000235a834ef2c: 493b 6728 | 0f87 bc07 | 0000 c390 

  0x00000235a834ef38: ;   {other}
  0x00000235a834ef38: e9da 0700 | 0000 0000 | 0000 80ba | 3001 0000 | 040f 85d7 | 0700 0049 | 8b87 c801 | 0000 488d 
  0x00000235a834ef58: 7828 493b | bfd8 0100 | 000f 87bf | 0700 0049 | 89bf c801 | 0000 48c7 | 0001 0000 | 0048 8bca 
  0x00000235a834ef78: 41ba 0000 | 003d 492b | ca89 4808 | 4833 c989 | 480c 4833 | c948 8948 | 1048 8948 | 1848 8948 
  0x00000235a834ef98: 204c 8bc0 

  0x00000235a834ef9c: ;   {metadata(method data for {method} {0x00000235c5fa8d80} 'draw' '(Lorg/jetbrains/skiko/LayerDrawScope;)V' in 'org/jetbrains/skiko/context/ContextHandler')}
  0x00000235a834ef9c: 49b9 98d9 | 6bc7 3502 | 0000 4983 | 8138 0100 

  0x00000235a834efac: ;   {oop("Cannot init graphic context"{0x0000000605ae8fd8})}
  0x00000235a834efac: 0001 49b8 | d88f ae05 | 0600 0000 

  0x00000235a834efb8: ;   {oop(nullptr)}
  0x00000235a834efb8: 49b9 0000 | 0000 0000 | 0000 bf02 

  0x00000235a834efc4: ;   {oop(nullptr)}
  0x00000235a834efc4: 0000 0048 | be00 0000 | 0000 0000 | 0048 8bd0 | 4889 8424 | b800 0000 

  0x00000235a834efdc: ;   {optimized virtual_call}
  0x00000235a834efdc: 6666 90e8 

  0x00000235a834efe0: ; ImmutableOopMap {[184]=Oop }
                      ;*invokespecial <init> {reexecute=0 rethrow=0 return_oop=0}
                      ; - org.jetbrains.skiko.context.ContextHandler::draw@22 (line 40)
  0x00000235a834efe0: fcfd 5b06 

  0x00000235a834efe4: ;   {post_call_nop}
  0x00000235a834efe4: 0f1f 8400 | dc0f 000d | 488b 8424 | b800 0000 | e92b 0800 

  0x00000235a834eff8: ;   {metadata(method data for {method} {0x00000235c44181d8} 'sanitizeStackTrace' '(Ljava/lang/Throwable;)Ljava/lang/Throwable;' in 'kotlin/jvm/internal/Intrinsics')}
  0x00000235a834eff8: 0048 ba20 | b867 c435 | 0200 0048 | 8382 0801 | 0000 0148 | 8bd0 4c8b | c666 0f1f 

  0x00000235a834f014: ;   {static_call}
  0x00000235a834f014: 4400 00e8 

  0x00000235a834f018: ; ImmutableOopMap {[152]=Oop [160]=Oop }
                      ;*invokestatic sanitizeStackTrace {reexecute=0 rethrow=0 return_oop=0}
                      ; - kotlin.jvm.internal.Intrinsics::sanitizeStackTrace@6 (line 253)
                      ; - kotlin.jvm.internal.Intrinsics::throwParameterIsNullNPE@11 (line 140)
                      ; - kotlin.jvm.internal.Intrinsics::checkNotNullParameter@5 (line 131)
                      ; - org.jetbrains.skiko.context.ContextHandler::draw@3
  0x00000235a834f018: c403 5c06 

  0x00000235a834f01c: ;   {post_call_nop}
  0x00000235a834f01c: 0f1f 8400 | 1410 000e 

  0x00000235a834f024: ;   {metadata(method data for {method} {0x00000235c4417178} 'throwParameterIsNullNPE' '(Ljava/lang/String;)V' in 'kotlin/jvm/internal/Intrinsics')}
  0x00000235a834f024: 4885 c048 | be30 b267 | c435 0200 | 0075 0c80 | 8e01 0100 | 0001 e9a7 | 0000 008b | 7808 41ba 
  0x00000235a834f044: 0000 003d | 4903 fa48 | 3bbe 1001 | 0000 750d | 4883 8618 | 0100 0001 | e960 0000 | 0048 3bbe 
  0x00000235a834f064: 2001 0000 | 750d 4883 | 8628 0100 | 0001 e94a | 0000 0048 | 83be 1001 | 0000 0075 | 1748 89be 
  0x00000235a834f084: 1001 0000 | 48c7 8618 | 0100 0001 | 0000 00e9 | 2900 0000 | 4883 be20 | 0100 0000 | 7517 4889 
  0x00000235a834f0a4: be20 0100 | 0048 c786 | 2801 0000 | 0100 0000 | e908 0000 | 0048 8386 | 0801 0000 

  0x00000235a834f0c0: ;   {metadata('java/lang/NullPointerException')}
  0x00000235a834f0c0: 0148 bfe8 | f21d 3d00 | 0000 008b | 7008 41ba | 0000 003d | 4903 f248 | 3b7e 500f | 8552 0600 
  0x00000235a834f0e0: 00e9 0000 | 0000 483b | 00e9 3607 | 0000 498b | 8788 0500 | 004d 33d2 | 4d89 9788 | 0500 004d 
  0x00000235a834f100: 33d2 4d89 | 9790 0500 

  0x00000235a834f108: ;   {metadata(method data for {method} {0x00000235c513d638} 'clear' '(I)Lorg/jetbrains/skia/Canvas;' in 'org/jetbrains/skia/Canvas')}
  0x00000235a834f108: 0048 ba30 | 8c62 c735 | 0200 0048 | 8382 7001 

  0x00000235a834f118: ;   {metadata(method data for {method} {0x00000235c5838be0} 'reachabilityBarrier' '(Ljava/lang/Object;)V' in 'org/jetbrains/skia/impl/Native_jvmKt')}
  0x00000235a834f118: 0000 0148 | baa0 a380 | c635 0200 | 008b b290 | 0000 0083 | c602 89b2 | 9000 0000 | 81e6 feff 
  0x00000235a834f138: 1f00 85f6 | 0f84 ff05 

  0x00000235a834f140: ;   {metadata(method data for {method} {0x00000235c5838be0} 'reachabilityBarrier' '(Ljava/lang/Object;)V' in 'org/jetbrains/skia/impl/Native_jvmKt')}
  0x00000235a834f140: 0000 48ba | a0a3 80c6 | 3502 0000 | 4883 82d8 | 0000 0001 

  0x00000235a834f154: ;   {metadata(method data for {method} {0x000000003d1b69f8} 'reachabilityFence' '(Ljava/lang/Object;)V' in 'java/lang/ref/Reference')}
  0x00000235a834f154: 48ba 78b5 | 07c4 3502 | 0000 8bb2 | 9000 0000 | 83c6 0289 | b290 0000 | 0081 e6fe | ff1f 0085 
  0x00000235a834f174: f60f 84e7 

  0x00000235a834f178: ; ImmutableOopMap {rax=Oop [152]=Oop [160]=Oop [168]=Oop }
                      ;*athrow {reexecute=1 rethrow=0 return_oop=0}
                      ; - (reexecute) org.jetbrains.skia.Canvas::clear@28 (line 1077)
                      ; - org.jetbrains.skiko.context.ContextHandler::draw@58 (line 44)
                      ;   {section_word}
  0x00000235a834f178: 0500 0048 | ba7b f134 | a835 0200 

  0x00000235a834f184: ;   {runtime_call C1 Runtime handle_exception_nofpu_blob}
  0x00000235a834f184: 00e8 d6e3 | 6806 9049 | 8b87 8805 | 0000 4d33 | d24d 8997 | 8805 0000 | 4d33 d24d | 8997 9005 
  0x00000235a834f1a4: 0000 4889 | 8424 c000 | 0000 488b | b424 a800 | 0000 488b 

  0x00000235a834f1b8: ;   {metadata(method data for {method} {0x00000235c5fa8d80} 'draw' '(Lorg/jetbrains/skiko/LayerDrawScope;)V' in 'org/jetbrains/skiko/context/ContextHandler')}
  0x00000235a834f1b8: d648 bb98 | d96b c735 | 0200 008b | 5208 41ba | 0000 003d | 4903 d248 | 3b93 7802 | 0000 750d 
  0x00000235a834f1d8: 4883 8380 | 0200 0001 | e960 0000 | 0048 3b93 | 8802 0000 | 750d 4883 | 8390 0200 | 0001 e94a 
  0x00000235a834f1f8: 0000 0048 | 83bb 7802 | 0000 0075 | 1748 8993 | 7802 0000 | 48c7 8380 | 0200 0001 | 0000 00e9 
  0x00000235a834f218: 2900 0000 | 4883 bb88 | 0200 0000 | 7517 4889 | 9388 0200 | 0048 c783 | 9002 0000 | 0100 0000 
  0x00000235a834f238: e908 0000 | 0048 8383 | 7002 0000 

  0x00000235a834f244: ;   {metadata(method data for {method} {0x00000235c513fef8} 'restoreToCount' '(I)Lorg/jetbrains/skia/Canvas;' in 'org/jetbrains/skia/Canvas')}
  0x00000235a834f244: 0148 ba28 | de6b c735 | 0200 008b | 9a90 0000 | 0083 c302 | 899a 9000 | 0000 81e3 | feff 1f00 
  0x00000235a834f264: 85db 0f84 | 1705 0000 

  0x00000235a834f26c: ;   {oop(a 'org/jetbrains/skia/impl/Stats'{0x000000060529bd28})}
  0x00000235a834f26c: 48ba 28bd | 2905 0600 | 0000 488b 

  0x00000235a834f278: ;   {metadata(method data for {method} {0x00000235c513fef8} 'restoreToCount' '(I)Lorg/jetbrains/skia/Canvas;' in 'org/jetbrains/skia/Canvas')}
  0x00000235a834f278: da48 b928 | de6b c735 | 0200 008b | 5b08 41ba | 0000 003d | 4903 da48 | 3b99 e000 | 0000 750d 
  0x00000235a834f298: 4883 81e8 | 0000 0001 | e960 0000 | 0048 3b99 | f000 0000 | 750d 4883 | 81f8 0000 | 0001 e94a 
  0x00000235a834f2b8: 0000 0048 | 83b9 e000 | 0000 0075 | 1748 8999 | e000 0000 | 48c7 81e8 | 0000 0001 | 0000 00e9 
  0x00000235a834f2d8: 2900 0000 | 4883 b9f0 | 0000 0000 | 7517 4889 | 99f0 0000 | 0048 c781 | f800 0000 | 0100 0000 
  0x00000235a834f2f8: e908 0000 | 0048 8381 | d800 0000 

  0x00000235a834f304: ;   {optimized virtual_call}
  0x00000235a834f304: 0166 90e8 

  0x00000235a834f308: ; ImmutableOopMap {[168]=Oop [192]=Oop }
                      ;*invokevirtual onNativeCall {reexecute=0 rethrow=0 return_oop=0}
                      ; - org.jetbrains.skia.Canvas::restoreToCount@3 (line 1548)
                      ; - org.jetbrains.skiko.context.ContextHandler::draw@91 (line 56)
  0x00000235a834f308: d4fa 5b06 

  0x00000235a834f30c: ;   {post_call_nop}
  0x00000235a834f30c: 0f1f 8400 | 0413 0010 | 488b b424 | a800 0000 

  0x00000235a834f31c: ;   {metadata(method data for {method} {0x00000235c513fef8} 'restoreToCount' '(I)Lorg/jetbrains/skia/Canvas;' in 'org/jetbrains/skia/Canvas')}
  0x00000235a834f31c: 48ba 28de | 6bc7 3502 | 0000 8b76 | 0841 ba00 | 0000 3d49 | 03f2 483b | b210 0100 | 0075 0d48 
  0x00000235a834f33c: 8382 1801 | 0000 01e9 | 6000 0000 | 483b b220 | 0100 0075 | 0d48 8382 | 2801 0000 | 01e9 4a00 
  0x00000235a834f35c: 0000 4883 | ba10 0100 | 0000 7517 | 4889 b210 | 0100 0048 | c782 1801 | 0000 0100 | 0000 e929 
  0x00000235a834f37c: 0000 0048 | 83ba 2001 | 0000 0075 | 1748 89b2 | 2001 0000 | 48c7 8228 | 0100 0001 | 0000 00e9 
  0x00000235a834f39c: 0800 0000 | 4883 8208 | 0100 0001 | 488b b424 | a800 0000 | 488b 5610 

  0x00000235a834f3b4: ;   {metadata(method data for {method} {0x00000235c513fef8} 'restoreToCount' '(I)Lorg/jetbrains/skia/Canvas;' in 'org/jetbrains/skia/Canvas')}
  0x00000235a834f3b4: 49b8 28de | 6bc7 3502 | 0000 4983 | 8038 0100 

  0x00000235a834f3c4: ;   {metadata(method data for {method} {0x00000235c5842fd8} 'access$_nRestoreToCount' '(JI)V' in 'org/jetbrains/skia/CanvasKt')}
  0x00000235a834f3c4: 0001 49b8 | b8df 6bc7 | 3502 0000 | 418b b890 | 0000 0083 | c702 4189 | b890 0000 | 0081 e7fe 
  0x00000235a834f3e4: ff1f 0085 | ff0f 84b5 

  0x00000235a834f3ec: ;   {metadata(method data for {method} {0x00000235c5842fd8} 'access$_nRestoreToCount' '(JI)V' in 'org/jetbrains/skia/CanvasKt')}
  0x00000235a834f3ec: 0300 0049 | b8b8 df6b | c735 0200 | 0049 8380 | d800 0000 | 0144 8b84 | 24b0 0000 | 0066 0f1f 
  0x00000235a834f40c: ;   {static_call}
  0x00000235a834f40c: 4400 00e8 

  0x00000235a834f410: ; ImmutableOopMap {[168]=Oop [192]=Oop }
                      ;*invokestatic _nRestoreToCount {reexecute=0 rethrow=0 return_oop=0}
                      ; - org.jetbrains.skia.CanvasKt::access$_nRestoreToCount@2 (line 1)
                      ; - org.jetbrains.skia.Canvas::restoreToCount@11 (line 1549)
                      ; - org.jetbrains.skiko.context.ContextHandler::draw@91 (line 56)
  0x00000235a834f410: ccff 5b06 

  0x00000235a834f414: ;   {post_call_nop}
  0x00000235a834f414: 0f1f 8400 | 0c14 0011 | 488b 8424 | c000 0000 | e9fb 0300 | 0049 8b87 | 8805 0000 | 4d33 d24d 
  0x00000235a834f434: 8997 8805 | 0000 4d33 | d24d 8997 | 9005 0000 | 488b b424 | a800 0000 | 4c8b 8424 | a000 0000 
  0x00000235a834f454: 488b 9424 | 9800 0000 

  0x00000235a834f45c: ;   {metadata(method data for {method} {0x00000235c513f808} 'save' '()I' in 'org/jetbrains/skia/Canvas')}
  0x00000235a834f45c: 48bf 98fd | 2ac7 3502 | 0000 4883 | 8770 0100 

  0x00000235a834f46c: ;   {metadata(method data for {method} {0x00000235c5838be0} 'reachabilityBarrier' '(Ljava/lang/Object;)V' in 'org/jetbrains/skia/impl/Native_jvmKt')}
  0x00000235a834f46c: 0001 48bf | a0a3 80c6 | 3502 0000 | 8b9f 9000 | 0000 83c3 | 0289 9f90 | 0000 0081 | e3fe ff1f 
  0x00000235a834f48c: 0085 db0f | 8430 0300 

  0x00000235a834f494: ;   {metadata(method data for {method} {0x00000235c5838be0} 'reachabilityBarrier' '(Ljava/lang/Object;)V' in 'org/jetbrains/skia/impl/Native_jvmKt')}
  0x00000235a834f494: 0048 bfa0 | a380 c635 | 0200 0048 | 8387 d800 

  0x00000235a834f4a4: ;   {metadata(method data for {method} {0x000000003d1b69f8} 'reachabilityFence' '(Ljava/lang/Object;)V' in 'java/lang/ref/Reference')}
  0x00000235a834f4a4: 0000 0148 | bf78 b507 | c435 0200 | 008b 9f90 | 0000 0083 | c302 899f | 9000 0000 | 81e3 feff 
  0x00000235a834f4c4: 1f00 85db | 0f84 1803 | 0000 e951 

  0x00000235a834f4d0: ;   {metadata({method} {0x00000235c5fa8d80} 'draw' '(Lorg/jetbrains/skiko/LayerDrawScope;)V' in 'org/jetbrains/skiko/context/ContextHandler')}
  0x00000235a834f4d0: 0300 0049 | ba78 8dfa | c535 0200 | 004c 8954 | 2408 48c7 | 0424 ffff 

  0x00000235a834f4e8: ;   {runtime_call C1 Runtime counter_overflow_blob}
  0x00000235a834f4e8: ffff e8f1 

  0x00000235a834f4ec: ; ImmutableOopMap {rdx=Oop r8=Oop [152]=Oop }
                      ;*synchronization entry
                      ; - org.jetbrains.skiko.context.ContextHandler::draw@-1
  0x00000235a834f4ec: 1f69 06e9 | 7aec ffff 

  0x00000235a834f4f4: ;   {metadata({method} {0x00000235c4417008} 'checkNotNullParameter' '(Ljava/lang/Object;Ljava/lang/String;)V' in 'kotlin/jvm/internal/Intrinsics')}
  0x00000235a834f4f4: 49ba 0070 | 41c4 3502 | 0000 4c89 | 5424 0848 | c704 24ff 

  0x00000235a834f508: ;   {runtime_call C1 Runtime counter_overflow_blob}
  0x00000235a834f508: ffff ffe8 

  0x00000235a834f50c: ; ImmutableOopMap {rdx=Oop r8=Oop [152]=Oop }
                      ;*synchronization entry
                      ; - kotlin.jvm.internal.Intrinsics::checkNotNullParameter@-1 (line 130)
                      ; - org.jetbrains.skiko.context.ContextHandler::draw@3
  0x00000235a834f50c: d01f 6906 | e992 ecff 

  0x00000235a834f514: ;   {metadata({method} {0x00000235c4417178} 'throwParameterIsNullNPE' '(Ljava/lang/String;)V' in 'kotlin/jvm/internal/Intrinsics')}
  0x00000235a834f514: ff49 ba70 | 7141 c435 | 0200 004c | 8954 2408 | 48c7 0424 | ffff ffff 

  0x00000235a834f52c: ;   {runtime_call C1 Runtime counter_overflow_blob}
  0x00000235a834f52c: e8af 1f69 

  0x00000235a834f530: ; ImmutableOopMap {[152]=Oop [160]=Oop }
                      ;*synchronization entry
                      ; - kotlin.jvm.internal.Intrinsics::throwParameterIsNullNPE@-1 (line 140)
                      ; - kotlin.jvm.internal.Intrinsics::checkNotNullParameter@5 (line 131)
                      ; - org.jetbrains.skiko.context.ContextHandler::draw@3
  0x00000235a834f530: 06e9 ddec 

  0x00000235a834f534: ;   {metadata(nullptr)}
  0x00000235a834f534: ffff 48ba | 0000 0000 | 0000 0000 | b800 0f05 

  0x00000235a834f544: ;   {runtime_call C1 Runtime load_klass_patching_blob}
  0x00000235a834f544: 0ae8 960b 

  0x00000235a834f548: ; ImmutableOopMap {[152]=Oop [160]=Oop }
                      ;*new {reexecute=1 rethrow=0 return_oop=0}
                      ; - (reexecute) kotlin.jvm.internal.Intrinsics::throwParameterIsNullNPE@0 (line 140)
                      ; - kotlin.jvm.internal.Intrinsics::checkNotNullParameter@5 (line 131)
                      ; - org.jetbrains.skiko.context.ContextHandler::draw@3
  0x00000235a834f548: 6906 e9c9 | ecff ff48 

  0x00000235a834f550: ;   {runtime_call C1 Runtime fast_new_instance_blob}
  0x00000235a834f550: 8bd2 e809 

  0x00000235a834f554: ; ImmutableOopMap {[152]=Oop [160]=Oop }
                      ;*new {reexecute=0 rethrow=0 return_oop=0}
                      ; - kotlin.jvm.internal.Intrinsics::throwParameterIsNullNPE@0 (line 140)
                      ; - kotlin.jvm.internal.Intrinsics::checkNotNullParameter@5 (line 131)
                      ; - org.jetbrains.skiko.context.ContextHandler::draw@3
  0x00000235a834f554: d168 06e9 | 14ed ffff 

  0x00000235a834f55c: ;   {metadata({method} {0x00000235c44181d8} 'sanitizeStackTrace' '(Ljava/lang/Throwable;)Ljava/lang/Throwable;' in 'kotlin/jvm/internal/Intrinsics')}
  0x00000235a834f55c: 49ba d081 | 41c4 3502 | 0000 4c89 | 5424 0848 | c704 24ff 

  0x00000235a834f570: ;   {runtime_call C1 Runtime counter_overflow_blob}
  0x00000235a834f570: ffff ffe8 

  0x00000235a834f574: ; ImmutableOopMap {[144]=Oop [152]=Oop [160]=Oop }
                      ;*synchronization entry
                      ; - kotlin.jvm.internal.Intrinsics::sanitizeStackTrace@-1 (line 253)
                      ; - kotlin.jvm.internal.Intrinsics::throwParameterIsNullNPE@11 (line 140)
                      ; - kotlin.jvm.internal.Intrinsics::checkNotNullParameter@5 (line 131)
                      ; - org.jetbrains.skiko.context.ContextHandler::draw@3
  0x00000235a834f574: 681f 6906 | e998 edff 

  0x00000235a834f57c: ;   {metadata({method} {0x000000003d196ac8} 'getName' '()Ljava/lang/String;' in 'java/lang/Class')}
  0x00000235a834f57c: ff49 bac0 | 6a19 3d00 | 0000 004c | 8954 2408 | 48c7 0424 | ffff ffff 

  0x00000235a834f594: ;   {runtime_call C1 Runtime counter_overflow_blob}
  0x00000235a834f594: e847 1f69 

  0x00000235a834f598: ; ImmutableOopMap {rdx=Oop [144]=Oop [152]=Oop [160]=Oop }
                      ;*synchronization entry
                      ; - java.lang.Class::getName@-1 (line 950)
                      ; - kotlin.jvm.internal.Intrinsics::sanitizeStackTrace@3 (line 253)
                      ; - kotlin.jvm.internal.Intrinsics::throwParameterIsNullNPE@11 (line 140)
                      ; - kotlin.jvm.internal.Intrinsics::checkNotNullParameter@5 (line 131)
                      ; - org.jetbrains.skiko.context.ContextHandler::draw@3
  0x00000235a834f598: 06e9 37ee 

  0x00000235a834f59c: ;   {runtime_call C1 Runtime throw_null_pointer_exception_blob}
  0x00000235a834f59c: ffff e8bd 

  0x00000235a834f5a0: ; ImmutableOopMap {rsi=Oop [152]=Oop [160]=Oop [168]=Oop }
                      ;*invokevirtual save {reexecute=0 rethrow=0 return_oop=0}
                      ; - org.jetbrains.skiko.context.ContextHandler::draw@43 (line 52)
                      ;   {metadata({method} {0x00000235c513f808} 'save' '()I' in 'org/jetbrains/skia/Canvas')}
  0x00000235a834f5a0: c768 0649 | ba00 f813 | c535 0200 | 004c 8954 | 2408 48c7 | 0424 ffff 

  0x00000235a834f5b8: ;   {runtime_call C1 Runtime counter_overflow_blob}
  0x00000235a834f5b8: ffff e821 

  0x00000235a834f5bc: ; ImmutableOopMap {rsi=Oop [152]=Oop [160]=Oop [168]=Oop }
                      ;*synchronization entry
                      ; - org.jetbrains.skia.Canvas::save@-1 (line 1429)
                      ; - org.jetbrains.skiko.context.ContextHandler::draw@43 (line 52)
  0x00000235a834f5bc: 1f69 06e9 | abf0 ffff 

  0x00000235a834f5c4: ;   {metadata({method} {0x00000235c5842a30} 'access$_nSave' '(J)I' in 'org/jetbrains/skia/CanvasKt')}
  0x00000235a834f5c4: 49ba 282a | 84c5 3502 | 0000 4c89 | 5424 0848 | c704 24ff 

  0x00000235a834f5d8: ;   {runtime_call C1 Runtime counter_overflow_blob}
  0x00000235a834f5d8: ffff ffe8 

  0x00000235a834f5dc: ; ImmutableOopMap {rsi=Oop [152]=Oop [160]=Oop [168]=Oop }
                      ;*synchronization entry
                      ; - org.jetbrains.skia.CanvasKt::access$_nSave@-1
                      ; - org.jetbrains.skia.Canvas::save@11 (line 1431)
                      ; - org.jetbrains.skiko.context.ContextHandler::draw@43 (line 52)
  0x00000235a834f5dc: 001f 6906 | e910 f2ff 

  0x00000235a834f5e4: ;   {metadata({method} {0x00000235c5838be0} 'reachabilityBarrier' '(Ljava/lang/Object;)V' in 'org/jetbrains/skia/impl/Native_jvmKt')}
  0x00000235a834f5e4: ff49 bad8 | 8b83 c535 | 0200 004c | 8954 2408 | 48c7 0424 | ffff ffff 

  0x00000235a834f5fc: ;   {runtime_call C1 Runtime counter_overflow_blob}
  0x00000235a834f5fc: e8df 1e69 

  0x00000235a834f600: ; ImmutableOopMap {[152]=Oop [160]=Oop [168]=Oop }
                      ;*synchronization entry
                      ; - org.jetbrains.skia.impl.Native_jvmKt::reachabilityBarrier@-1 (line 47)
                      ; - org.jetbrains.skia.Canvas::save@16 (line 1433)
                      ; - org.jetbrains.skiko.context.ContextHandler::draw@43 (line 52)
  0x00000235a834f600: 06e9 4ef2 

  0x00000235a834f604: ;   {metadata({method} {0x000000003d1b69f8} 'reachabilityFence' '(Ljava/lang/Object;)V' in 'java/lang/ref/Reference')}
  0x00000235a834f604: ffff 49ba | f069 1b3d | 0000 0000 | 4c89 5424 | 0848 c704 | 24ff ffff 

  0x00000235a834f61c: ;   {runtime_call C1 Runtime counter_overflow_blob}
  0x00000235a834f61c: ffe8 be1e 

  0x00000235a834f620: ; ImmutableOopMap {[152]=Oop [160]=Oop [168]=Oop }
                      ;*synchronization entry
                      ; - java.lang.ref.Reference::reachabilityFence@-1 (line 669)
                      ; - org.jetbrains.skia.impl.Native_jvmKt::reachabilityBarrier@1 (line 47)
                      ; - org.jetbrains.skia.Canvas::save@16 (line 1433)
                      ; - org.jetbrains.skiko.context.ContextHandler::draw@43 (line 52)
  0x00000235a834f620: 6906 e966 

  0x00000235a834f624: ;   {metadata({method} {0x00000235c513d638} 'clear' '(I)Lorg/jetbrains/skia/Canvas;' in 'org/jetbrains/skia/Canvas')}
  0x00000235a834f624: f2ff ff49 | ba30 d613 | c535 0200 | 004c 8954 | 2408 48c7 | 0424 ffff 

  0x00000235a834f63c: ;   {runtime_call C1 Runtime counter_overflow_blob}
  0x00000235a834f63c: ffff e89d 

  0x00000235a834f640: ; ImmutableOopMap {[152]=Oop [160]=Oop [168]=Oop }
                      ;*synchronization entry
                      ; - org.jetbrains.skia.Canvas::clear@-1 (line 1073)
                      ; - org.jetbrains.skiko.context.ContextHandler::draw@58 (line 44)
  0x00000235a834f640: 1e69 06e9 | 10f3 ffff 

  0x00000235a834f648: ;   {metadata({method} {0x00000235c5841db0} 'access$_nClear' '(JI)V' in 'org/jetbrains/skia/CanvasKt')}
  0x00000235a834f648: 49ba a81d | 84c5 3502 | 0000 4c89 | 5424 0848 | c704 24ff 

  0x00000235a834f65c: ;   {runtime_call C1 Runtime counter_overflow_blob}
  0x00000235a834f65c: ffff ffe8 

  0x00000235a834f660: ; ImmutableOopMap {rsi=Oop [152]=Oop [160]=Oop [168]=Oop }
                      ;*synchronization entry
                      ; - org.jetbrains.skia.CanvasKt::access$_nClear@-1
                      ; - org.jetbrains.skia.Canvas::clear@12 (line 1075)
                      ; - org.jetbrains.skiko.context.ContextHandler::draw@58 (line 44)
  0x00000235a834f660: 7c1e 6906 | e971 f4ff 

  0x00000235a834f668: ;   {metadata({method} {0x00000235c5838be0} 'reachabilityBarrier' '(Ljava/lang/Object;)V' in 'org/jetbrains/skia/impl/Native_jvmKt')}
  0x00000235a834f668: ff49 bad8 | 8b83 c535 | 0200 004c | 8954 2408 | 48c7 0424 | ffff ffff 

  0x00000235a834f680: ;   {runtime_call C1 Runtime counter_overflow_blob}
  0x00000235a834f680: e85b 1e69 

  0x00000235a834f684: ; ImmutableOopMap {[152]=Oop [160]=Oop [168]=Oop }
                      ;*synchronization entry
                      ; - org.jetbrains.skia.impl.Native_jvmKt::reachabilityBarrier@-1 (line 47)
                      ; - org.jetbrains.skia.Canvas::clear@16 (line 1077)
                      ; - org.jetbrains.skiko.context.ContextHandler::draw@58 (line 44)
  0x00000235a834f684: 06e9 b5f4 

  0x00000235a834f688: ;   {metadata({method} {0x000000003d1b69f8} 'reachabilityFence' '(Ljava/lang/Object;)V' in 'java/lang/ref/Reference')}
  0x00000235a834f688: ffff 49ba | f069 1b3d | 0000 0000 | 4c89 5424 | 0848 c704 | 24ff ffff 

  0x00000235a834f6a0: ;   {runtime_call C1 Runtime counter_overflow_blob}
  0x00000235a834f6a0: ffe8 3a1e 

  0x00000235a834f6a4: ; ImmutableOopMap {[152]=Oop [160]=Oop [168]=Oop }
                      ;*synchronization entry
                      ; - java.lang.ref.Reference::reachabilityFence@-1 (line 669)
                      ; - org.jetbrains.skia.impl.Native_jvmKt::reachabilityBarrier@1 (line 47)
                      ; - org.jetbrains.skia.Canvas::clear@16 (line 1077)
                      ; - org.jetbrains.skiko.context.ContextHandler::draw@58 (line 44)
  0x00000235a834f6a4: 6906 e9cf 

  0x00000235a834f6a8: ;   {runtime_call C1 Runtime throw_null_pointer_exception_blob}
  0x00000235a834f6a8: f4ff ffe8 

  0x00000235a834f6ac: ; ImmutableOopMap {rdx=Oop rsi=Oop [152]=Oop [160]=Oop [168]=Oop }
                      ;*invokeinterface invoke {reexecute=0 rethrow=0 return_oop=0}
                      ; - org.jetbrains.skiko.context.ContextHandler::draw@68 (line 45)
  0x00000235a834f6ac: b0c6 6806 

  0x00000235a834f6b0: ;   {metadata({method} {0x00000235c513fef8} 'restoreToCount' '(I)Lorg/jetbrains/skia/Canvas;' in 'org/jetbrains/skia/Canvas')}
  0x00000235a834f6b0: 49ba f0fe | 13c5 3502 | 0000 4c89 | 5424 0848 | c704 24ff 

  0x00000235a834f6c4: ;   {runtime_call C1 Runtime counter_overflow_blob}
  0x00000235a834f6c4: ffff ffe8 

  0x00000235a834f6c8: ; ImmutableOopMap {rsi=Oop [152]=Oop [160]=Oop [168]=Oop }
                      ;*synchronization entry
                      ; - org.jetbrains.skia.Canvas::restoreToCount@-1 (line 1548)
                      ; - org.jetbrains.skiko.context.ContextHandler::draw@79 (line 56)
  0x00000235a834f6c8: 141e 6906 | e941 f6ff 

  0x00000235a834f6d0: ;   {metadata({method} {0x00000235c5842fd8} 'access$_nRestoreToCount' '(JI)V' in 'org/jetbrains/skia/CanvasKt')}
  0x00000235a834f6d0: ff49 bad0 | 2f84 c535 | 0200 004c | 8954 2408 | 48c7 0424 | ffff ffff 

  0x00000235a834f6e8: ;   {runtime_call C1 Runtime counter_overflow_blob}
  0x00000235a834f6e8: e8f3 1d69 

  0x00000235a834f6ec: ; ImmutableOopMap {rsi=Oop [152]=Oop [160]=Oop [168]=Oop }
                      ;*synchronization entry
                      ; - org.jetbrains.skia.CanvasKt::access$_nRestoreToCount@-1
                      ; - org.jetbrains.skia.Canvas::restoreToCount@11 (line 1549)
                      ; - org.jetbrains.skiko.context.ContextHandler::draw@79 (line 56)
  0x00000235a834f6ec: 06e9 a5f7 

  0x00000235a834f6f0: ;   {internal_word}
  0x00000235a834f6f0: ffff 49ba | 2cef 34a8 | 3502 0000 | 4d89 97e0 

  0x00000235a834f700: ;   {runtime_call SafepointBlob}
  0x00000235a834f700: 0400 00e9 | 5818 5c06 

  0x00000235a834f708: ;   {metadata(nullptr)}
  0x00000235a834f708: 48ba 0000 | 0000 0000 | 0000 b800 

  0x00000235a834f714: ;   {runtime_call C1 Runtime load_klass_patching_blob}
  0x00000235a834f714: 0f05 0ae8 

  0x00000235a834f718: ; ImmutableOopMap {}
                      ;*new {reexecute=1 rethrow=0 return_oop=0}
                      ; - (reexecute) org.jetbrains.skiko.context.ContextHandler::draw@13 (line 40)
  0x00000235a834f718: c409 6906 | e917 f8ff 

  0x00000235a834f720: ;   {runtime_call C1 Runtime throw_null_pointer_exception_blob}
  0x00000235a834f720: ffe8 3ac6 

  0x00000235a834f724: ; ImmutableOopMap {}
                      ;*new {reexecute=0 rethrow=0 return_oop=0}
                      ; - org.jetbrains.skiko.context.ContextHandler::draw@13 (line 40)
  0x00000235a834f724: 6806 488b 

  0x00000235a834f728: ;   {runtime_call C1 Runtime fast_new_instance_init_check_blob}
  0x00000235a834f728: d2e8 32d2 

  0x00000235a834f72c: ; ImmutableOopMap {}
                      ;*new {reexecute=0 rethrow=0 return_oop=0}
                      ; - org.jetbrains.skiko.context.ContextHandler::draw@13 (line 40)
  0x00000235a834f72c: 6806 e966 | f8ff ff48 

  0x00000235a834f734: ;   {runtime_call C1 Runtime throw_class_cast_exception_blob}
  0x00000235a834f734: 8904 24e8 

  0x00000235a834f738: ; ImmutableOopMap {[152]=Oop [160]=Oop }
                      ;*checkcast {reexecute=0 rethrow=0 return_oop=0}
                      ; - kotlin.jvm.internal.Intrinsics::throwParameterIsNullNPE@14 (line 140)
                      ; - kotlin.jvm.internal.Intrinsics::checkNotNullParameter@5 (line 131)
                      ; - org.jetbrains.skiko.context.ContextHandler::draw@3
  0x00000235a834f738: 24ea 6806 

  0x00000235a834f73c: ;   {runtime_call C1 Runtime throw_null_pointer_exception_blob}
  0x00000235a834f73c: e81f c668 

  0x00000235a834f740: ; ImmutableOopMap {rax=Oop [152]=Oop [160]=Oop }
                      ;*athrow {reexecute=1 rethrow=0 return_oop=0}
                      ; - (reexecute) kotlin.jvm.internal.Intrinsics::throwParameterIsNullNPE@17 (line 140)
                      ; - kotlin.jvm.internal.Intrinsics::checkNotNullParameter@5 (line 131)
                      ; - org.jetbrains.skiko.context.ContextHandler::draw@3
                      ;   {metadata({method} {0x00000235c5838be0} 'reachabilityBarrier' '(Ljava/lang/Object;)V' in 'org/jetbrains/skia/impl/Native_jvmKt')}
  0x00000235a834f740: 0649 bad8 | 8b83 c535 | 0200 004c | 8954 2408 | 48c7 0424 | ffff ffff 

  0x00000235a834f758: ;   {runtime_call C1 Runtime counter_overflow_blob}
  0x00000235a834f758: e883 1d69 

  0x00000235a834f75c: ; ImmutableOopMap {rax=Oop [152]=Oop [160]=Oop [168]=Oop }
                      ;*synchronization entry
                      ; - org.jetbrains.skia.impl.Native_jvmKt::reachabilityBarrier@-1 (line 47)
                      ; - org.jetbrains.skia.Canvas::clear@24 (line 1077)
                      ; - org.jetbrains.skiko.context.ContextHandler::draw@58 (line 44)
  0x00000235a834f75c: 06e9 e0f9 

  0x00000235a834f760: ;   {metadata({method} {0x000000003d1b69f8} 'reachabilityFence' '(Ljava/lang/Object;)V' in 'java/lang/ref/Reference')}
  0x00000235a834f760: ffff 49ba | f069 1b3d | 0000 0000 | 4c89 5424 | 0848 c704 | 24ff ffff 

  0x00000235a834f778: ;   {runtime_call C1 Runtime counter_overflow_blob}
  0x00000235a834f778: ffe8 621d 

  0x00000235a834f77c: ; ImmutableOopMap {rax=Oop [152]=Oop [160]=Oop [168]=Oop }
                      ;*synchronization entry
                      ; - java.lang.ref.Reference::reachabilityFence@-1 (line 669)
                      ; - org.jetbrains.skia.impl.Native_jvmKt::reachabilityBarrier@1 (line 47)
                      ; - org.jetbrains.skia.Canvas::clear@24 (line 1077)
                      ; - org.jetbrains.skiko.context.ContextHandler::draw@58 (line 44)
  0x00000235a834f77c: 6906 e9f8 

  0x00000235a834f780: ;   {metadata({method} {0x00000235c513fef8} 'restoreToCount' '(I)Lorg/jetbrains/skia/Canvas;' in 'org/jetbrains/skia/Canvas')}
  0x00000235a834f780: f9ff ff49 | baf0 fe13 | c535 0200 | 004c 8954 | 2408 48c7 | 0424 ffff 

  0x00000235a834f798: ;   {runtime_call C1 Runtime counter_overflow_blob}
  0x00000235a834f798: ffff e841 

  0x00000235a834f79c: ; ImmutableOopMap {rsi=Oop [168]=Oop [192]=Oop }
                      ;*synchronization entry
                      ; - org.jetbrains.skia.Canvas::restoreToCount@-1 (line 1548)
                      ; - org.jetbrains.skiko.context.ContextHandler::draw@91 (line 56)
  0x00000235a834f79c: 1d69 06e9 | c8fa ffff 

  0x00000235a834f7a4: ;   {metadata({method} {0x00000235c5842fd8} 'access$_nRestoreToCount' '(JI)V' in 'org/jetbrains/skia/CanvasKt')}
  0x00000235a834f7a4: 49ba d02f | 84c5 3502 | 0000 4c89 | 5424 0848 | c704 24ff 

  0x00000235a834f7b8: ;   {runtime_call C1 Runtime counter_overflow_blob}
  0x00000235a834f7b8: ffff ffe8 

  0x00000235a834f7bc: ; ImmutableOopMap {rsi=Oop [168]=Oop [192]=Oop }
                      ;*synchronization entry
                      ; - org.jetbrains.skia.CanvasKt::access$_nRestoreToCount@-1
                      ; - org.jetbrains.skia.Canvas::restoreToCount@11 (line 1549)
                      ; - org.jetbrains.skiko.context.ContextHandler::draw@91 (line 56)
  0x00000235a834f7bc: 201d 6906 | e92a fcff 

  0x00000235a834f7c4: ;   {metadata({method} {0x00000235c5838be0} 'reachabilityBarrier' '(Ljava/lang/Object;)V' in 'org/jetbrains/skia/impl/Native_jvmKt')}
  0x00000235a834f7c4: ff49 bad8 | 8b83 c535 | 0200 004c | 8954 2408 | 48c7 0424 | ffff ffff 

  0x00000235a834f7dc: ;   {runtime_call C1 Runtime counter_overflow_blob}
  0x00000235a834f7dc: e8ff 1c69 

  0x00000235a834f7e0: ; ImmutableOopMap {rax=Oop r8=Oop rsi=Oop rdx=Oop [152]=Oop [168]=Oop }
                      ;*synchronization entry
                      ; - org.jetbrains.skia.impl.Native_jvmKt::reachabilityBarrier@-1 (line 47)
                      ; - org.jetbrains.skia.Canvas::save@24 (line 1433)
                      ; - org.jetbrains.skiko.context.ContextHandler::draw@43 (line 52)
  0x00000235a834f7e0: 06e9 affc 

  0x00000235a834f7e4: ;   {metadata({method} {0x000000003d1b69f8} 'reachabilityFence' '(Ljava/lang/Object;)V' in 'java/lang/ref/Reference')}
  0x00000235a834f7e4: ffff 49ba | f069 1b3d | 0000 0000 | 4c89 5424 | 0848 c704 | 24ff ffff 

  0x00000235a834f7fc: ;   {runtime_call C1 Runtime counter_overflow_blob}
  0x00000235a834f7fc: ffe8 de1c 

  0x00000235a834f800: ; ImmutableOopMap {rax=Oop r8=Oop rsi=Oop rdx=Oop [152]=Oop [168]=Oop }
                      ;*synchronization entry
                      ; - java.lang.ref.Reference::reachabilityFence@-1 (line 669)
                      ; - org.jetbrains.skia.impl.Native_jvmKt::reachabilityBarrier@1 (line 47)
                      ; - org.jetbrains.skia.Canvas::save@24 (line 1433)
                      ; - org.jetbrains.skiko.context.ContextHandler::draw@43 (line 52)
  0x00000235a834f800: 6906 e9c7 | fcff ff49 | 8b87 8805 | 0000 49c7 | 8788 0500 | 0000 0000 | 0049 c787 | 9005 0000 
  0x00000235a834f820: 0000 0000 | 4881 c4d0 | 0000 005d 

  0x00000235a834f82c: ;   {runtime_call C1 Runtime unwind_exception_blob}
  0x00000235a834f82c: e9af a668 | 06f4 f4f4 | f4f4 f4f4 
[Stub Code]
  0x00000235a834f838: ;   {other}
  0x00000235a834f838: 0f1f 4400 

  0x00000235a834f83c: ;   {static_stub}
  0x00000235a834f83c: 0048 bb48 | 6ffa c535 

  0x00000235a834f844: ;   {runtime_call I2C/C2I adapters}
  0x00000235a834f844: 0200 00e9 | e60b 5c06 

  0x00000235a834f84c: ;   {static_stub}
  0x00000235a834f84c: 9048 bb08 | 62fa c535 

  0x00000235a834f854: ;   {runtime_call I2C/C2I adapters}
  0x00000235a834f854: 0200 00e9 | da63 5c06 

  0x00000235a834f85c: ;   {static_stub}
  0x00000235a834f85c: 9048 bb00 | 0000 0000 

  0x00000235a834f864: ;   {runtime_call nmethod}
  0x00000235a834f864: 0000 00e9 | fbff ffff 

  0x00000235a834f86c: ;   {static_stub}
  0x00000235a834f86c: 9048 bb98 | 63fa c535 

  0x00000235a834f874: ;   {runtime_call I2C/C2I adapters}
  0x00000235a834f874: 0200 00e9 | ba63 5c06 

  0x00000235a834f87c: ;   {static_stub}
  0x00000235a834f87c: 9048 bb00 | 0000 0000 

  0x00000235a834f884: ;   {runtime_call nmethod}
  0x00000235a834f884: 0000 00e9 | fbff ffff 

  0x00000235a834f88c: ;   {static_stub}
  0x00000235a834f88c: 48bb 0000 | 0000 0000 

  0x00000235a834f894: ;   {runtime_call nmethod}
  0x00000235a834f894: 0000 e9fb 

  0x00000235a834f898: ;   {static_stub}
  0x00000235a834f898: ffff ff48 | bb00 0000 | 0000 0000 

  0x00000235a834f8a4: ;   {runtime_call nmethod}
  0x00000235a834f8a4: 00e9 fbff 

  0x00000235a834f8a8: ;   {static_stub}
  0x00000235a834f8a8: ffff 48bb | 0000 0000 | 0000 0000 

  0x00000235a834f8b4: ;   {runtime_call nmethod}
  0x00000235a834f8b4: e9fb ffff 

  0x00000235a834f8b8: ;   {static_stub}
  0x00000235a834f8b8: ff48 bb00 | 0000 0000 

  0x00000235a834f8c0: ;   {runtime_call nmethod}
  0x00000235a834f8c0: 0000 00e9 | fbff ffff 

  0x00000235a834f8c8: ;   {static_stub}
  0x00000235a834f8c8: 48bb 0000 | 0000 0000 

  0x00000235a834f8d0: ;   {runtime_call nmethod}
  0x00000235a834f8d0: 0000 e9fb 

  0x00000235a834f8d4: ;   {static_stub}
  0x00000235a834f8d4: ffff ff48 | bb00 0000 | 0000 0000 

  0x00000235a834f8e0: ;   {runtime_call nmethod}
  0x00000235a834f8e0: 00e9 fbff 

  0x00000235a834f8e4: ;   {static_stub}
  0x00000235a834f8e4: ffff 48bb | 0000 0000 | 0000 0000 

  0x00000235a834f8f0: ;   {runtime_call nmethod}
  0x00000235a834f8f0: e9fb ffff 

  0x00000235a834f8f4: ;   {static_stub}
  0x00000235a834f8f4: ff48 bb00 | 0000 0000 

  0x00000235a834f8fc: ;   {runtime_call nmethod}
  0x00000235a834f8fc: 0000 00e9 | fbff ffff 
[Exception Handler]
  0x00000235a834f904: ;   {runtime_call C1 Runtime handle_exception_from_callee_blob}
  0x00000235a834f904: e857 e268 

  0x00000235a834f908: ;   {external_word}
  0x00000235a834f908: 0648 b940 | 710f 29ff | 7f00 0048 

  0x00000235a834f914: ;   {runtime_call}
  0x00000235a834f914: 83e4 f048 | b8a0 b8c9 | 28ff 7f00 | 00ff d0f4 
[Deopt Handler Code]
  0x00000235a834f924: ;   {section_word}
  0x00000235a834f924: 49ba 24f9 | 34a8 3502 | 0000 4152 

  0x00000235a834f930: ;   {runtime_call DeoptimizationBlob}
  0x00000235a834f930: e92b 195c | 06f4 f4f4 
[/MachCode]


---------------  P R O C E S S  ---------------

Threads class SMR info:
_java_thread_list=0x0000023614d77100, length=78, elements={
0x000002359c6b6550, 0x00000235c3bd35a0, 0x00000235c0dce0d0, 0x00000235c3bc0080,
0x00000235c3bc3860, 0x00000235c3bc6190, 0x000002359ea0ca70, 0x00000235c3bc7dc0,
0x00000235c3be3ff0, 0x00000235c3bf9c90, 0x00000235c3bfa460, 0x00000235c3bfbbd0,
0x00000235c3bfc3a0, 0x00000235c8cb7e00, 0x00000235c8cb6690, 0x00000235c8f3a150,
0x00000235c8cb9d40, 0x00000235c90cac60, 0x00000235c90cbc00, 0x00000235c90cfa80,
0x00000235c90d19c0, 0x00000235c8f54590, 0x00000235c8f535f0, 0x00000235c8f54d60,
0x00000235c8f516b0, 0x00000235c8f55530, 0x00000235c8f57470, 0x00000235cabe8ea0,
0x00000235cabea610, 0x00000235cac5cca0, 0x00000235cac59dc0, 0x000002361438c0c0,
0x000002361438d060, 0x0000023614390ee0, 0x0000023614391e80, 0x0000023614392e20,
0x0000023614392650, 0x00000235cb6e2a70, 0x00000235cb6e3240, 0x00000235cb6e49b0,
0x00000235cb6e5950, 0x00000235cb6e97d0, 0x00000235cb898210, 0x00000235cb894b60,
0x00000236152a6560, 0x00000236152a3e50, 0x00000236152a9440, 0x00000236152ac320,
0x00000236152aa3e0, 0x00000236152ab380, 0x000002365f331df0, 0x000002365f3354a0,
0x000002365f334500, 0x000002365f335c70, 0x000002365f336440, 0x000002365f333560,
0x000002365f338380, 0x000002365f3373e0, 0x000002365f33b260, 0x000002365f33a2c0,
0x000002365f33ba30, 0x000002365f33aa90, 0x000002365f33f8b0, 0x000002365f340080,
0x000002365f33d970, 0x000002365f33e910, 0x00000236158232c0, 0x0000023615824260,
0x0000023615825200, 0x0000023615822320, 0x0000023615822af0, 0x0000023615829850,
0x00000236158288b0, 0x0000023615827910, 0x00000236141a43c0, 0x00000236141a4b90,
0x00000236141a5360, 0x0000023614c23c80
}

Java Threads: ( => current thread )
  0x000002359c6b6550 JavaThread "main"                              [_thread_blocked, id=26900, stack(0x000000bd3a000000,0x000000bd3a100000) (1024K)]
  0x00000235c3bd35a0 JavaThread "Reference Handler"          daemon [_thread_blocked, id=20916, stack(0x000000bd3a800000,0x000000bd3a900000) (1024K)]
  0x00000235c0dce0d0 JavaThread "Finalizer"                  daemon [_thread_blocked, id=22620, stack(0x000000bd3a900000,0x000000bd3aa00000) (1024K)]
  0x00000235c3bc0080 JavaThread "Signal Dispatcher"          daemon [_thread_blocked, id=7956, stack(0x000000bd3aa00000,0x000000bd3ab00000) (1024K)]
  0x00000235c3bc3860 JavaThread "Attach Listener"            daemon [_thread_blocked, id=7916, stack(0x000000bd3ab00000,0x000000bd3ac00000) (1024K)]
  0x00000235c3bc6190 JavaThread "Service Thread"             daemon [_thread_blocked, id=12684, stack(0x000000bd3ac00000,0x000000bd3ad00000) (1024K)]
  0x000002359ea0ca70 JavaThread "Monitor Deflation Thread"   daemon [_thread_blocked, id=10440, stack(0x000000bd3ad00000,0x000000bd3ae00000) (1024K)]
  0x00000235c3bc7dc0 JavaThread "C2 CompilerThread0"         daemon [_thread_blocked, id=20568, stack(0x000000bd3ae00000,0x000000bd3af00000) (1024K)]
  0x00000235c3be3ff0 JavaThread "C1 CompilerThread0"         daemon [_thread_blocked, id=30452, stack(0x000000bd3af00000,0x000000bd3b000000) (1024K)]
  0x00000235c3bf9c90 JavaThread "Notification Thread"        daemon [_thread_blocked, id=22496, stack(0x000000bd3b100000,0x000000bd3b200000) (1024K)]
  0x00000235c3bfa460 JavaThread "Common-Cleaner"             daemon [_thread_blocked, id=29380, stack(0x000000bd3b200000,0x000000bd3b300000) (1024K)]
  0x00000235c3bfbbd0 JavaThread "DefaultDispatcher-worker-1" daemon [_thread_blocked, id=23036, stack(0x000000bd3b400000,0x000000bd3b500000) (1024K)]
  0x00000235c3bfc3a0 JavaThread "DefaultDispatcher-worker-2" daemon [_thread_blocked, id=7896, stack(0x000000bd3b500000,0x000000bd3b600000) (1024K)]
  0x00000235c8cb7e00 JavaThread "DefaultDispatcher-worker-3" daemon [_thread_blocked, id=3900, stack(0x000000bd3b600000,0x000000bd3b700000) (1024K)]
  0x00000235c8cb6690 JavaThread "JNA Cleaner"                daemon [_thread_blocked, id=17224, stack(0x000000bd3bc00000,0x000000bd3bd00000) (1024K)]
  0x00000235c8f3a150 JavaThread "DefaultDispatcher-worker-4" daemon [_thread_blocked, id=5400, stack(0x000000bd3ba00000,0x000000bd3bb00000) (1024K)]
  0x00000235c8cb9d40 JavaThread "DefaultDispatcher-worker-5" daemon [_thread_blocked, id=25140, stack(0x000000bd3c800000,0x000000bd3c900000) (1024K)]
  0x00000235c90cac60 JavaThread "DefaultDispatcher-worker-6" daemon [_thread_blocked, id=18572, stack(0x000000bd3c900000,0x000000bd3ca00000) (1024K)]
  0x00000235c90cbc00 JavaThread "DefaultDispatcher-worker-7" daemon [_thread_blocked, id=12468, stack(0x000000bd3ca00000,0x000000bd3cb00000) (1024K)]
  0x00000235c90cfa80 JavaThread "Piko-Single-Instance"       daemon [_thread_in_native, id=4980, stack(0x000000bd3cb00000,0x000000bd3cc00000) (1024K)]
  0x00000235c90d19c0 JavaThread "kotlinx.coroutines.DefaultExecutor" daemon [_thread_blocked, id=23232, stack(0x000000bd3d200000,0x000000bd3d300000) (1024K)]
  0x00000235c8f54590 JavaThread "Java2D Disposer"            daemon [_thread_blocked, id=19188, stack(0x000000bd3d300000,0x000000bd3d400000) (1024K)]
  0x00000235c8f535f0 JavaThread "AWT-Shutdown"                      [_thread_blocked, id=1736, stack(0x000000bd3d400000,0x000000bd3d500000) (1024K)]
  0x00000235c8f54d60 JavaThread "AWT-Windows"                daemon [_thread_in_native, id=15912, stack(0x000000bd3d500000,0x000000bd3d600000) (1024K)]
  0x00000235c8f516b0 JavaThread "Reference Cleaner"          daemon [_thread_blocked, id=13072, stack(0x000000bd3d600000,0x000000bd3d700000) (1024K)]
=>0x00000235c8f55530 JavaThread "AWT-EventQueue-0"                  [_thread_in_native, id=18520, stack(0x000000bd3d700000,0x000000bd3d800000) (1024K)]
  0x00000235c8f57470 JavaThread "OkHttp Dispatcher"                 [_thread_blocked, id=20832, stack(0x000000bd3db00000,0x000000bd3dc00000) (1024K)]
  0x00000235cabe8ea0 JavaThread "OkHttp api-drive.mypikpak.com" daemon [_thread_in_native, id=19812, stack(0x000000bd3dd00000,0x000000bd3de00000) (1024K)]
  0x00000235cabea610 JavaThread "OkHttp TaskRunner"          daemon [_thread_blocked, id=14868, stack(0x000000bd3e200000,0x000000bd3e300000) (1024K)]
  0x00000235cac5cca0 JavaThread "Okio Watchdog"              daemon [_thread_blocked, id=31284, stack(0x000000bd3e400000,0x000000bd3e500000) (1024K)]
  0x00000235cac59dc0 JavaThread "TimerQueue"                 daemon [_thread_blocked, id=13688, stack(0x000000bd3e500000,0x000000bd3e600000) (1024K)]
  0x000002361438c0c0 JavaThread "Piko-TaskbarProgress"       daemon [_thread_blocked, id=8256, stack(0x000000bd3ee00000,0x000000bd3ef00000) (1024K)]
  0x000002361438d060 JavaThread "DefaultDispatcher-worker-8" daemon [_thread_blocked, id=14664, stack(0x000000bd3f000000,0x000000bd3f100000) (1024K)]
  0x0000023614390ee0 JavaThread "DefaultDispatcher-worker-11" daemon [_thread_blocked, id=11932, stack(0x000000bd3f100000,0x000000bd3f200000) (1024K)]
  0x0000023614391e80 JavaThread "DefaultDispatcher-worker-10" daemon [_thread_blocked, id=16008, stack(0x000000bd3f200000,0x000000bd3f300000) (1024K)]
  0x0000023614392e20 JavaThread "DefaultDispatcher-worker-12" daemon [_thread_blocked, id=10572, stack(0x000000bd3f300000,0x000000bd3f400000) (1024K)]
  0x0000023614392650 JavaThread "DefaultDispatcher-worker-9" daemon [_thread_blocked, id=23048, stack(0x000000bd3f400000,0x000000bd3f500000) (1024K)]
  0x00000235cb6e2a70 JavaThread "DefaultDispatcher-worker-13" daemon [_thread_blocked, id=23736, stack(0x000000bd3f500000,0x000000bd3f600000) (1024K)]
  0x00000235cb6e3240 JavaThread "DefaultDispatcher-worker-14" daemon [_thread_blocked, id=15300, stack(0x000000bd3f600000,0x000000bd3f700000) (1024K)]
  0x00000235cb6e49b0 JavaThread "DefaultDispatcher-worker-15" daemon [_thread_blocked, id=24484, stack(0x000000bd3f700000,0x000000bd3f800000) (1024K)]
  0x00000235cb6e5950 JavaThread "DefaultDispatcher-worker-16" daemon [_thread_blocked, id=11676, stack(0x000000bd3f800000,0x000000bd3f900000) (1024K)]
  0x00000235cb6e97d0 JavaThread "D3D Screen Updater"         daemon [_thread_blocked, id=24240, stack(0x000000bd3f900000,0x000000bd3fa00000) (1024K)]
  0x00000235cb898210 JavaThread "skiko-dispatcher-to-block-on" daemon [_thread_blocked, id=10724, stack(0x000000bd39e00000,0x000000bd39f00000) (1024K)]
  0x00000235cb894b60 JavaThread "skiko-dispatcher-to-block-on" daemon [_thread_blocked, id=23664, stack(0x000000bd39f00000,0x000000bd3a000000) (1024K)]
  0x00000236152a6560 JavaThread "OkHttp Dispatcher"                 [_thread_blocked, id=21688, stack(0x000000bd3df10000,0x000000bd3e010000) (1024K)]
  0x00000236152a3e50 JavaThread "OkHttp Dispatcher"                 [_thread_blocked, id=17616, stack(0x000000bd3e010000,0x000000bd3e110000) (1024K)]
  0x00000236152a9440 JavaThread "DefaultDispatcher-worker-17" daemon [_thread_blocked, id=31244, stack(0x000000bd3fa00000,0x000000bd3fb00000) (1024K)]
  0x00000236152ac320 JavaThread "DefaultDispatcher-worker-18" daemon [_thread_blocked, id=248, stack(0x000000bd3fb00000,0x000000bd3fc00000) (1024K)]
  0x00000236152aa3e0 JavaThread "DefaultDispatcher-worker-19" daemon [_thread_blocked, id=25848, stack(0x000000bd3fc00000,0x000000bd3fd00000) (1024K)]
  0x00000236152ab380 JavaThread "DefaultDispatcher-worker-20" daemon [_thread_blocked, id=8088, stack(0x000000bd3fd00000,0x000000bd3fe00000) (1024K)]
  0x000002365f331df0 JavaThread "DefaultDispatcher-worker-21" daemon [_thread_blocked, id=19528, stack(0x000000bd3fe00000,0x000000bd3ff00000) (1024K)]
  0x000002365f3354a0 JavaThread "DefaultDispatcher-worker-23" daemon [_thread_in_native, id=9376, stack(0x000000bd3ff00000,0x000000bd40000000) (1024K)]
  0x000002365f334500 JavaThread "DefaultDispatcher-worker-22" daemon [_thread_blocked, id=26024, stack(0x000000bd40000000,0x000000bd40100000) (1024K)]
  0x000002365f335c70 JavaThread "DefaultDispatcher-worker-24" daemon [_thread_blocked, id=30260, stack(0x000000bd40100000,0x000000bd40200000) (1024K)]
  0x000002365f336440 JavaThread "DefaultDispatcher-worker-25" daemon [_thread_blocked, id=15408, stack(0x000000bd40200000,0x000000bd40300000) (1024K)]
  0x000002365f333560 JavaThread "DefaultDispatcher-worker-26" daemon [_thread_blocked, id=15124, stack(0x000000bd40300000,0x000000bd40400000) (1024K)]
  0x000002365f338380 JavaThread "DefaultDispatcher-worker-27" daemon [_thread_blocked, id=8176, stack(0x000000bd40400000,0x000000bd40500000) (1024K)]
  0x000002365f3373e0 JavaThread "DefaultDispatcher-worker-28" daemon [_thread_blocked, id=31124, stack(0x000000bd40500000,0x000000bd40600000) (1024K)]
  0x000002365f33b260 JavaThread "OkHttp Dispatcher"                 [_thread_blocked, id=18412, stack(0x000000bd40600000,0x000000bd40700000) (1024K)]
  0x000002365f33a2c0 JavaThread "OkHttp Dispatcher"                 [_thread_blocked, id=6244, stack(0x000000bd40700000,0x000000bd40800000) (1024K)]
  0x000002365f33ba30 JavaThread "OkHttp Dispatcher"                 [_thread_blocked, id=3584, stack(0x000000bd40800000,0x000000bd40900000) (1024K)]
  0x000002365f33aa90 JavaThread "OkHttp Dispatcher"                 [_thread_blocked, id=26396, stack(0x000000bd40900000,0x000000bd40a00000) (1024K)]
  0x000002365f33f8b0 JavaThread "OkHttp Dispatcher"                 [_thread_blocked, id=11920, stack(0x000000bd40a00000,0x000000bd40b00000) (1024K)]
  0x000002365f340080 JavaThread "OkHttp Dispatcher"                 [_thread_blocked, id=2924, stack(0x000000bd40b00000,0x000000bd40c00000) (1024K)]
  0x000002365f33d970 JavaThread "OkHttp Dispatcher"                 [_thread_blocked, id=30004, stack(0x000000bd40c00000,0x000000bd40d00000) (1024K)]
  0x000002365f33e910 JavaThread "OkHttp Dispatcher"                 [_thread_blocked, id=28508, stack(0x000000bd40d00000,0x000000bd40e00000) (1024K)]
  0x00000236158232c0 JavaThread "OkHttp TaskRunner"          daemon [_thread_blocked, id=9204, stack(0x000000bd40e00000,0x000000bd40f00000) (1024K)]
  0x0000023615824260 JavaThread "OkHttp TaskRunner"          daemon [_thread_blocked, id=1764, stack(0x000000bd40f00000,0x000000bd41000000) (1024K)]
  0x0000023615825200 JavaThread "OkHttp TaskRunner"          daemon [_thread_blocked, id=7208, stack(0x000000bd41000000,0x000000bd41100000) (1024K)]
  0x0000023615822320 JavaThread "OkHttp TaskRunner"          daemon [_thread_blocked, id=25472, stack(0x000000bd41100000,0x000000bd41200000) (1024K)]
  0x0000023615822af0 JavaThread "OkHttp TaskRunner"          daemon [_thread_blocked, id=14820, stack(0x000000bd41200000,0x000000bd41300000) (1024K)]
  0x0000023615829850 JavaThread "OkHttp TaskRunner"          daemon [_thread_blocked, id=11012, stack(0x000000bd41300000,0x000000bd41400000) (1024K)]
  0x00000236158288b0 JavaThread "OkHttp ConnectionPool connection closer" daemon [_thread_blocked, id=29356, stack(0x000000bd41400000,0x000000bd41500000) (1024K)]
  0x0000023615827910 JavaThread "OkHttp TaskRunner"          daemon [_thread_blocked, id=25944, stack(0x000000bd41500000,0x000000bd41600000) (1024K)]
  0x00000236141a43c0 JavaThread "DefaultDispatcher-worker-29" daemon [_thread_blocked, id=5680, stack(0x000000bd3cc00000,0x000000bd3cd00000) (1024K)]
  0x00000236141a4b90 JavaThread "DefaultDispatcher-worker-30" daemon [_thread_blocked, id=16404, stack(0x000000bd41600000,0x000000bd41700000) (1024K)]
  0x00000236141a5360 JavaThread "DefaultDispatcher-worker-31" daemon [_thread_blocked, id=23436, stack(0x000000bd41700000,0x000000bd41800000) (1024K)]
  0x0000023614c23c80 JavaThread "C2 CompilerThread1"         daemon [_thread_blocked, id=9548, stack(0x000000bd3b000000,0x000000bd3b100000) (1024K)]
Total: 78

Other Threads:
  0x00000235c0db8eb0 VMThread "VM Thread"                           [id=19772, stack(0x000000bd3a700000,0x000000bd3a800000) (1024K)]
  0x00000235c0dac1a0 WatcherThread "VM Periodic Task Thread"        [id=29512, stack(0x000000bd3a600000,0x000000bd3a700000) (1024K)]
  0x000002359e9e6720 WorkerThread "GC Thread#0"                     [id=22000, stack(0x000000bd3a100000,0x000000bd3a200000) (1024K)]
  0x00000235c903cf20 WorkerThread "GC Thread#1"                     [id=28652, stack(0x000000bd3bd00000,0x000000bd3be00000) (1024K)]
  0x00000235c903d350 WorkerThread "GC Thread#2"                     [id=10276, stack(0x000000bd3be00000,0x000000bd3bf00000) (1024K)]
  0x00000235c90342b0 WorkerThread "GC Thread#3"                     [id=15152, stack(0x000000bd3bf00000,0x000000bd3c000000) (1024K)]
  0x00000235c90346e0 WorkerThread "GC Thread#4"                     [id=15808, stack(0x000000bd3c000000,0x000000bd3c100000) (1024K)]
  0x00000235c9034b10 WorkerThread "GC Thread#5"                     [id=8252, stack(0x000000bd3c100000,0x000000bd3c200000) (1024K)]
  0x00000235c8c87980 WorkerThread "GC Thread#6"                     [id=23032, stack(0x000000bd3c200000,0x000000bd3c300000) (1024K)]
  0x00000235c8c84e60 WorkerThread "GC Thread#7"                     [id=3756, stack(0x000000bd3c300000,0x000000bd3c400000) (1024K)]
  0x00000235c8c85fa0 WorkerThread "GC Thread#8"                     [id=18272, stack(0x000000bd3c400000,0x000000bd3c500000) (1024K)]
  0x00000235c8c87dd0 WorkerThread "GC Thread#9"                     [id=20592, stack(0x000000bd3c500000,0x000000bd3c600000) (1024K)]
  0x00000235c8c87530 WorkerThread "GC Thread#10"                    [id=21892, stack(0x000000bd3c600000,0x000000bd3c700000) (1024K)]
  0x00000235c8c85b50 WorkerThread "GC Thread#11"                    [id=5744, stack(0x000000bd3c700000,0x000000bd3c800000) (1024K)]
  0x00000235ca594f10 WorkerThread "GC Thread#12"                    [id=19196, stack(0x000000bd3d800000,0x000000bd3d900000) (1024K)]
  0x00000235c0c101a0 ConcurrentGCThread "G1 Main Marker"            [id=16836, stack(0x000000bd3a200000,0x000000bd3a300000) (1024K)]
  0x000002359e9ffbf0 WorkerThread "G1 Conc#0"                       [id=17240, stack(0x000000bd3a300000,0x000000bd3a400000) (1024K)]
  0x00000235ca594220 WorkerThread "G1 Conc#1"                       [id=26236, stack(0x000000bd3d900000,0x000000bd3da00000) (1024K)]
  0x00000235ca595360 WorkerThread "G1 Conc#2"                       [id=18612, stack(0x000000bd3da00000,0x000000bd3db00000) (1024K)]
  0x00000235c0c7d610 ConcurrentGCThread "G1 Refine#0"               [id=23068, stack(0x000000bd3a400000,0x000000bd3a500000) (1024K)]
  0x00000235c0c81c30 ConcurrentGCThread "G1 Service"                [id=25868, stack(0x000000bd3a500000,0x000000bd3a600000) (1024K)]
Total: 21

Threads with active compile tasks:
Total: 0

VM state: not at safepoint (normal execution)

VM Mutex/Monitor currently owned by a thread: None

Heap address: 0x0000000604000000, size: 8128 MB, Compressed Oops mode: Zero based, Oop shift amount: 3

CDS archive(s) mapped at: [0x000000003d000000-0x000000003ddb0000-0x000000003ddb0000), size 14352384, SharedBaseAddress: 0x000000003d000000, ArchiveRelocationMode: 1.
Compressed class space mapped at: 0x000000003e000000-0x000000007e000000, reserved size: 1073741824
UseCompressedClassPointers 1, UseCompactObjectHeaders 0
Narrow klass pointer bits 32, Max shift 3
Narrow klass base: 0x000000003d000000, Narrow klass shift: 0
Encoding Range: [0x000000003d000000 - 0x000000013d000000), (4294967296 bytes)
Klass Range:    [0x000000003d010000 - 0x000000007e000000), (1090453504 bytes)
Klass ID Range:  [65536 - 1090519033) (1090453497)
Protection zone: [0x000000003d000000 - 0x000000003d010000), (65536 bytes)

GC Precious Log:
 CardTable entry size: 512
 Card Set container configuration: InlinePtr #cards 4 size 8 Array Of Cards #cards 32 size 80 Howl #buckets 8 coarsen threshold 7372 Howl Bitmap #cards 1024 size 144 coarsen threshold 921 Card regions per heap region 1 cards per card region 8192
 CPUs: 16 total, 16 available
 Memory: 32499M
 Large Page Support: Disabled
 NUMA Support: Disabled
 Compressed Oops: Enabled (Zero based)
 Heap Region Size: 4M
 Heap Min Capacity: 8M
 Heap Initial Capacity: 508M
 Heap Max Capacity: 8128M
 Pre-touch: Disabled
 Parallel Workers: 13
 Concurrent Workers: 3
 Concurrent Refinement Workers: 13
 Periodic GC: Disabled

Heap:
 garbage-first heap   total reserved 8323072K, committed 110592K, used 64600K [0x0000000604000000, 0x0000000800000000)
  region size 4096K, 3 young (12288K), 1 survivors (4096K)

Heap Regions: E=young(eden), S=young(survivor), O=old, HS=humongous(starts), HC=humongous(continues), CS=collection set, F=free, TAMS=top-at-mark-start, PB=parsable bottom
|   0|0x0000000604000000, 0x0000000604400000, 0x0000000604400000|100%| O|  |TAMS 0x0000000604000000| PB 0x0000000604000000| Untracked |  0
|   1|0x0000000604400000, 0x0000000604800000, 0x0000000604800000|100%| O|  |TAMS 0x0000000604400000| PB 0x0000000604400000| Untracked |  0
|   2|0x0000000604800000, 0x0000000604c00000, 0x0000000604c00000|100%| O|  |TAMS 0x0000000604800000| PB 0x0000000604800000| Untracked |  0
|   3|0x0000000604c00000, 0x0000000604ffe368, 0x0000000605000000| 99%| O|  |TAMS 0x0000000604c00000| PB 0x0000000604c00000| Untracked |  0
|   4|0x0000000605000000, 0x00000006053ffff0, 0x0000000605400000| 99%| O|  |TAMS 0x0000000605000000| PB 0x0000000605000000| Untracked |  0
|   5|0x0000000605400000, 0x00000006057fffe0, 0x0000000605800000| 99%| O|  |TAMS 0x0000000605400000| PB 0x0000000605400000| Untracked |  0
|   6|0x0000000605800000, 0x0000000605bc7ff0, 0x0000000605c00000| 94%| O|  |TAMS 0x0000000605800000| PB 0x0000000605800000| Untracked |  0
|   7|0x0000000605c00000, 0x0000000606000000, 0x0000000606000000|100%| O|  |TAMS 0x0000000605c00000| PB 0x0000000605c00000| Untracked |  0
|   8|0x0000000606000000, 0x0000000606400000, 0x0000000606400000|100%| O|  |TAMS 0x0000000606000000| PB 0x0000000606000000| Untracked |  0
|   9|0x0000000606400000, 0x00000006067fffd8, 0x0000000606800000| 99%| O|  |TAMS 0x0000000606400000| PB 0x0000000606400000| Untracked |  0
|  10|0x0000000606800000, 0x00000006069c1dd0, 0x0000000606c00000| 43%| O|  |TAMS 0x0000000606800000| PB 0x0000000606800000| Untracked |  0
|  11|0x0000000606c00000, 0x0000000607000000, 0x0000000607000000|100%| O|Cm|TAMS 0x0000000606c00000| PB 0x0000000606c00000| Complete |  0
|  12|0x0000000607000000, 0x0000000607400000, 0x0000000607400000|100%| O|Cm|TAMS 0x0000000607000000| PB 0x0000000607000000| Complete |  0
|  13|0x0000000607400000, 0x0000000607800000, 0x0000000607800000|100%| O|  |TAMS 0x0000000607400000| PB 0x0000000607400000| Untracked |  0
|  14|0x0000000607800000, 0x0000000607c00000, 0x0000000607c00000|100%| O|  |TAMS 0x0000000607800000| PB 0x0000000607800000| Untracked |  0
|  15|0x0000000607c00000, 0x0000000607c00000, 0x0000000608000000|  0%| F|  |TAMS 0x0000000607c00000| PB 0x0000000607c00000| Untracked |  0
|  16|0x0000000608000000, 0x0000000608000000, 0x0000000608400000|  0%| F|  |TAMS 0x0000000608000000| PB 0x0000000608000000| Untracked |  0
|  17|0x0000000608400000, 0x0000000608400000, 0x0000000608800000|  0%| F|  |TAMS 0x0000000608400000| PB 0x0000000608400000| Untracked |  0
|  18|0x0000000608800000, 0x000000060898e1d0, 0x0000000608c00000| 38%| S|CS|TAMS 0x0000000608800000| PB 0x0000000608800000| Complete |  0
|  19|0x0000000608c00000, 0x0000000608c00000, 0x0000000609000000|  0%| F|  |TAMS 0x0000000608c00000| PB 0x0000000608c00000| Untracked |  0
|  20|0x0000000609000000, 0x0000000609000000, 0x0000000609400000|  0%| F|  |TAMS 0x0000000609000000| PB 0x0000000609000000| Untracked |  0
|  21|0x0000000609400000, 0x0000000609400000, 0x0000000609800000|  0%| F|  |TAMS 0x0000000609400000| PB 0x0000000609400000| Untracked |  0
|  22|0x0000000609800000, 0x0000000609800000, 0x0000000609c00000|  0%| F|  |TAMS 0x0000000609800000| PB 0x0000000609800000| Untracked |  0
|  23|0x0000000609c00000, 0x0000000609c00000, 0x000000060a000000|  0%| F|  |TAMS 0x0000000609c00000| PB 0x0000000609c00000| Untracked |  0
|  24|0x000000060a000000, 0x000000060a000000, 0x000000060a400000|  0%| F|  |TAMS 0x000000060a000000| PB 0x000000060a000000| Untracked |  0
| 126|0x0000000623800000, 0x0000000623b7f6d0, 0x0000000623c00000| 87%| E|  |TAMS 0x0000000623800000| PB 0x0000000623800000| Complete |  0
|2031|0x00000007ffc00000, 0x0000000800000000, 0x0000000800000000|100%| E|CS|TAMS 0x00000007ffc00000| PB 0x00000007ffc00000| Complete |  0

Card table byte_map: [0x00000235b7cf0000,0x00000235b8cd0000] _byte_map_base: 0x00000235b4cd0000

Marking Bits: (CMBitMap*) 0x00000235c0c0f8a0
 Bits: [0x00000235b8cd0000, 0x00000235c0bd0000)

Polling page: 0x000002359cb20000

Metaspace:
Metaspace        used 68967K, committed 70464K, reserved 1114112K
 class space     used 7502K, committed 8128K, reserved 1048576K

Usage:
  Non-class:     60.02 MB used.
      Class:      7.33 MB used.
       Both:     67.35 MB used.

Virtual space:
  Non-class space:       64.00 MB reserved,      60.88 MB ( 95%) committed,  1 nodes.
      Class space:        1.00 GB reserved,       7.94 MB ( <1%) committed,  1 nodes.
             Both:        1.06 GB reserved,      68.81 MB (  6%) committed. 

Chunk freelists:
   Non-Class:  2.25 MB
       Class:  7.95 MB
        Both:  10.20 MB

MaxMetaspaceSize: unlimited
CompressedClassSpaceSize: 1.00 GB
Initial GC threshold: 21.00 MB
Current GC threshold: 114.69 MB
CDS: on
 - commit_granule_bytes: 65536.
 - commit_granule_words: 8192.
 - virtual_space_node_default_size: 8388608.
 - enlarge_chunks_in_place: 1.
UseCompressedClassPointers 1, UseCompactObjectHeaders 0
Narrow klass pointer bits 32, Max shift 3
Narrow klass base: 0x000000003d000000, Narrow klass shift: 0
Encoding Range: [0x000000003d000000 - 0x000000013d000000), (4294967296 bytes)
Klass Range:    [0x000000003d010000 - 0x000000007e000000), (1090453504 bytes)
Klass ID Range:  [65536 - 1090519033) (1090453497)
Protection zone: [0x000000003d000000 - 0x000000003d010000), (65536 bytes)


Internal statistics:

num_allocs_failed_limit: 12.
num_arena_births: 2224.
num_arena_deaths: 6.
num_vsnodes_births: 2.
num_vsnodes_deaths: 0.
num_space_committed: 1100.
num_space_uncommitted: 0.
num_chunks_returned_to_freelist: 19.
num_chunks_taken_from_freelist: 4565.
num_chunk_merges: 6.
num_chunk_splits: 3149.
num_chunks_enlarged: 2276.
num_inconsistent_stats: 0.

CodeHeap 'non-profiled nmethods': size=119168Kb used=5947Kb max_used=6612Kb free=113220Kb
 bounds [0x00000235af010000, 0x00000235af6a0000, 0x00000235b6470000]
CodeHeap 'profiled nmethods': size=119168Kb used=15336Kb max_used=19480Kb free=103831Kb
 bounds [0x00000235a7460000, 0x00000235a8770000, 0x00000235ae8c0000]
CodeHeap 'non-nmethods': size=7488Kb used=3941Kb max_used=5719Kb free=3546Kb
 bounds [0x00000235ae8c0000, 0x00000235aee90000, 0x00000235af010000]
CodeCache: size=245824Kb, used=25224Kb, max_used=31811Kb, free=220597Kb
 total_blobs=13932, nmethods=11039, adapters=2779, full_count=0
Compilation: enabled, stopped_count=0, restarted_count=0

Compilation events (20 events):
Event: 1926.788 Thread 0x00000235c3bc7dc0 14015       4       androidx.compose.animation.core.SuspendAnimationKt$animate$4::invokeSuspend (28 bytes)
Event: 1926.788 Thread 0x00000235c3bc7dc0 nmethod 14015 0x00000235af058308 code [0x00000235af058400, 0x00000235af0585d8]
Event: 1926.788 Thread 0x00000235c3bc7dc0 14014       4       androidx.compose.runtime.Recomposer::access$recordComposerModifications (5 bytes)
Event: 1926.789 Thread 0x00000235c3bc7dc0 nmethod 14014 0x00000235af05f088 code [0x00000235af05f180, 0x00000235af05f228]
Event: 1926.801 Thread 0x00000235c3bc7dc0 14016   !   4       androidx.compose.runtime.Recomposer$runRecomposeAndApplyChanges$2::invokeSuspend$lambda$2 (2048 bytes)
Event: 1926.805 Thread 0x00000235c3be3ff0 14017   !   3       dev.piko.desktop.winrt.WindowsCaption::frameProc (463 bytes)
Event: 1926.806 Thread 0x00000235c3be3ff0 nmethod 14017 0x00000235a78d5e88 code [0x00000235a78d5f80, 0x00000235a78d8f60]
Event: 1926.861 Thread 0x00000235c3be3ff0 14021       3       dev.piko.desktop.winrt.WindowsCaption::hitTest (474 bytes)
Event: 1926.866 Thread 0x00000235c3be3ff0 nmethod 14021 0x00000235a7ebcd88 code [0x00000235a7ebce80, 0x00000235a7ecc270]
Event: 1926.984 Thread 0x00000235c3be3ff0 14024       3       java.awt.Component::isDisplayable (13 bytes)
Event: 1926.984 Thread 0x00000235c3be3ff0 nmethod 14024 0x00000235a7572a88 code [0x00000235a7572b80, 0x00000235a7572ce0]
Event: 1926.985 Thread 0x0000023614c23c80 14023       4       androidx.compose.ui.focus.FocusTargetNode::getFocusState (563 bytes)
Event: 1926.986 Thread 0x00000235c3be3ff0 14025       3       kotlinx.coroutines.channels.ChannelResult$Companion::failure-PtdJZtk (7 bytes)
Event: 1926.986 Thread 0x00000235c3be3ff0 nmethod 14025 0x00000235a7586808 code [0x00000235a7586900, 0x00000235a7586ac8]
Event: 1926.986 Thread 0x00000235c3be3ff0 14026       3       kotlinx.coroutines.channels.ChannelResult::access$getFailed$cp (4 bytes)
Event: 1926.986 Thread 0x00000235c3be3ff0 nmethod 14026 0x00000235a758ee08 code [0x00000235a758ef00, 0x00000235a758eff0]
Event: 1926.990 Thread 0x0000023614c23c80 nmethod 14023 0x00000235af062608 code [0x00000235af062700, 0x00000235af062bc8]
Event: 1926.990 Thread 0x0000023614c23c80 14019       4       androidx.collection.ScatterSet::isNotEmpty (13 bytes)
Event: 1926.990 Thread 0x0000023614c23c80 nmethod 14019 0x00000235af05ed88 code [0x00000235af05ee80, 0x00000235af05ef00]
Event: 1926.990 Thread 0x0000023614c23c80 14020       4       dev.piko.desktop.winrt.WindowsCaption::hasCaption (20 bytes)

GC Heap Usage History (20 events):
Event: 1917.542 {heap Before GC invocations=17 (full 0):
 garbage-first heap   total reserved 8323072K, committed 73728K, used 59658K [0x0000000604000000, 0x0000000800000000)
  region size 4096K, 8 young (32768K), 1 survivors (4096K)
}
Event: 1917.544 {heap After GC invocations=18 (full 0):
 garbage-first heap   total reserved 8323072K, committed 73728K, used 34501K [0x0000000604000000, 0x0000000800000000)
  region size 4096K, 1 young (4096K), 1 survivors (4096K)
}
Event: 1919.087 {heap Before GC invocations=18 (full 0):
 garbage-first heap   total reserved 8323072K, committed 73728K, used 59077K [0x0000000604000000, 0x0000000800000000)
  region size 4096K, 8 young (32768K), 1 survivors (4096K)
}
Event: 1919.090 {heap After GC invocations=19 (full 0):
 garbage-first heap   total reserved 8323072K, committed 73728K, used 35931K [0x0000000604000000, 0x0000000800000000)
  region size 4096K, 1 young (4096K), 1 survivors (4096K)
}
Event: 1919.995 {heap Before GC invocations=19 (full 0):
 garbage-first heap   total reserved 8323072K, committed 73728K, used 56411K [0x0000000604000000, 0x0000000800000000)
  region size 4096K, 7 young (28672K), 1 survivors (4096K)
}
Event: 1919.998 {heap After GC invocations=20 (full 0):
 garbage-first heap   total reserved 8323072K, committed 73728K, used 37070K [0x0000000604000000, 0x0000000800000000)
  region size 4096K, 1 young (4096K), 1 survivors (4096K)
}
Event: 1920.882 {heap Before GC invocations=21 (full 0):
 garbage-first heap   total reserved 8323072K, committed 73728K, used 57550K [0x0000000604000000, 0x0000000800000000)
  region size 4096K, 7 young (28672K), 1 survivors (4096K)
}
Event: 1920.884 {heap After GC invocations=22 (full 0):
 garbage-first heap   total reserved 8323072K, committed 73728K, used 42992K [0x0000000604000000, 0x0000000800000000)
  region size 4096K, 1 young (4096K), 1 survivors (4096K)
}
Event: 1921.207 {heap Before GC invocations=22 (full 0):
 garbage-first heap   total reserved 8323072K, committed 73728K, used 59376K [0x0000000604000000, 0x0000000800000000)
  region size 4096K, 5 young (20480K), 1 survivors (4096K)
}
Event: 1921.209 {heap After GC invocations=23 (full 0):
 garbage-first heap   total reserved 8323072K, committed 73728K, used 47552K [0x0000000604000000, 0x0000000800000000)
  region size 4096K, 1 young (4096K), 1 survivors (4096K)
}
Event: 1921.215 {heap Before GC invocations=23 (full 0):
 garbage-first heap   total reserved 8323072K, committed 73728K, used 47552K [0x0000000604000000, 0x0000000800000000)
  region size 4096K, 2 young (8192K), 1 survivors (4096K)
}
Event: 1921.286 {heap After GC invocations=24 (full 1):
 garbage-first heap   total reserved 8323072K, committed 77824K, used 40736K [0x0000000604000000, 0x0000000800000000)
  region size 4096K, 0 young (0K), 0 survivors (0K)
}
Event: 1921.824 {heap Before GC invocations=24 (full 1):
 garbage-first heap   total reserved 8323072K, committed 77824K, used 53024K [0x0000000604000000, 0x0000000800000000)
  region size 4096K, 4 young (16384K), 0 survivors (0K)
}
Event: 1921.825 {heap After GC invocations=25 (full 1):
 garbage-first heap   total reserved 8323072K, committed 77824K, used 48862K [0x0000000604000000, 0x0000000800000000)
  region size 4096K, 1 young (4096K), 1 survivors (4096K)
}
Event: 1922.373 {heap Before GC invocations=26 (full 1):
 garbage-first heap   total reserved 8323072K, committed 90112K, used 57054K [0x0000000604000000, 0x0000000800000000)
  region size 4096K, 4 young (16384K), 1 survivors (4096K)
}
Event: 1922.375 {heap After GC invocations=27 (full 1):
 garbage-first heap   total reserved 8323072K, committed 90112K, used 52097K [0x0000000604000000, 0x0000000800000000)
  region size 4096K, 1 young (4096K), 1 survivors (4096K)
}
Event: 1923.015 {heap Before GC invocations=27 (full 1):
 garbage-first heap   total reserved 8323072K, committed 90112K, used 64385K [0x0000000604000000, 0x0000000800000000)
  region size 4096K, 5 young (20480K), 1 survivors (4096K)
}
Event: 1923.017 {heap After GC invocations=28 (full 1):
 garbage-first heap   total reserved 8323072K, committed 90112K, used 59630K [0x0000000604000000, 0x0000000800000000)
  region size 4096K, 1 young (4096K), 1 survivors (4096K)
}
Event: 1926.250 {heap Before GC invocations=28 (full 1):
 garbage-first heap   total reserved 8323072K, committed 90112K, used 71918K [0x0000000604000000, 0x0000000800000000)
  region size 4096K, 4 young (16384K), 1 survivors (4096K)
}
Event: 1926.251 {heap After GC invocations=29 (full 1):
 garbage-first heap   total reserved 8323072K, committed 90112K, used 60504K [0x0000000604000000, 0x0000000800000000)
  region size 4096K, 1 young (4096K), 1 survivors (4096K)
}

Metaspace Usage History (20 events):
Event: 1917.542 {metaspace Before GC invocations=17 (full 0):
 Metaspace       used 62503K, committed 63744K, reserved 1114112K
  class space    used 6720K, committed 7232K, reserved 1048576K
}
Event: 1917.544 {metaspace After GC invocations=18 (full 0):
 Metaspace       used 62503K, committed 63744K, reserved 1114112K
  class space    used 6720K, committed 7232K, reserved 1048576K
}
Event: 1919.087 {metaspace Before GC invocations=18 (full 0):
 Metaspace       used 64661K, committed 65984K, reserved 1114112K
  class space    used 6981K, committed 7552K, reserved 1048576K
}
Event: 1919.090 {metaspace After GC invocations=19 (full 0):
 Metaspace       used 64661K, committed 65984K, reserved 1114112K
  class space    used 6981K, committed 7552K, reserved 1048576K
}
Event: 1919.995 {metaspace Before GC invocations=19 (full 0):
 Metaspace       used 66950K, committed 68352K, reserved 1114112K
  class space    used 7249K, committed 7808K, reserved 1048576K
}
Event: 1919.998 {metaspace After GC invocations=20 (full 0):
 Metaspace       used 66950K, committed 68352K, reserved 1114112K
  class space    used 7249K, committed 7808K, reserved 1048576K
}
Event: 1920.882 {metaspace Before GC invocations=21 (full 0):
 Metaspace       used 68053K, committed 69504K, reserved 1114112K
  class space    used 7403K, committed 8000K, reserved 1048576K
}
Event: 1920.884 {metaspace After GC invocations=22 (full 0):
 Metaspace       used 68053K, committed 69504K, reserved 1114112K
  class space    used 7403K, committed 8000K, reserved 1048576K
}
Event: 1921.207 {metaspace Before GC invocations=22 (full 0):
 Metaspace       used 68182K, committed 69632K, reserved 1114112K
  class space    used 7404K, committed 8000K, reserved 1048576K
}
Event: 1921.209 {metaspace After GC invocations=23 (full 0):
 Metaspace       used 68182K, committed 69632K, reserved 1114112K
  class space    used 7404K, committed 8000K, reserved 1048576K
}
Event: 1921.215 {metaspace Before GC invocations=23 (full 0):
 Metaspace       used 68187K, committed 69632K, reserved 1114112K
  class space    used 7404K, committed 8000K, reserved 1048576K
}
Event: 1921.286 {metaspace After GC invocations=24 (full 1):
 Metaspace       used 68187K, committed 69632K, reserved 1114112K
  class space    used 7404K, committed 8000K, reserved 1048576K
}
Event: 1921.824 {metaspace Before GC invocations=24 (full 1):
 Metaspace       used 68456K, committed 69888K, reserved 1114112K
  class space    used 7444K, committed 8064K, reserved 1048576K
}
Event: 1921.825 {metaspace After GC invocations=25 (full 1):
 Metaspace       used 68456K, committed 69888K, reserved 1114112K
  class space    used 7444K, committed 8064K, reserved 1048576K
}
Event: 1922.373 {metaspace Before GC invocations=26 (full 1):
 Metaspace       used 68462K, committed 69952K, reserved 1114112K
  class space    used 7444K, committed 8064K, reserved 1048576K
}
Event: 1922.375 {metaspace After GC invocations=27 (full 1):
 Metaspace       used 68462K, committed 69952K, reserved 1114112K
  class space    used 7444K, committed 8064K, reserved 1048576K
}
Event: 1923.015 {metaspace Before GC invocations=27 (full 1):
 Metaspace       used 68511K, committed 70016K, reserved 1114112K
  class space    used 7447K, committed 8064K, reserved 1048576K
}
Event: 1923.017 {metaspace After GC invocations=28 (full 1):
 Metaspace       used 68511K, committed 70016K, reserved 1114112K
  class space    used 7447K, committed 8064K, reserved 1048576K
}
Event: 1926.250 {metaspace Before GC invocations=28 (full 1):
 Metaspace       used 68961K, committed 70464K, reserved 1114112K
  class space    used 7502K, committed 8128K, reserved 1048576K
}
Event: 1926.251 {metaspace After GC invocations=29 (full 1):
 Metaspace       used 68961K, committed 70464K, reserved 1114112K
  class space    used 7502K, committed 8128K, reserved 1048576K
}

Dll operation events (20 events):
Event: 0.292 Attempting to load shared library shell32
Event: 0.292 Loaded shared library shell32
Event: 0.366 Attempting to load shared library C:\Users\marvin\AppData\Local\Temp\jna--1081295363\jna10211999106789813747.dll
Event: 0.410 Loaded shared library C:\Users\marvin\AppData\Local\Temp\jna--1081295363\jna10211999106789813747.dll
Event: 0.431 Attempting to load shared library C:\Codes\piko\desktopApp\build\compose\tmp\prepareAppResources\mpv\mediampv.dll
Event: 0.438 Loaded shared library C:\Codes\piko\desktopApp\build\compose\tmp\prepareAppResources\mpv\mediampv.dll
Event: 0.501 Attempting to load shared library C:\Users\marvin\.skiko\skiko-windows-x64-5061ffbbfbad9fc8c6c8e0c1741b674c863293d3d071b061db9e6e0fc3ef1d38\skiko-windows-x64.dll
Event: 0.503 Loaded shared library C:\Users\marvin\.skiko\skiko-windows-x64-5061ffbbfbad9fc8c6c8e0c1741b674c863293d3d071b061db9e6e0fc3ef1d38\skiko-windows-x64.dll
Event: 0.920 Attempting to load shared library C:\Users\marvin\.gradle\jdks\eclipse_adoptium-25-amd64-windows.2\bin\freetype.dll
Event: 0.920 Loaded shared library C:\Users\marvin\.gradle\jdks\eclipse_adoptium-25-amd64-windows.2\bin\freetype.dll
Event: 0.921 Attempting to load shared library C:\Users\marvin\.gradle\jdks\eclipse_adoptium-25-amd64-windows.2\bin\fontmanager.dll
Event: 0.921 Loaded shared library C:\Users\marvin\.gradle\jdks\eclipse_adoptium-25-amd64-windows.2\bin\fontmanager.dll
Event: 1.378 Attempting to load shared library user32
Event: 1.378 Loaded shared library user32
Event: 1.600 Attempting to load shared library dwmapi
Event: 1.600 Loaded shared library dwmapi
Event: 1.624 Attempting to load shared library ole32
Event: 1.624 Loaded shared library ole32
Event: 1920.018 Attempting to load shared library kernel32
Event: 1920.018 Loaded shared library kernel32

Deoptimization events (20 events):
Event: 1924.433 Thread 0x0000023614392e20 Uncommon trap: trap_request=0xffffff45 fr.pc=0x00000235af422bf4 relative=0x0000000000000174
Event: 1924.433 Thread 0x0000023614392e20 Uncommon trap: reason=unstable_if action=reinterpret pc=0x00000235af422bf4 method=kotlin.jvm.JvmClassMappingKt.getJavaObjectType(Lkotlin/reflect/KClass;)Ljava/lang/Class; @ 44 c2
Event: 1924.433 Thread 0x0000023614392e20 DEOPT PACKING pc=0x00000235af422bf4 sp=0x000000bd3f3fbdc0
Event: 1924.433 Thread 0x0000023614392e20 DEOPT UNPACKING pc=0x00000235ae9e3202 sp=0x000000bd3f3fbce8 mode 2
Event: 1924.433 Thread 0x0000023614392e20 Uncommon trap: trap_request=0xffffff45 fr.pc=0x00000235af41b9bc relative=0x000000000000013c
Event: 1924.433 Thread 0x0000023614392e20 Uncommon trap: reason=unstable_if action=reinterpret pc=0x00000235af41b9bc method=kotlin.jvm.JvmClassMappingKt.getJavaObjectType(Lkotlin/reflect/KClass;)Ljava/lang/Class; @ 44 c2
Event: 1924.433 Thread 0x0000023614392e20 DEOPT PACKING pc=0x00000235af41b9bc sp=0x000000bd3f3fbd50
Event: 1924.433 Thread 0x0000023614392e20 DEOPT UNPACKING pc=0x00000235ae9e3202 sp=0x000000bd3f3fbce0 mode 2
Event: 1924.482 Thread 0x0000023614392e20 Uncommon trap: trap_request=0xffffff45 fr.pc=0x00000235af428398 relative=0x0000000000000318
Event: 1924.482 Thread 0x0000023614392e20 Uncommon trap: reason=unstable_if action=reinterpret pc=0x00000235af428398 method=io.ktor.util.CaseInsensitiveMap$EntrySet$iterator$1.advance()V @ 28 c2
Event: 1924.482 Thread 0x0000023614392e20 DEOPT PACKING pc=0x00000235af428398 sp=0x000000bd3f3fb820
Event: 1924.482 Thread 0x0000023614392e20 DEOPT UNPACKING pc=0x00000235ae9e3202 sp=0x000000bd3f3fb6f0 mode 2
Event: 1926.796 Thread 0x00000235c8f54d60 Uncommon trap: trap_request=0xffffff45 fr.pc=0x00000235af47caa4 relative=0x0000000000000aa4
Event: 1926.796 Thread 0x00000235c8f54d60 Uncommon trap: reason=unstable_if action=reinterpret pc=0x00000235af47caa4 method=dev.piko.desktop.winrt.WindowsCaption.hitTest(J)I @ 465 c2
Event: 1926.796 Thread 0x00000235c8f54d60 DEOPT PACKING pc=0x00000235af47caa4 sp=0x000000bd3d5fe7f0
Event: 1926.796 Thread 0x00000235c8f54d60 DEOPT UNPACKING pc=0x00000235ae9e3202 sp=0x000000bd3d5fe740 mode 2
Event: 1926.796 Thread 0x00000235c8f54d60 Uncommon trap: trap_request=0xffffff45 fr.pc=0x00000235af07f3d8 relative=0x0000000000000cd8
Event: 1926.796 Thread 0x00000235c8f54d60 Uncommon trap: reason=unstable_if action=reinterpret pc=0x00000235af07f3d8 method=dev.piko.desktop.winrt.WindowsCaption.frameProc(Ljava/lang/foreign/MemorySegment;IJJ)J @ 141 c2
Event: 1926.796 Thread 0x00000235c8f54d60 DEOPT PACKING pc=0x00000235af07f3d8 sp=0x000000bd3d5fea60
Event: 1926.796 Thread 0x00000235c8f54d60 DEOPT UNPACKING pc=0x00000235ae9e3202 sp=0x000000bd3d5fe9e8 mode 2

Classes loaded (20 events):
Event: 1921.343 Loading class java/lang/WeakPairMap$Pair$Weak
Event: 1921.343 Loading class java/lang/WeakPairMap$WeakRefPeer
Event: 1921.343 Loading class java/lang/WeakPairMap$WeakRefPeer done
Event: 1921.343 Loading class java/lang/WeakPairMap$Pair$Weak done
Event: 1921.343 Loading class java/lang/WeakPairMap$Pair$Weak$1
Event: 1921.343 Loading class java/lang/WeakPairMap$Pair$Weak$1 done
Event: 1921.344 Loading class java/lang/annotation/Target
Event: 1921.344 Loading class java/lang/annotation/Target done
Event: 1921.347 Loading class java/lang/Class$AnnotationData
Event: 1921.347 Loading class java/lang/Class$AnnotationData done
Event: 1921.349 Loading class sun/reflect/generics/repository/ClassRepository
Event: 1921.349 Loading class sun/reflect/generics/repository/GenericDeclRepository
Event: 1921.349 Loading class sun/reflect/generics/repository/AbstractRepository
Event: 1921.349 Loading class sun/reflect/generics/repository/AbstractRepository done
Event: 1921.349 Loading class sun/reflect/generics/repository/GenericDeclRepository done
Event: 1921.349 Loading class sun/reflect/generics/repository/ClassRepository done
Event: 1921.349 Loading class java/lang/Class$EnclosingMethodInfo
Event: 1921.349 Loading class java/lang/Class$EnclosingMethodInfo done
Event: 1924.408 Loading class java/awt/EventQueue$1AWTInvocationLock
Event: 1924.408 Loading class java/awt/EventQueue$1AWTInvocationLock done

Classes unloaded (3 events):
Event: 2.721 Thread 0x00000235c0db8eb0 Unloading class 0x000000003e2c1400 'java/lang/invoke/LambdaForm$MH+0x000000003e2c1400'
Event: 2.721 Thread 0x00000235c0db8eb0 Unloading class 0x000000003e2c0800 'java/lang/invoke/LambdaForm$MH+0x000000003e2c0800'
Event: 2.721 Thread 0x00000235c0db8eb0 Unloading class 0x000000003e2c0400 'java/lang/invoke/LambdaForm$MH+0x000000003e2c0400'

Classes redefined (0 events):
No events

Internal exceptions (20 events):
Event: 1920.020 Thread 0x00000235c8f55530 Exception <a 'java/lang/NoSuchMethodError'{0x00000007fffc71f0}: 'int java.lang.invoke.DirectMethodHandle$Holder.invokeStaticInit(java.lang.Object, java.lang.Object, java.lang.Object, int)'> (0x00000007fffc71f0) 
thrown [s\src\hotspot\share\interpreter\linkResolver.cpp, line 804]
Event: 1920.020 Thread 0x00000235c8f55530 Exception <a 'java/lang/NoSuchMethodError'{0x00000007fffcf7c0}: 'int java.lang.invoke.DirectMethodHandle$Holder.invokeSpecial(java.lang.Object, java.lang.Object, java.lang.Object, java.lang.Object, int)'> (0x00000007fffcf7c0) 
thrown [s\src\hotspot\share\interpreter\linkResolver.cpp, line 804]
Event: 1920.033 Thread 0x00000235c90cbc00 Exception <a 'java/lang/NoSuchMethodError'{0x0000000623943b78}: 'java.lang.Object java.lang.invoke.DelegatingMethodHandle$Holder.reinvoke_L(java.lang.Object, java.lang.Object, long, long, long)'> (0x0000000623943b78) 
thrown [s\src\hotspot\share\interpreter\linkResolver.cpp, line 804]
Event: 1920.037 Thread 0x000002361438d060 Implicit null exception at 0x00000235af4466a1 to 0x00000235af446c94
Event: 1920.037 Thread 0x0000023614390ee0 Implicit null exception at 0x00000235af4466a1 to 0x00000235af446c94
Event: 1920.037 Thread 0x00000235c8cb7e00 Implicit null exception at 0x00000235af444bea to 0x00000235af444e90
Event: 1920.039 Thread 0x00000235c90cbc00 Exception <a 'java/lang/NoSuchMethodError'{0x0000000623a6c4c8}: 'java.lang.Object java.lang.invoke.DirectMethodHandle$Holder.invokeStatic(java.lang.Object, java.lang.Object, java.lang.Object, int, java.lang.Object, java.lang.Object, java.lang.Object, java.lang.Object)'> (0x0000000623a6c4c8) 
thrown [s\src\hotspot\share\interpreter\linkResolver.cpp, line 804]
Event: 1920.039 Thread 0x00000235c90cbc00 Exception <a 'java/lang/NoSuchMethodError'{0x0000000623aef968}: 'java.lang.Object java.lang.invoke.DirectMethodHandle$Holder.newInvokeSpecial(java.lang.Object, java.lang.Object, java.lang.Object, int, java.lang.Object, java.lang.Object, java.lang.Object, java.lang.Object)'> (0x0000000623aef968) 
thrown [s\src\hotspot\share\interpreter\linkResolver.cpp, line 804]
Event: 1920.731 Thread 0x0000023614392650 Exception <a 'java/io/IOException'{0x0000000607e19fe0}: Connection reset by peer> (0x0000000607e19fe0) 
thrown [s\src\hotspot\share\prims\jni.cpp, line 534]
Event: 1920.731 Thread 0x00000235cb6e3240 Exception <a 'sun/net/ConnectionResetException'{0x0000000607b9e280}: Connection reset> (0x0000000607b9e280) 
thrown [s\src\hotspot\share\prims\jni.cpp, line 534]
Event: 1920.784 Thread 0x00000235c8f55530 Implicit null exception at 0x00000235af5d452a to 0x00000235af5d4574
Event: 1921.289 Thread 0x00000235c8f55530 Implicit null exception at 0x00000235af683354 to 0x00000235af684850
Event: 1921.348 Thread 0x00000235c8f55530 Exception <a 'java/lang/NoSuchMethodError'{0x0000000623a59268}: 'void java.lang.invoke.DelegatingMethodHandle$Holder.reinvoke_L(java.lang.Object, java.lang.Object, int)'> (0x0000000623a59268) 
thrown [s\src\hotspot\share\interpreter\linkResolver.cpp, line 804]
Event: 1921.348 Thread 0x00000235c8f55530 Exception <a 'java/lang/NoSuchMethodError'{0x0000000623a69b68}: 'int java.lang.invoke.Invokers$Holder.invokeExact_MT(java.lang.Object, java.lang.Object, java.lang.Object)'> (0x0000000623a69b68) 
thrown [s\src\hotspot\share\interpreter\linkResolver.cpp, line 804]
Event: 1922.791 Thread 0x00000236152aa3e0 Exception <a 'java/lang/NoSuchMethodError'{0x0000000623beb150}: 'java.lang.Object java.lang.invoke.DelegatingMethodHandle$Holder.reinvoke_L(java.lang.Object, java.lang.Object, java.lang.Object, java.lang.Object, int, java.lang.Object, long, long)'> (0x0000000623beb150) 
thrown [s\src\hotspot\share\interpreter\linkResolver.cpp, line 804]
Event: 1924.421 Thread 0x0000023614392e20 Exception <a 'java/lang/NoSuchMethodError'{0x00000006238b0098}: 'java.lang.Object java.lang.invoke.DirectMethodHandle$Holder.invokeStatic(java.lang.Object, java.lang.Object, java.lang.Object, long, long, java.lang.Object)'> (0x00000006238b0098) 
thrown [s\src\hotspot\share\interpreter\linkResolver.cpp, line 804]
Event: 1924.422 Thread 0x0000023614392e20 Exception <a 'java/lang/NoSuchMethodError'{0x00000006238c3000}: 'java.lang.Object java.lang.invoke.DirectMethodHandle$Holder.newInvokeSpecial(java.lang.Object, java.lang.Object, java.lang.Object, long, long)'> (0x00000006238c3000) 
thrown [s\src\hotspot\share\interpreter\linkResolver.cpp, line 804]
Event: 1924.422 Thread 0x0000023614392e20 Exception <a 'java/lang/NoSuchMethodError'{0x00000006238e6ef0}: 'java.lang.Object java.lang.invoke.Invokers$Holder.linkToTargetMethod(java.lang.Object, java.lang.Object, long, long, java.lang.Object)'> (0x00000006238e6ef0) 
thrown [s\src\hotspot\share\interpreter\linkResolver.cpp, line 804]
Event: 1924.423 Thread 0x0000023614392e20 Exception <a 'java/lang/NoSuchMethodError'{0x00000006238f8ae8}: 'java.lang.Object java.lang.invoke.DirectMethodHandle$Holder.invokeStatic(java.lang.Object, long, long, java.lang.Object)'> (0x00000006238f8ae8) 
thrown [s\src\hotspot\share\interpreter\linkResolver.cpp, line 804]
Event: 1924.423 Thread 0x0000023614392e20 Exception <a 'java/lang/NoSuchMethodError'{0x0000000623908f28}: 'java.lang.Object java.lang.invoke.DirectMethodHandle$Holder.newInvokeSpecial(java.lang.Object, long, long)'> (0x0000000623908f28) 
thrown [s\src\hotspot\share\interpreter\linkResolver.cpp, line 804]

VM Operations (20 events):
Event: 1921.824 Executing safepoint VM operation: G1CollectForAllocation (G1 Evacuation Pause)
Event: 1921.825 Executing safepoint VM operation: G1CollectForAllocation (G1 Evacuation Pause) done
Event: 1921.835 Executing safepoint VM operation: G1PauseRemark
Event: 1921.839 Executing safepoint VM operation: G1PauseRemark done
Event: 1921.843 Executing safepoint VM operation: G1PauseCleanup
Event: 1921.843 Executing safepoint VM operation: G1PauseCleanup done
Event: 1922.373 Executing safepoint VM operation: G1CollectForAllocation (G1 Evacuation Pause)
Event: 1922.375 Executing safepoint VM operation: G1CollectForAllocation (G1 Evacuation Pause) done
Event: 1923.015 Executing safepoint VM operation: G1CollectForAllocation (G1 Evacuation Pause)
Event: 1923.017 Executing safepoint VM operation: G1CollectForAllocation (G1 Evacuation Pause) done
Event: 1924.281 Executing non-safepoint VM operation: HandshakeAllThreads (HandshakeForDeflation)
Event: 1924.281 Executing non-safepoint VM operation: HandshakeAllThreads (HandshakeForDeflation) done
Event: 1924.281 Executing non-safepoint VM operation: RendezvousGCThreads
Event: 1924.281 Executing non-safepoint VM operation: RendezvousGCThreads done
Event: 1926.250 Executing safepoint VM operation: G1CollectForAllocation (G1 Evacuation Pause)
Event: 1926.251 Executing safepoint VM operation: G1CollectForAllocation (G1 Evacuation Pause) done
Event: 1926.262 Executing safepoint VM operation: G1PauseRemark
Event: 1926.266 Executing safepoint VM operation: G1PauseRemark done
Event: 1926.270 Executing safepoint VM operation: G1PauseCleanup
Event: 1926.270 Executing safepoint VM operation: G1PauseCleanup done

Memory protections (0 events):
No events

Nmethod flushes (20 events):
Event: 1926.265 Thread 0x00000235c0db8eb0 flushing  nmethod 0x00000235a7fb0908
Event: 1926.265 Thread 0x00000235c0db8eb0 flushing  nmethod 0x00000235a7fb0c08
Event: 1926.265 Thread 0x00000235c0db8eb0 flushing  nmethod 0x00000235a81dd308
Event: 1926.265 Thread 0x00000235c0db8eb0 flushing  nmethod 0x00000235af4ec508
Event: 1926.265 Thread 0x00000235c0db8eb0 flushing  nmethod 0x00000235a74bee08
Event: 1926.265 Thread 0x00000235c0db8eb0 flushing  nmethod 0x00000235a752c988
Event: 1926.265 Thread 0x00000235c0db8eb0 flushing  nmethod 0x00000235a77d6608
Event: 1926.265 Thread 0x00000235c0db8eb0 flushing  nmethod 0x00000235a7bda108
Event: 1926.265 Thread 0x00000235c0db8eb0 flushing  nmethod 0x00000235a7d76108
Event: 1926.265 Thread 0x00000235c0db8eb0 flushing  nmethod 0x00000235a7d79108
Event: 1926.265 Thread 0x00000235c0db8eb0 flushing  nmethod 0x00000235a8037e88
Event: 1926.265 Thread 0x00000235c0db8eb0 flushing  nmethod 0x00000235a8683f88
Event: 1926.265 Thread 0x00000235c0db8eb0 flushing  nmethod 0x00000235af659608
Event: 1926.265 Thread 0x00000235c0db8eb0 flushing  nmethod 0x00000235af5e8288
Event: 1926.265 Thread 0x00000235c0db8eb0 flushing  nmethod 0x00000235a7572a88
Event: 1926.265 Thread 0x00000235c0db8eb0 flushing  nmethod 0x00000235a76d1988
Event: 1926.265 Thread 0x00000235c0db8eb0 flushing  nmethod 0x00000235a76da288
Event: 1926.265 Thread 0x00000235c0db8eb0 flushing  nmethod 0x00000235a7fdae88
Event: 1926.265 Thread 0x00000235c0db8eb0 flushing  nmethod 0x00000235a8096a88
Event: 1926.265 Thread 0x00000235c0db8eb0 flushing  nmethod 0x00000235a8155408

Events (20 events):
Event: 1920.712 Thread 0x00000235c3bc7dc0 Thread added: 0x0000023615d0c640
Event: 1921.687 Thread 0x0000023615d0c640 Thread exited: 0x0000023615d0c640
Event: 1921.889 Thread 0x0000023615c607a0 Thread exited: 0x0000023615c607a0
Event: 1921.934 Thread 0x0000023615c5aef0 Thread exited: 0x0000023615c5aef0
Event: 1921.934 Thread 0x000002365f9b6a30 Thread exited: 0x000002365f9b6a30
Event: 1921.934 Thread 0x000002365f9b6220 Thread exited: 0x000002365f9b6220
Event: 1922.093 Thread 0x0000023615d06d90 Thread exited: 0x0000023615d06d90
Event: 1922.592 Thread 0x000002365f9b1990 Thread added: 0x0000023614c2b570
Event: 1923.030 Thread 0x00000235c3bc7dc0 Thread added: 0x0000023614c2cda0
Event: 1923.048 Thread 0x0000023614c2cda0 Thread added: 0x0000023614c2d5b0
Event: 1923.272 Thread 0x0000023614c2d5b0 Thread exited: 0x0000023614c2d5b0
Event: 1923.272 Thread 0x0000023614c2cda0 Thread exited: 0x0000023614c2cda0
Event: 1924.405 Thread 0x0000023614c2b570 Thread exited: 0x0000023614c2b570
Event: 1924.405 Thread 0x000002365f9b1990 Thread exited: 0x000002365f9b1990
Event: 1924.406 Thread 0x00000235c8f55530 Thread added: 0x00000236141a8240
Event: 1924.447 Thread 0x000002361526e9e0 Thread exited: 0x000002361526e9e0
Event: 1924.449 Thread 0x00000236152a5d90 Thread exited: 0x00000236152a5d90
Event: 1924.540 Thread 0x00000236141a8240 Thread exited: 0x00000236141a8240
Event: 1925.263 Thread 0x000002365f9b41e0 Thread exited: 0x000002365f9b41e0
Event: 1926.984 Thread 0x00000235c3be3ff0 Thread added: 0x0000023614c23c80


Dynamic libraries:
0x00007ff71bdb0000 - 0x00007ff71bdbe000 	C:\Users\marvin\.gradle\jdks\eclipse_adoptium-25-amd64-windows.2\bin\java.exe
0x00007ff808a80000 - 0x00007ff808ce7000 	C:\WINDOWS\SYSTEM32\ntdll.dll
0x00007ff8082d0000 - 0x00007ff80839a000 	C:\WINDOWS\System32\KERNEL32.DLL
0x00007ff8062c0000 - 0x00007ff8066c0000 	C:\WINDOWS\System32\KERNELBASE.dll
0x00007ff805c90000 - 0x00007ff805ddc000 	C:\WINDOWS\System32\ucrtbase.dll
0x00007fffa8d40000 - 0x00007fffa8d5e000 	C:\Users\marvin\.gradle\jdks\eclipse_adoptium-25-amd64-windows.2\bin\VCRUNTIME140.dll
0x00007fff8c8b0000 - 0x00007fff8c8c6000 	C:\Users\marvin\.gradle\jdks\eclipse_adoptium-25-amd64-windows.2\bin\jli.dll
0x00007ff807360000 - 0x00007ff80753b000 	C:\WINDOWS\System32\USER32.dll
0x00007ff8066d0000 - 0x00007ff8066f7000 	C:\WINDOWS\System32\win32u.dll
0x00007fffe5380000 - 0x00007fffe5610000 	C:\WINDOWS\WinSxS\amd64_microsoft.windows.common-controls_6595b64144ccf1df_6.0.26100.9568_none_3e0c1af2e331199d\COMCTL32.dll
0x00007ff808a10000 - 0x00007ff808a3b000 	C:\WINDOWS\System32\GDI32.dll
0x00007ff807e90000 - 0x00007ff807f39000 	C:\WINDOWS\System32\msvcrt.dll
0x00007ff806190000 - 0x00007ff8062b7000 	C:\WINDOWS\System32\gdi32full.dll
0x00007ff806700000 - 0x00007ff8067a3000 	C:\WINDOWS\System32\msvcp_win.dll
0x00007ff806a20000 - 0x00007ff806a51000 	C:\WINDOWS\System32\IMM32.DLL
0x00007fffd4e90000 - 0x00007fffd4e9c000 	C:\Users\marvin\.gradle\jdks\eclipse_adoptium-25-amd64-windows.2\bin\vcruntime140_1.dll
0x00007fff772a0000 - 0x00007fff7732d000 	C:\Users\marvin\.gradle\jdks\eclipse_adoptium-25-amd64-windows.2\bin\msvcp140.dll
0x00007fff285b0000 - 0x00007fff294e1000 	C:\Users\marvin\.gradle\jdks\eclipse_adoptium-25-amd64-windows.2\bin\server\jvm.dll
0x00007ff8067b0000 - 0x00007ff80686b000 	C:\WINDOWS\System32\ADVAPI32.dll
0x00007ff8076f0000 - 0x00007ff807798000 	C:\WINDOWS\System32\sechost.dll
0x00007ff807cb0000 - 0x00007ff807dc8000 	C:\WINDOWS\System32\RPCRT4.dll
0x00007ff8072d0000 - 0x00007ff807350000 	C:\WINDOWS\System32\WS2_32.dll
0x00007ff805ae0000 - 0x00007ff805b3e000 	C:\WINDOWS\SYSTEM32\POWRPROF.dll
0x00007ffff1460000 - 0x00007ffff1496000 	C:\WINDOWS\SYSTEM32\WINMM.dll
0x00007ffffc0f0000 - 0x00007ffffc0fb000 	C:\WINDOWS\SYSTEM32\VERSION.dll
0x00007ff805ac0000 - 0x00007ff805ad5000 	C:\WINDOWS\SYSTEM32\UMPDC.dll
0x00007ff804910000 - 0x00007ff80492b000 	C:\WINDOWS\SYSTEM32\kernel.appcore.dll
0x00007fffd42f0000 - 0x00007fffd42fa000 	C:\Users\marvin\.gradle\jdks\eclipse_adoptium-25-amd64-windows.2\bin\jimage.dll
0x00007ff803120000 - 0x00007ff80336c000 	C:\WINDOWS\SYSTEM32\DBGHELP.DLL
0x00007ff8077a0000 - 0x00007ff807b2a000 	C:\WINDOWS\System32\combase.dll
0x00007ff807bd0000 - 0x00007ff807ca9000 	C:\WINDOWS\System32\OLEAUT32.dll
0x00007fffd64d0000 - 0x00007fffd650b000 	C:\WINDOWS\SYSTEM32\dbgcore.DLL
0x00007ff806040000 - 0x00007ff8060ec000 	C:\WINDOWS\System32\bcryptPrimitives.dll
0x00007fff84730000 - 0x00007fff8474e000 	C:\Users\marvin\.gradle\jdks\eclipse_adoptium-25-amd64-windows.2\bin\java.dll
0x00007ff806870000 - 0x00007ff806a0a000 	C:\WINDOWS\System32\ole32.dll
0x00007ff806a60000 - 0x00007ff8071f8000 	C:\WINDOWS\System32\SHELL32.dll
0x00007ff8036b0000 - 0x00007ff803f5f000 	C:\WINDOWS\SYSTEM32\windows.storage.dll
0x00007ff8083a0000 - 0x00007ff80849b000 	C:\WINDOWS\System32\SHCORE.dll
0x00007ff807200000 - 0x00007ff807266000 	C:\WINDOWS\System32\shlwapi.dll
0x00007ff805ba0000 - 0x00007ff805bc9000 	C:\WINDOWS\SYSTEM32\profapi.dll
0x00007fff83d40000 - 0x00007fff83d51000 	C:\Users\marvin\.gradle\jdks\eclipse_adoptium-25-amd64-windows.2\bin\net.dll
0x00007ff804ea0000 - 0x00007ff804f0b000 	C:\WINDOWS\system32\mswsock.dll
0x00007fff7fe80000 - 0x00007fff7fe96000 	C:\Users\marvin\.gradle\jdks\eclipse_adoptium-25-amd64-windows.2\bin\nio.dll
0x00007fff7fae0000 - 0x00007fff7faf6000 	C:\Users\marvin\.gradle\jdks\eclipse_adoptium-25-amd64-windows.2\bin\zip.dll
0x00007fff733b0000 - 0x00007fff73530000 	C:\Users\marvin\.gradle\jdks\eclipse_adoptium-25-amd64-windows.2\bin\awt.dll
0x00007ff802780000 - 0x00007ff80281e000 	C:\WINDOWS\SYSTEM32\apphelp.dll
0x00007fffd19b0000 - 0x00007fffd19be000 	C:\Users\marvin\.gradle\jdks\eclipse_adoptium-25-amd64-windows.2\bin\sunmscapi.dll
0x00007ff805eb0000 - 0x00007ff80602e000 	C:\WINDOWS\System32\CRYPT32.dll
0x00007ff805440000 - 0x00007ff805470000 	C:\WINDOWS\SYSTEM32\ncrypt.dll
0x00007ff8053f0000 - 0x00007ff80542f000 	C:\WINDOWS\SYSTEM32\NTASN1.dll
0x00007fffd7680000 - 0x00007fffd7688000 	C:\WINDOWS\system32\wshunix.dll
0x00007fffd18e0000 - 0x00007fffd18e9000 	C:\Users\marvin\.gradle\jdks\eclipse_adoptium-25-amd64-windows.2\bin\extnet.dll
0x00007ff8052d0000 - 0x00007ff8052eb000 	C:\WINDOWS\SYSTEM32\CRYPTSP.dll
0x00007ff804870000 - 0x00007ff8048a9000 	C:\WINDOWS\system32\rsaenh.dll
0x00007ff804f40000 - 0x00007ff804f74000 	C:\WINDOWS\SYSTEM32\USERENV.dll
0x00007ff805b70000 - 0x00007ff805b9a000 	C:\WINDOWS\SYSTEM32\bcrypt.dll
0x00007ff8050f0000 - 0x00007ff8050fc000 	C:\WINDOWS\SYSTEM32\CRYPTBASE.dll
0x00007ff8042c0000 - 0x00007ff8042f3000 	C:\WINDOWS\SYSTEM32\IPHLPAPI.DLL
0x00007ff806a10000 - 0x00007ff806a1a000 	C:\WINDOWS\System32\NSI.dll
0x00007ffffbf40000 - 0x00007ffffc063000 	C:\WINDOWS\SYSTEM32\WINHTTP.dll
0x00007ffffb7a0000 - 0x00007ffffb7bb000 	\\?\C:\WINDOWS\system32\MpeHttpExt.dll
0x00007fff7ddd0000 - 0x00007fff7de15000 	C:\Users\marvin\AppData\Local\Temp\jna--1081295363\jna10211999106789813747.dll
0x00007ff8084a0000 - 0x00007ff8084a8000 	C:\WINDOWS\System32\PSAPI.DLL
0x00007fff7a0e0000 - 0x00007fff7a116000 	C:\Codes\piko\desktopApp\build\compose\tmp\prepareAppResources\mpv\mediampv.dll
0x00007fff7ea40000 - 0x00007fff7ea55000 	C:\Codes\piko\desktopApp\build\compose\tmp\prepareAppResources\mpv\libwinpthread-1.dll
0x00007fffa5c50000 - 0x00007fffa5d5c000 	C:\WINDOWS\SYSTEM32\OPENGL32.dll
0x00007ff801a20000 - 0x00007ff801c7f000 	C:\WINDOWS\SYSTEM32\d3d11.dll
0x00007fff693f0000 - 0x00007fff6967e000 	C:\Codes\piko\desktopApp\build\compose\tmp\prepareAppResources\mpv\libstdc++-6.dll
0x00007fff7e1a0000 - 0x00007fff7e1ca000 	C:\Codes\piko\desktopApp\build\compose\tmp\prepareAppResources\mpv\libgcc_s_seh-1.dll
0x00007ffef7c70000 - 0x00007ffef89d7000 	C:\Codes\piko\desktopApp\build\compose\tmp\prepareAppResources\mpv\avcodec-62.dll
0x00007fff64550000 - 0x00007fff647a7000 	C:\Codes\piko\desktopApp\build\compose\tmp\prepareAppResources\mpv\libmpv-2.dll
0x00007fffa7d90000 - 0x00007fffa7dc8000 	C:\WINDOWS\SYSTEM32\GLU32.dll
0x00007ff802990000 - 0x00007ff802acb000 	C:\WINDOWS\SYSTEM32\dxgi.dll
0x00007fff77260000 - 0x00007fff77293000 	C:\Codes\piko\desktopApp\build\compose\tmp\prepareAppResources\mpv\swresample-6.dll
0x00007ffef6b40000 - 0x00007ffef7c64000 	C:\Codes\piko\desktopApp\build\compose\tmp\prepareAppResources\mpv\avutil-60.dll
0x00007ff802af0000 - 0x00007ff802b1e000 	C:\WINDOWS\SYSTEM32\dwmapi.dll
0x00007ff800980000 - 0x00007ff80098b000 	C:\WINDOWS\SYSTEM32\AVRT.dll
0x00007fff72a70000 - 0x00007fff72b8e000 	C:\Codes\piko\desktopApp\build\compose\tmp\prepareAppResources\mpv\libiconv-2.dll
0x00007fff77200000 - 0x00007fff7725a000 	C:\Codes\piko\desktopApp\build\compose\tmp\prepareAppResources\mpv\libass-9.dll
0x00007ff802860000 - 0x00007ff802907000 	C:\WINDOWS\SYSTEM32\UxTheme.dll
0x00007fff72700000 - 0x00007fff72832000 	C:\Codes\piko\desktopApp\build\compose\tmp\prepareAppResources\mpv\libplacebo-360.dll
0x00007fff3ad10000 - 0x00007fff3b058000 	C:\Codes\piko\desktopApp\build\compose\tmp\prepareAppResources\mpv\libspirv-cross-c-shared.dll
0x00007ffef6110000 - 0x00007ffef6b3d000 	C:\Codes\piko\desktopApp\build\compose\tmp\prepareAppResources\mpv\libshaderc_shared.dll
0x00007fff7d8d0000 - 0x00007fff7d8f5000 	C:\Codes\piko\desktopApp\build\compose\tmp\prepareAppResources\mpv\zlib1.dll
0x00007fff771b0000 - 0x00007fff771f5000 	C:\Codes\piko\desktopApp\build\compose\tmp\prepareAppResources\mpv\avfilter-11.dll
0x00007fff77730000 - 0x00007fff77749000 	C:\Codes\piko\desktopApp\build\compose\tmp\prepareAppResources\mpv\avdevice-62.dll
0x00007fff6a550000 - 0x00007fff6a688000 	C:\Codes\piko\desktopApp\build\compose\tmp\prepareAppResources\mpv\avformat-62.dll
0x00007fff64360000 - 0x00007fff6454e000 	C:\Codes\piko\desktopApp\build\compose\tmp\prepareAppResources\mpv\swscale-9.dll
0x00007ff802940000 - 0x00007ff802984000 	C:\WINDOWS\SYSTEM32\dxcore.dll
0x00007fff74cd0000 - 0x00007fff74d50000 	C:\Codes\piko\desktopApp\build\compose\tmp\prepareAppResources\mpv\libfontconfig-1.dll
0x00007fff72df0000 - 0x00007fff72eb8000 	C:\Codes\piko\desktopApp\build\compose\tmp\prepareAppResources\mpv\libfreetype-6.dll
0x00007fff28060000 - 0x00007fff285a5000 	C:\Codes\piko\desktopApp\build\compose\tmp\prepareAppResources\mpv\libcrypto-3-x64.dll
0x00007fff77180000 - 0x00007fff771ae000 	C:\Codes\piko\desktopApp\build\compose\tmp\prepareAppResources\mpv\libfribidi-0.dll
0x00007fff69d00000 - 0x00007fff69e81000 	C:\Codes\piko\desktopApp\build\compose\tmp\prepareAppResources\mpv\libharfbuzz-0.dll
0x00007fff77150000 - 0x00007fff7717a000 	C:\Codes\piko\desktopApp\build\compose\tmp\prepareAppResources\mpv\libunibreak-7.dll
0x00007fff74270000 - 0x00007fff742e3000 	C:\Codes\piko\desktopApp\build\compose\tmp\prepareAppResources\mpv\liblcms2-2.dll
0x00007fff581b0000 - 0x00007fff58302000 	C:\Codes\piko\desktopApp\build\compose\tmp\prepareAppResources\mpv\libdovi.dll
0x00007fff729b0000 - 0x00007fff72a61000 	C:\Codes\piko\desktopApp\build\compose\tmp\prepareAppResources\mpv\vulkan-1.dll
0x00007fff6ffb0000 - 0x00007fff700a0000 	C:\Codes\piko\desktopApp\build\compose\tmp\prepareAppResources\mpv\libssl-3-x64.dll
0x00007fff770b0000 - 0x00007fff770ef000 	C:\Codes\piko\desktopApp\build\compose\tmp\prepareAppResources\mpv\libexpat-1.dll
0x00007fff745b0000 - 0x00007fff74602000 	C:\Codes\piko\desktopApp\build\compose\tmp\prepareAppResources\mpv\libintl-8.dll
0x00007fff75c20000 - 0x00007fff75c36000 	C:\Codes\piko\desktopApp\build\compose\tmp\prepareAppResources\mpv\libbrotlidec.dll
0x00007fff75780000 - 0x00007fff7579f000 	C:\Codes\piko\desktopApp\build\compose\tmp\prepareAppResources\mpv\libbz2-1.dll
0x00007fff73360000 - 0x00007fff733a6000 	C:\Codes\piko\desktopApp\build\compose\tmp\prepareAppResources\mpv\libpng16-16.dll
0x00007ff801170000 - 0x00007ff8013da000 	C:\WINDOWS\SYSTEM32\DWrite.dll
0x00007fffb38c0000 - 0x00007fffb38d9000 	C:\WINDOWS\SYSTEM32\USP10.dll
0x00007fff497e0000 - 0x00007fff49963000 	C:\Codes\piko\desktopApp\build\compose\tmp\prepareAppResources\mpv\libglib-2.0-0.dll
0x00007fff74a80000 - 0x00007fff74aaf000 	C:\Codes\piko\desktopApp\build\compose\tmp\prepareAppResources\mpv\libgraphite2.dll
0x00007ff8057e0000 - 0x00007ff805832000 	C:\WINDOWS\SYSTEM32\CFGMGR32.dll
0x00007fff699a0000 - 0x00007fff69a52000 	C:\Codes\piko\desktopApp\build\compose\tmp\prepareAppResources\mpv\libpcre2-8-0.dll
0x00007fff726d0000 - 0x00007fff726fb000 	C:\Codes\piko\desktopApp\build\compose\tmp\prepareAppResources\mpv\libbrotlicommon.dll
0x00007ffef5380000 - 0x00007ffef610f000 	C:\Users\marvin\.skiko\skiko-windows-x64-5061ffbbfbad9fc8c6c8e0c1741b674c863293d3d071b061db9e6e0fc3ef1d38\skiko-windows-x64.dll
0x00007ff800620000 - 0x00007ff800714000 	C:\WINDOWS\SYSTEM32\PROPSYS.dll
0x00007ff807570000 - 0x00007ff8076cc000 	C:\WINDOWS\System32\MSCTF.dll
0x00007ffffc350000 - 0x00007ffffc36d000 	C:\WINDOWS\SYSTEM32\dhcpcsvc6.DLL
0x00007ffffc320000 - 0x00007ffffc345000 	C:\WINDOWS\SYSTEM32\dhcpcsvc.DLL
0x00007ff804350000 - 0x00007ff80449c000 	C:\WINDOWS\SYSTEM32\DNSAPI.dll
0x00007ff804cc0000 - 0x00007ff804ccd000 	C:\WINDOWS\SYSTEM32\DSPARSE.dll
0x00007ffffbc10000 - 0x00007ffffbc1b000 	C:\Windows\System32\rasadhlp.dll
0x00007ffffc560000 - 0x00007ffffc5e6000 	C:\WINDOWS\System32\fwpuclnt.dll
0x00007fffa5a90000 - 0x00007fffa5c42000 	C:\WINDOWS\system32\d3d9.dll
0x00007ffffc100000 - 0x00007ffffc1ce000 	C:\WINDOWS\System32\DriverStore\FileRepository\nvtfi.inf_amd64_039ce3d14607c6bc\nvldumdx.dll
0x00007ff805340000 - 0x00007ff805353000 	C:\WINDOWS\SYSTEM32\msasn1.dll
0x00007ffffbe80000 - 0x00007ffffbebb000 	C:\WINDOWS\SYSTEM32\cryptnet.dll
0x00007ff8051b0000 - 0x00007ff805231000 	C:\WINDOWS\SYSTEM32\wldp.dll
0x00007ffffbce0000 - 0x00007ffffbe5b000 	C:\WINDOWS\SYSTEM32\drvstore.dll
0x00007ff8057a0000 - 0x00007ff8057cf000 	C:\WINDOWS\SYSTEM32\devobj.dll
0x00007ff806100000 - 0x00007ff806183000 	C:\WINDOWS\System32\wintrust.dll

JVMTI agents: none

dbghelp: loaded successfully - version: 4.0.5 - missing functions: none
symbol engine: initialized successfully - sym options: 0x614 - pdb path: .;C:\Users\marvin\.gradle\jdks\eclipse_adoptium-25-amd64-windows.2\bin;C:\WINDOWS\SYSTEM32;C:\WINDOWS\WinSxS\amd64_microsoft.windows.common-controls_6595b64144ccf1df_6.0.26100.9568_none_3e0c1af2e331199d;C:\Users\marvin\.gradle\jdks\eclipse_adoptium-25-amd64-windows.2\bin\server;\\?\C:\WINDOWS\system32;C:\Users\marvin\AppData\Local\Temp\jna--1081295363;C:\Codes\piko\desktopApp\build\compose\tmp\prepareAppResources\mpv;C:\Users\marvin\.skiko\skiko-windows-x64-5061ffbbfbad9fc8c6c8e0c1741b674c863293d3d071b061db9e6e0fc3ef1d38;C:\WINDOWS\System32\DriverStore\FileRepository\nvtfi.inf_amd64_039ce3d14607c6bc

VM Arguments:
jvm_args: -Dcompose.application.configure.swing.globals=true -Dcompose.application.resources.dir=C:\Codes\piko\desktopApp\build\compose\tmp\prepareAppResources -Dpiko.upgrade-code=6d8d332e-f0f4-4ee0-bc2d-fb3ebf3d4267 --enable-native-access=ALL-UNNAMED -XX:+UnlockDiagnosticVMOptions -XX:-AOTAdapterCaching -XX:-AOTStubCaching --enable-native-access=ALL-UNNAMED -Dfile.encoding=UTF-8 -Duser.country=SG -Duser.language=en -Duser.variant 
java_command: dev.piko.desktop.MainKt
java_class_path (initial): C:\Codes\piko\desktopApp\build\libs\desktopApp-desktop.jar;C:\Codes\piko\ui\build\libs\ui-desktop.jar;C:\Codes\piko\shared\build\libs\shared-desktop.jar;C:\Users\marvin\.gradle\caches\modules-2\files-2.1\org.openani.mediamp\mediamp-all-desktop\0.5.0\2ad14aed781c4a73ed4dbb421966d408a0a06686\mediamp-all-desktop-0.5.0.jar;C:\Users\marvin\.gradle\caches\modules-2\files-2.1\io.ktor\ktor-serialization-kotlinx-json-jvm\3.5.2\4b7181c709337dcbdda1106f0227a599944e6559\ktor-serialization-kotlinx-json-jvm-3.5.2.jar;C:\Users\marvin\.gradle\caches\modules-2\files-2.1\io.github.nihildigit\pikpak-kotlin-jvm\1.0.0\97a6f567191757d8b424c2b8df160b1c79e3a22a\pikpak-kotlin-jvm-1.0.0.jar;C:\Users\marvin\.gradle\caches\modules-2\files-2.1\io.ktor\ktor-client-okhttp-jvm\3.5.2\f1e6da982f67aa909001c53b61d46ad02ef91ec9\ktor-client-okhttp-jvm-3.5.2.jar;C:\Users\marvin\.gradle\caches\modules-2\files-2.1\io.ktor\ktor-client-content-negotiation-jvm\3.5.2\f30c44701a3d4d392a33a41293c2b1c29cfa5d0\ktor-client-content-negotiation-jvm-3.5.2.jar;C:\Users\marvin\.gradle\caches\modules-2\files-2.1\io.ktor\ktor-client-logging-jvm\3.5.2\e33c3d01285da6605a040115061faad046ee1acd\ktor-client-logging-jvm-3.5.2.jar;C:\Users\marvin\.gradle\caches\modules-2\files-2.1\io.ktor\ktor-client-core-jvm\3.5.2\d6525cc26aa12e341b14a37dea698fcb4eca54cb\ktor-client-core-jvm-3.5.2.jar;C:\Users\marvin\.gradle\caches\modules-2\files-2.1\io.ktor\ktor-http-cio-jvm\3.5.2\4d8f22cce83a2c865e0d3e64d4abfd4ea13a8e6c\ktor-http-cio-jvm-3.5.2.jar;C:\Users\marvin\.gradle\caches\modules-2\files-2.1\io.ktor\ktor-websocket-serialization-jvm\3.5.2\d391929e7082af2e6f0cddcf7df4b8f934b0a297\ktor-websocket-serialization-jvm-3.5.2.jar;C:\Users\marvin\.gradle\caches\modules-2\files-2.1\io.ktor\ktor-serialization-kotlinx-jvm\3.5.2\10c0b34ab34b3eef9d81a5632a0f9bbf9eb54bc9\ktor-serialization-kotlinx-jvm-3.5.2.jar;C:\Users\marvin\.gradle\caches\modules-2\files-2.1\io.ktor\ktor-serialization-jvm\3.5.2\beed828bb6d5388782ee3d7ab9e17f19888a60a9\ktor-serialization-jvm-3.5.2.jar;C:\Users\marvin\.gradle\caches\modules-2\files-2.1\io.ktor\ktor-websockets-jvm\3.5.2\9906c60d014018f83dd0f4f6eff306956dc1fe09\ktor-websockets-jvm-3.5.2.jar;C:\Users\marvin\.gradle\caches\modules-2\files-2.1\io.ktor\ktor-http-jvm\3.5.2\d28bf8120efdc33354d91d99c0842187759e3c70\ktor-http-jvm-3.5.2.jar;C:\Users\marvin\.gradle\caches\modules-2\files-2.1\org.jetbrains.kotlinx\kotlinx-serialization-json-io-jvm\1.11.0\645ed54ca9128fc217b30b3686a083141ebe635c\kotlinx-serialization-json-io-jvm-1.11.0.jar;C:\Users\marvin\.gradle\caches\modules-2\files-2.1\io.ktor\ktor-network-jvm\3.5.2\1d4a6deadcc3a30de665ea26f98eea3fc52750bb\ktor-network-jvm-3.5.2.jar;C:\Users\marvin\.gradle\caches\modules-2\files-2.1\io.ktor\ktor-events-jvm\3.5.2\5e64959ec6f91dff8ea281cfa102ae73bce000f7\ktor-events-jvm-3.5.2.jar;C:\Users\marvin\.gradle\caches\modules-2\files-2.1\io.ktor\ktor-sse-jvm\3.5.2\84a9273210b25e32403252149f7bcd16b7ab9fbb\ktor-sse-jvm-3.5.2.jar;C:\Users\marvin\.gradle\caches\modules-2\files-2.1\io.ktor\ktor-utils-jvm\3.5.2\dc58dadecf1646d013ba0dda5dffab0b71a3fefd\ktor-utils-jvm-3.5.2.jar;C:\Users\marvin\.gradle\caches\modules-2\files-2.1\org.openani.mediamp\mediamp-mpv-desktop\0.5.0\729e3ca118ea77403c893287032d9e8922581e02\mediamp-mpv-desktop-0.5.0.jar;C:\Users\marvin\.gradle\caches\modules-2\files-2.1\org.openani.mediamp\mediamp-api-desktop\0.5.0\f782d6a60454a2152f2d4224df4d7f64e8cc0aae\mediamp-api-desktop-0.5.0.jar;C:\Users\marvin\.gradle\caches\modules-2\files-2.1\org.jetbrains.compose.material\material-icons-extended-desktop\1.7.3\c7c5465dd754043076875b32bce0dd7f5a354fe8\material-icons-extended-desktop-1.7.3.jar;C:\Users\marvin\.gradle\caches\modules-2\files-2.1\org.jetbrains.compose.material3\material3-adaptive-navigation-suite-desktop\1.12.0-alpha03\c1f4f65aa53cfebc7c4a452b50699d6955d19454\material3-adaptive-navigation-suite-desktop-1.12.0-alpha03.jar;C:\Users\marvin\.gradle\caches\modules-2\files-2.1\org.jetbrains.compose.material3\material3-desktop\1.12.0-alpha03\aa400c3f70e5a2c03f2e1882ea18bea44fb8d6a8\material3-desktop-1.12.0-alpha03.jar;C:\Users\marvin\.gradle\caches\modules-2\files-2.1\org.jetbrains.compose.material3.adaptive\adaptive-layout-desktop\1.3.0-rc01\aeb24951823107509828a83b00baf32ac21c75d\adaptive-layout-desktop-1.3.0-rc01.jar;C:\Users\marvin\.gradle\caches\modules-2\files-2.1\org.jetbrains.compose.material3.adaptive\adaptive-navigation-desktop\1.3.0-rc01\49889a4373e85e93532f55c64459f1a086edafb4\adaptive-navigation-desktop-1.3.0-rc01.jar;C:\Users\marvin\.gradle\caches\modules-2\files-2.1\org.jetbrains.compose.material3.adaptive\adaptive-navigation3-desktop\1.3.0-rc01\bf1a35c653927dc269082830021331ae176b1c25\adaptive-navigation3-desktop-1.3.0-rc01.jar;C:\Users\marvin\.gradle\caches\modules-2\files-2.1\org.jetbrains.compose.material3.adaptive\adaptive-desktop\1.3.0-rc01\8fef700325ab21c983e829227ad525554e567443\adaptive-desktop-1.3.0-rc01.jar;C:\Users\marvin\.gradle\caches\modules-2\files-2.1\org.jetbrains.compose.desktop\desktop-jvm\1.12.0\55722afc383641f44e5059e3a87e076436190826\desktop-jvm-1.12.0.jar;C:\Users\marvin\.gradle\caches\modules-2\files-2.1\io.coil-kt.coil3\coil-compose-jvm\3.6.3\2fb8abf7c7be435403d4bbd295e4ad67bebcc577\coil-compose-jvm-3.6.3.jar;C:\Users\marvin\.gradle\caches\modules-2\files-2.1\io.coil-kt.coil3\coil-compose-core-jvm\3.6.3\8498f8eb1ba3517190b425963924d5d58eb6f2d8\coil-compose-core-jvm-3.6.3.jar;C:\Users\marvin\.gradle\caches\modules-2\files-2.1\org.jetbrains.androidx.navigation3\navigation3-ui-desktop\1.1.2\68433ab0448b1412ab4a93c0e3ef3b69b3a8cb2\navigation3-ui-desktop-1.1.2.jar;C:\Users\marvin\.gradle\caches\modules-2\files-2.1\org.jetbrains.compose.material\material-desktop\1.12.0\6d090e795e1575f46fcd5f993f38c2e34b976a32\material-desktop-1.12.0.jar;C:\Users\marvin\.gradle\caches\modules-2\files-2.1\org.jetbrains.compose.animation\animation-core-desktop\1.12.0\a14cdb09ab8792b6b20d298d0a26530969228b0f\animation-core-desktop-1.12.0.jar;C:\Users\marvin\.gradle\caches\modules-2\files-2.1\org.jetbrains.compose.material\material-ripple-desktop\1.12.0\b4b34a8be94b8c41526d448a58d7ce2256872df5\material-ripple-desktop-1.12.0.jar;C:\Users\marvin\.gradle\caches\modules-2\files-2.1\org.jetbrains.compose.animation\animation-desktop\1.12.0\c2b6620077a35e3d4ab8983df5d4377f2df0636\animation-desktop-1.12.0.jar;C:\Users\marvin\.gradle\caches\modules-2\files-2.1\org.jetbrains.compose.foundation\foundation-layout-desktop\1.12.0\64d4f43ec090a85f3069762a5c39a147c6d2c9aa\foundation-layout-desktop-1.12.0.jar;C:\Users\marvin\.gradle\caches\modules-2\files-2.1\org.jetbrains.compose.foundation\foundation-desktop\1.12.0\833f455fe2196abff4d2a361abd546f9eefcaed3\foundation-desktop-1.12.0.jar;C:\Users\marvin\.gradle\caches\modules-2\files-2.1\org.jetbrains.compose.material\material-icons-core-desktop\1.7.3\414b3096050fe647b0638832eace80f22c06b85c\material-icons-core-desktop-1.7.3.jar;C:\Users\marvin\.gradle\caches\modules-2\files-2.1\org.jetbrains.compose.ui\ui-tooling-preview-desktop\1.12.0\9871d626c28849c2f353e15d7694e38d7996ddcc\ui-tooling-preview-desktop-1.12.0.jar;C:\Users\marvin\.gradle\caches\modules-2\files-2.1\org.jetbrains.compose.ui\ui-unit-desktop\1.12.0\e0670f2fc4ace09368fdba41c15558e1fa79e866\ui-unit-desktop-1.12.0.jar;C:\Users\marvin\.gradle\caches\modules-2\files-2.1\org.jetbrains.compose.ui\ui-geometry-desktop\1.12.0\21ca5715bcde50586e57506f07b280ff8b626bdb\ui-geometry-desktop-1.12.0.jar;C:\Users\marvin\.gradle\caches\modules-2\files-2.1\org.jetbrains.compose.ui\ui-graphics-desktop\1.12.0\cf9166c08f3efbdda587aceca676c1f70c640578\ui-graphics-desktop-1.12.0.jar;C:\Users\marvin\.gradle\caches\modules-2\files-2.1\org.jetbrains.compose.ui\ui-util-desktop\1.12.0\2d41b1dcda0c16efa86718f309fe2159a2890028\ui-util-desktop-1.12.0.jar;C:\Users\marvin\.gradle\caches\modules-2\files-2.1\org.jetbrains.compose.ui\ui-text-desktop\1.12.0\af2aab56220491e300daa1def6ce1e586f18d84\ui-text-desktop-1.12.0.jar;C:\Users\marvin\.gradle\caches\modules-2\files-2.1\org.jetbrains.compose.ui\ui-backhandler-desktop\1.12.0\170494f680ff0f7532eeba0f4ba936b54224ed32\ui-backhandler-desktop-1.12.0.jar;C:\Users\marvin\.gradle\caches\modules-2\files-2.1\org.jetbrains.compose.ui\ui-desktop\1.12.0\3c658fca0b00c4ea95e008b86d80a35d4152c66f\ui-desktop-1.12.0.jar;C:\Users\marvin\.gradle\caches\modules-2\files-2.1\androidx.navigation3\navigation3-runtime-desktop\1.1.7\da4cabc5c4ad50d0b544d2b3730b111fdb186875\navigation3-runtime-desktop-1.1.7.jar;C:\Users\marvin\.gradle\caches\modules-2\files-2.1\androidx.compose.runtime\runtime-saveable-desktop\1.12.0\8cacc17c590b2ac5fabf040c4f66d432092a821\runtime-saveable-desktop-1.12.0.jar;C:\Users\marvin\.gradle\caches\modules-2\files-2.1\org.jetbrains.androidx.navigationevent\navigationevent-compose-desktop\1.1.0\d4c4408fbc6ac4dbddaef91d82013f435c02a9c5\navigationevent-compose-desktop-1.1.0.jar;C:\Users\marvin\.gradle\caches\modules-2\files-2.1\androidx.navigationevent\navigationevent-compose-desktop\1.1.2\ef8d1270c6439178474691b1886e2c3dc97f9ce\navigationevent-compose-desktop-1.1.2.jar;C:\Users\marvin\.gradle\caches\modules-2\files-2.1\androidx.navigationevent\navigationevent-desktop\1.1.2\10a65e605d90c6dc98f3de9d32ae32824a7d0a1f\navigationevent-desktop-1.1.2.jar;C:\Users\marvin\.gradle\caches\modules-2\files-2.1\androidx.compose.runtime\runtime-annotation-jvm\1.12.0\4cf2b71ea98c0d69c95a2885e521ba28af5fa7a0\runtime-annotation-jvm-1.12.0.jar;C:\Users\marvin\.gradle\caches\modules-2\files-2.1\androidx.compose.runtime\runtime-retain-desktop\1.12.0\3aa3ec26ef2a3d26bc556b51b33d09efc1a198e8\runtime-retain-desktop-1.12.0.jar;C:\Users\marvin\.gradle\caches\modules-2\files-2.1\org.jetbrains.androidx.savedstate\savedstate-compose-desktop\1.3.6\63692375ffe667f12cb3ea8aa1e605d659ed2add\savedstate-compose-desktop-1.3.6.jar;C:\Users\marvin\.gradle\caches\modules-2\files-2.1\androidx.savedstate\savedstate-desktop\1.4.0\3b049a0f81643d6b4b900de95bc23efc085c32d5\savedstate-desktop-1.4.0.jar;C:\Users\marvin\.gradle\caches\modules-2\files-2.1\androidx.savedstate\savedstate-compose-desktop\1.4.0\d3d6e0e2108528eb6080dc250da925a572be4202\savedstate-compose-desktop-1.4.0.jar;C:\Users\marvin\.gradle\caches\modules-2\files-2.1\androidx.compose.runtime\runtime-desktop\1.12.0\82e40832ddf785e9c0c15c4186d32f8c894fd914\runtime-desktop-1.12.0.jar;C:\Users\marvin\.gradle\caches\modules-2\files-2.1\org.jetbrains.compose.runtime\runtime-desktop\1.12.0\d9b0c5277cd9ba7a116fbb06e1716d02d0b33401\runtime-desktop-1.12.0.jar;C:\Users\marvin\.gradle\caches\modules-2\files-2.1\org.jetbrains.compose.runtime\runtime-saveable-desktop\1.12.0\b4a48d211ac0281b049bf42cb21f715c71b69145\runtime-saveable-desktop-1.12.0.jar;C:\Users\marvin\.gradle\caches\modules-2\files-2.1\org.jetbrains.androidx.lifecycle\lifecycle-runtime-compose-desktop\2.9.6\7b6b6793f3c4c5996b20d1d99cf728e5fac00364\lifecycle-runtime-compose-desktop-2.9.6.jar;C:\Users\marvin\.gradle\caches\modules-2\files-2.1\androidx.lifecycle\lifecycle-viewmodel-desktop\2.11.0\156dea0e0e4862b60bc14881891bae1e5df64f81\lifecycle-viewmodel-desktop-2.11.0.jar;C:\Users\marvin\.gradle\caches\modules-2\files-2.1\androidx.lifecycle\lifecycle-common-jvm\2.11.0\2c4f7d92f1fd723121d394c93455f50158403ad9\lifecycle-common-jvm-2.11.0.jar;C:\Users\marvin\.gradle\caches\modules-2\files-2.1\androidx.lifecycle\lifecycle-runtime-desktop\2.11.0\c2b5e2f7d739375538c2a74757531a30607f85ff\lifecycle-runtime-desktop-2.11.0.jar;C:\Users\marvin\.gradle\caches\modules-2\files-2.1\androidx.lifecycle\lifecycle-viewmodel-savedstate-desktop\2.11.0\4e8025bc47a196b0ee403b8d915393ae7922c21a\lifecycle-viewmodel-savedstate-desktop-2.11.0.jar;C:\Users\marvin\.gradle\caches\modules-2\files-2.1\androidx.lifecycle\lifecycle-runtime-compose-desktop\2.11.0\8a85615b7e4f5728106bf7bc3cfa95f429eb6264\lifecycle-runtime-compose-desktop-2.11.0.jar;C:\Users\marvin\.gradle\caches\modules-2\files-2.1\androidx.lifecycle\lifecycle-viewmodel-compose-desktop\2.11.0\29daa46bc0d2d574ee95309be1f325764f40b35b\lifecycle-viewmodel-compose-desktop-2.11.0.jar;C:\Users\marvin\.gradle\caches\modules-2\files-2.1\org.jetbrains.kotlinx\kotlinx-serialization-core-jvm\1.11.0\c1905c9bf7452b045d5af9248835abe64ddad6bf\kotlinx-serialization-core-jvm-1.11.0.jar;C:\Users\marvin\.gradle\caches\modules-2\files-2.1\org.jetbrains.kotlinx\kotlinx-serialization-json-jvm\1.11.0\e7e045e99e56f07599bb9ccb708c2190e2af0606\kotlinx-serialization-json-jvm-1.11.0.jar;C:\Users\marvin\.gradle\caches\modules-2\files-2.1\io.coil-kt.coil3\coil-network-okhttp-jvm\3.6.3\1e5453abb7d29febececce7ae2bd2fffc074053c\coil-network-okhttp-jvm-3.6.3.jar;C:\Users\marvin\.gradle\caches\modules-2\files-2.1\org.jetbrains.skiko\skiko-awt-runtime-windows-x64\0.150.1\f709996c593fdd677168a054d09f7dcd91b6b51e\skiko-awt-runtime-windows-x64-0.150.1.jar;C:\Users\marvin\.gradle\caches\modules-2\files-2.1\io.coil-kt.coil3\coil-jvm\3.6.3\ea66ca5921be7ce8029ed104e0fa91a10f5be705\coil-jvm-3.6.3.jar;C:\Users\marvin\.gradle\caches\modules-2\files-2.1\io.coil-kt.coil3\coil-network-core-jvm\3.6.3\4b132b893f681f9029dee4579e6fe7dda9ef132\coil-network-core-jvm-3.6.3.jar;C:\Users\marvin\.gradle\caches\modules-2\files-2.1\io.coil-kt.coil3\coil-core-jvm\3.6.3\1be096d9c4e73144282b72daea92fd9553fc1214\coil-core-jvm-3.6.3.jar;C:\Users\marvin\.gradle\caches\modules-2\files-2.1\org.jetbrains.skiko\skiko-awt\0.150.1\e03fd8140c0e331c3c7018b00a9710ec98d78fc1\skiko-awt-0.150.1.jar;C:\Users\marvin\.gradle\caches\modules-2\files-2.1\org.jetbrains.kotlinx\kotlinx-coroutines-swing\1.11.0\3cf134b8aefd813622edc37e60d66b939b55cb36\kotlinx-coroutines-swing-1.11.0.jar;C:\Users\marvin\.gradle\caches\modules-2\files-2.1\org.jetbrains.kotlinx\kotlinx-coroutines-slf4j\1.11.0\556153d93573d016dd4e5df37e3d03d07d8d303\kotlinx-coroutines-slf4j-1.11.0.jar;C:\Users\marvin\.gradle\caches\modules-2\files-2.1\org.openani.mediamp\mediamp-internal-utils-desktop\0.5.0\d1b53969fb61107dc1bf456f4423f48de805e9d2\mediamp-internal-utils-desktop-0.5.0.jar;C:\Users\marvin\.gradle\caches\modules-2\files-2.1\io.ktor\ktor-io-jvm\3.5.2\b27620278e10b206310a22b9303c5274f239872d\ktor-io-jvm-3.5.2.jar;C:\Users\marvin\.gradle\caches\modules-2\files-2.1\org.jetbrains.kotlinx\kotlinx-coroutines-core-jvm\1.11.0\3d57dc678bd8d72a60e7adf0eca5c54e3f4f4b79\kotlinx-coroutines-core-jvm-1.11.0.jar;C:\Users\marvin\.gradle\caches\modules-2\files-2.1\org.jetbrains.kotlinx\kotlinx-datetime-jvm\0.7.1\81c2e0246bd28cc2dcbdf0ab53628322e66a9de9\kotlinx-datetime-jvm-0.7.1.jar;C:\Users\marvin\.gradle\caches\modules-2\files-2.1\com.squareup.okhttp3\okhttp-jvm\5.3.2\f31e8de27feebe1e56d6c9d354a0986b65be0e1d\okhttp-jvm-5.3.2.jar;C:\Users\marvin\.gradle\caches\modules-2\files-2.1\org.kotlincrypto.hash\md-jvm\0.8.0\63d39236d0ded2d4dc2cf218a766f60e0f494400\md-jvm-0.8.0.jar;C:\Users\marvin\.gradle\caches\modules-2\files-2.1\org.kotlincrypto.macs\hmac-sha1-jvm\0.8.0\cd0de9ed5663294a61259153263a07d629cc262e\hmac-sha1-jvm-0.8.0.jar;C:\Users\marvin\.gradle\caches\modules-2\files-2.1\org.kotlincrypto.hash\sha1-jvm\0.8.0\2159ee88a7e28784b12583dadedf3fa7631d80f0\sha1-jvm-0.8.0.jar;C:\Users\marvin\.gradle\caches\modules-2\files-2.1\org.kotlincrypto.hash\sha2-jvm\0.8.0\582b5e449e534deeb37ede3c305faf4303187f75\sha2-jvm-0.8.0.jar;C:\Users\marvin\.gradle\caches\modules-2\files-2.1\androidx.graphics\graphics-shapes-desktop\1.1.0\a5d2198960bdc0915f74c6b2954d3323f35f40ea\graphics-shapes-desktop-1.1.0.jar;C:\Users\marvin\.gradle\caches\modules-2\files-2.1\androidx.collection\collection-jvm\1.5.0\7ba2c69414d46ebc2dd76598bdd0a75c54281a57\collection-jvm-1.5.0.jar;C:\Users\marvin\.gradle\caches\modules-2\files-2.1\org.jetbrains.kotlinx\atomicfu-jvm\0.28.0\6a9ac536f4b2144e57c176fd4e26821eb12084f4\atomicfu-jvm-0.28.0.jar;C:\Users\marvin\.gradle\caches\modules-2\files-2.1\androidx.arch.core\core-common\2.2.0\5e1b8b81dfd5f52c56a8d53b18ca759c19a301f3\core-common-2.2.0.jar;C:\Users\marvin\.gradle\caches\modules-2\files-2.1\org.jetbrains.androidx.window\window-core-desktop\1.5.0\3f50ebee096c6fae282966ada51d7c7639161a65\window-core-desktop-1.5.0.jar;C:\Users\marvin\.gradle\caches\modules-2\files-2.1\androidx.window\window-core-jvm\1.5.0\92fb190542d65238482465e5d77857b15e59aa82\window-core-jvm-1.5.0.jar;C:\Users\marvin\.gradle\caches\modules-2\files-2.1\androidx.annotation\annotation-jvm\1.9.1\b17951747e38bf3986a24431b9ba0d039958aa5f\annotation-jvm-1.9.1.jar;C:\Users\marvin\.gradle\caches\modules-2\files-2.1\org.openani.mediamp\mediamp-native-loader-desktop\0.5.0\50153b6bc7fb599f6cd724da3fef22e8d765e6b0\mediamp-native-loader-desktop-0.5.0.jar;C:\Users\marvin\.gradle\caches\modules-2\files-2.1\com.squareup.okio\okio-jvm\3.18.1\a3a8128bb3a0157d23ecc18c17e8330d9c0ac96c\okio-jvm-3.18.1.jar;C:\Users\marvin\.gradle\caches\modules-2\files-2.1\org.kotlincrypto.macs\hmac-jvm\0.8.0\7e4b2863f62102c27a1fcb0ee5aeb531369da266\hmac-jvm-0.8.0.jar;C:\Users\marvin\.gradle\caches\modules-2\files-2.1\org.kotlincrypto.core\digest-jvm\0.8.0\374cb01518c42fa1c115762ef73af0f78c0b5ea7\digest-jvm-0.8.0.jar;C:\Users\marvin\.gradle\caches\modules-2\files-2.1\org.kotlincrypto.bitops\bits-jvm\0.3.0\d333afecd2686ee9a2f9e47b5581cb7185e41c72\bits-jvm-0.3.0.jar;C:\Users\marvin\.gradle\caches\modules-2\files-2.1\org.kotlincrypto.bitops\endian-jvm\0.3.0\3b46c837682e4a2bcf283845bee8278f69af5332\endian-jvm-0.3.0.jar;C:\Users\marvin\.gradle\caches\modules-2\files-2.1\org.jetbrains.kotlinx\kotlinx-io-core-jvm\0.9.1\8c926478f17f8109e01e68adee93795c68dcad3c\kotlinx-io-core-jvm-0.9.1.jar;C:\Users\marvin\.gradle\caches\modules-2\files-2.1\org.kotlincrypto.core\mac-jvm\0.8.0\bb4838aada8bf643aa2f35d05192fbb48c209d3b\mac-jvm-0.8.0.jar;C:\Users\marvin\.gradle\caches\modules-2\files-2.1\org.kotlincrypto.core\core-jvm\0.8.0\87581841719a4b2de99229b4f97a4b1f7d2e0d6f\core-jvm-0.8.0.jar;C:\Users\marvin\.gradle\caches\modules-2\files-2.1\org.jetbrains.kotlinx\kotlinx-io-bytestring-jvm\0.9.1\7a28d93fce9fc8b663a6fe19cb2ae14a6ade7e8a\kotlinx-io-bytestring-jvm-0.9.1.jar;C:\Users\marvin\.gradle\caches\modules-2\files-2.1\org.kotlincrypto\error-jvm\0.4.0\e8acbb4485c9326004fb3aff744deef79643ba4d\error-jvm-0.4.0.jar;C:\Users\marvin\.gradle\caches\modules-2\files-2.1\org.jetbrains.kotlin\kotlin-stdlib\2.4.10\8943c84ddc6d5cc00a10dbc3736c397066eeaab5\kotlin-stdlib-2.4.10.jar;C:\Users\marvin\.gradle\caches\modules-2\files-2.1\com.googlecode.mp4parser\isoparser\1.1.22\70b5c26b52c120d2e94643717a764c4a67640fd6\isoparser-1.1.22.jar;C:\Users\marvin\.gradle\caches\modules-2\files-2.1\com.github.luben\zstd-jni\1.5.7-20\c85fe200d870760953ffe2793c5f2fdfb84c5b8d\zstd-jni-1.5.7-20-win_amd64.jar;C:\Users\marvin\.gradle\caches\modules-2\files-2.1\org.jetbrains\annotations\23.0.0\8cc20c07506ec18e0834947b84a864bfc094484e\annotations-23.0.0.jar;C:\Users\marvin\.gradle\caches\modules-2\files-2.1\org.slf4j\slf4j-simple\2.0.17\9872a3fd794ffe7b18d17747926a64d61526ca96\slf4j-simple-2.0.17.jar;C:\Users\marvin\.gradle\caches\modules-2\files-2.1\org.slf4j\slf4j-api\2.0.18\78a9e7a37cd6360e0b818e86341b24123d28d4df\slf4j-api-2.0.18.jar;C:\Users\marvin\.gradle\caches\modules-2\files-2.1\org.jetbrains.runtime\jbr-api\1.9.0\2bc161f5472b5fd5610740e4d6ebe896c811cb0e\jbr-api-1.9.0.jar;C:\Users\marvin\.gradle\caches\modules-2\files-2.1\net.java.dev.jna\jna-platform\5.13.0\88e9a306715e9379f3122415ef4ae759a352640d\jna-platform-5.13.0.jar;C:\Users\marvin\.gradle\caches\modules-2\files-2.1\net.java.dev.jna\jna\5.13.0\1200e7ebeedbe0d10062093f32925a912020e747\jna-5.13.0.jar;C:\Users\marvin\.gradle\caches\modules-2\files-2.1\org.jspecify\jspecify\1.0.0\7425a601c1c7ec76645a78d22b8c6a627edee507\jspecify-1.0.0.jar
Launcher Type: SUN_STANDARD

[Global flags]
     bool AOTAdapterCaching                        = false                                  {diagnostic} {command line}
     bool AOTInvokeDynamicLinking                  = false                                  {diagnostic} {ergonomic}
     bool AOTRecordTraining                        = false                                  {diagnostic} {ergonomic}
     bool AOTReplayTraining                        = false                                  {diagnostic} {ergonomic}
     bool AOTStubCaching                           = false                                  {diagnostic} {command line}
     intx CICompilerCount                          = 12                                        {product} {ergonomic}
     uint ConcGCThreads                            = 3                                         {product} {ergonomic}
     uint G1ConcRefinementThreads                  = 13                                        {product} {ergonomic}
   size_t G1HeapRegionSize                         = 4194304                                   {product} {ergonomic}
   size_t InitialHeapSize                          = 532676608                                 {product} {ergonomic}
     bool IntelJccErratumMitigation                = false                             {ARCH diagnostic} {ergonomic}
   size_t MarkStackSize                            = 4194304                                   {product} {ergonomic}
   size_t MarkStackSizeMax                         = 536870912                                 {product} {ergonomic}
   size_t MaxHeapSize                              = 8522825728                                {product} {ergonomic}
   size_t MaxNewSize                               = 5112856576                                {product} {ergonomic}
   size_t MinHeapDeltaBytes                        = 4194304                                   {product} {ergonomic}
   size_t MinHeapSize                              = 8388608                                   {product} {ergonomic}
    uintx NonNMethodCodeHeapSize                   = 7667712                                {pd product} {ergonomic}
    uintx NonProfiledCodeHeapSize                  = 122028032                              {pd product} {ergonomic}
    uintx ProfiledCodeHeapSize                     = 122028032                              {pd product} {ergonomic}
    uintx ReservedCodeCacheSize                    = 251723776                              {pd product} {ergonomic}
     bool SegmentedCodeCache                       = true                                      {product} {ergonomic}
   size_t SoftMaxHeapSize                          = 8522825728                             {manageable} {ergonomic}
     bool UnlockDiagnosticVMOptions                = true                                   {diagnostic} {command line}
     bool UseCompressedOops                        = true                           {product lp64_product} {ergonomic}
     bool UseG1GC                                  = true                                      {product} {ergonomic}
     bool UseLargePagesIndividualAllocation        = false                                  {pd product} {ergonomic}
      int X86ICacheSync                            = 3                                 {ARCH diagnostic} {ergonomic}

Logging:
Log output configuration:
 #0: stdout all=warning uptime,level,tags foldmultilines=false
 #1: stderr all=off uptime,level,tags foldmultilines=false

Release file:
IMPLEMENTOR="Eclipse Adoptium" 
IMPLEMENTOR_VERSION="Temurin-25.0.4.1+1" 
JAVA_RUNTIME_VERSION="25.0.4.1+1-LTS" 
JAVA_VERSION="25.0.4.1" 
JAVA_VERSION_DATE="2026-08-18" 
LIBC="default" 
MODULES="java.base java.compiler java.datatransfer java.xml java.prefs java.desktop java.instrument java.logging java.management java.security.sasl java.naming java.rmi java.management.rmi java.net.http java.scripting java.security.jgss java.transaction.xa java.sql java.sql.rowset java.xml.crypto java.se java.smartcardio jdk.accessibility jdk.internal.jvmstat jdk.attach jdk.charsets jdk.internal.opt jdk.zipfs jdk.compiler jdk.crypto.cryptoki jdk.crypto.ec jdk.crypto.mscapi jdk.dynalink jdk.internal.ed jdk.editpad jdk.internal.vm.ci jdk.graal.compiler jdk.graal.compiler.management jdk.hotspot.agent jdk.httpserver jdk.incubator.vector jdk.internal.le jdk.internal.md jdk.jartool jdk.javadoc jdk.jcmd jdk.management jdk.management.agent jdk.jconsole jdk.jdeps jdk.jdwp.agent jdk.jdi jdk.jfr jdk.jlink jdk.jpackage jdk.jshell jdk.jsobject jdk.jstatd jdk.localedata jdk.management.jfr jdk.naming.dns jdk.naming.rmi jdk.net jdk.nio.mapmode jdk.sctp jdk.security.auth jdk.security.jgss jdk.unsupported jdk.unsupported.desktop jdk.xml.dom" 
OS_ARCH="x86_64" 
OS_NAME="Windows" 
SOURCE=".:git:520406d87195" 
BUILD_SOURCE="git:e6ba7dec3d07654074559310376a3ae89da5f4ac"
BUILD_SOURCE_REPO="https://github.com/adoptium/temurin-build.git"
SOURCE_REPO="https://github.com/adoptium/jdk25u.git"
FULL_VERSION="25.0.4.1+1-LTS"
SEMANTIC_VERSION="25.0.4.1+1"
BUILD_INFO="OS: Windows Server 2022 Version: 10.0"
JVM_VARIANT="Hotspot"
JVM_VERSION="25.0.4.1+1-LTS"
IMAGE_TYPE="JDK"

Environment Variables:
JAVA_HOME=C:\Users\marvin\scoop\apps\intellij-jbr21-sdk-jcef\current
PATH=C:\Users\marvin\bin;C:\Program Files\Git\mingw64\bin;C:\Program Files\Git\usr\local\bin;C:\Program Files\Git\usr\bin;C:\Program Files\Git\usr\bin;C:\Program Files\Git\mingw64\bin;C:\Program Files\Git\usr\bin;C:\Users\marvin\bin;C:\Program Files\PowerShell\7;C:\Program Files\Zulu\zulu-25\bin;C:\Program Files\NVIDIA GPU Computing Toolkit\CUDA\v13.3\bin\x64;C:\Program Files\NVIDIA GPU Computing Toolkit\CUDA\v13.3\bin;C:\Program Files\NVIDIA GPU Computing Toolkit\CUDA\v13.1\bin\x64;C:\Program Files\NVIDIA GPU Computing Toolkit\CUDA\v13.1\bin;C:\Program Files\NVIDIA GPU Computing Toolkit\CUDA\v13.0\bin\x64;C:\Program Files\NVIDIA GPU Computing Toolkit\CUDA\v13.0\bin;C:\WINDOWS\system32;C:\WINDOWS;C:\WINDOWS\System32\Wbem;C:\WINDOWS\System32\WindowsPowerShell\v1.0;C:\WINDOWS\System32\OpenSSH;C:\Program Files\NVIDIA Corporation\NVIDIA App\NvDLISR;C:\Program Files (x86)\NVIDIA Corporation\PhysX\Common;C:\ProgramData\chocolatey\bin;C:\Program Files (x86)\Windows Kits\10\Windows Performance Toolkit;C:\Program Files\usbipd-win;C:\Program Files\dotnet;C:\Program Files\NVIDIA Corporation\Nsight Compute 2026.2.0;C:\Program Files\Calibre2;C:\Program Files\GTK3-Runtime Win64\bin;C:\Program Files\Git\cmd;C:\Program Files\PowerShell\7;C:\Users\marvin\AppData\Local\agy\bin;C:\Users\marvin\scoop\apps\llvm\current\bin;C:\Users\marvin\scoop\persist\uv\tools\shims;C:\Users\marvin\scoop\persist\uv\python\shims;C:\Users\marvin\scoop\apps\nodejs-lts\current\bin;C:\Users\marvin\scoop\apps\nodejs-lts\current;C:\Users\marvin\.pixi\bin;C:\Users\marvin\scoop\apps\imagemagick\current;C:\Users\marvin\.kimi-code\bin;C:\Users\marvin\scoop\apps\intellij-jbr21-sdk-jcef\current\bin;C:\Users\marvin\scoop\apps\rustup\current\.cargo\bin;C:\Users\marvin\scoop\apps\ghostscript\current\lib;C:\Users\marvin\scoop\persist\bun\bin;C:\Users\marvin\.local\bin;C:\Users\marvin\scoop\apps\openjdk17\current\bin;C:\Users\marvin\scoop\apps\python311\current\Scripts;C:\Users\marvin\scoop\apps\python311\current;C:\Users\marvin\scoop\shims;C:\Users\marvin\AppData\Local\Microsoft\WindowsApps;C:\Users\marvin\AppData\Local\JetBrains\Toolbox\scripts;C:\Users\marvin\.dotnet\tools;C:\Users\marvin\.bun\bin;C:\Users\marvin\AppData\Local\Microsoft\WinGet\Links;C:\Users\marvin\AppData\Local\Programs\Zed\bin;C:\Users\marvin\.deno\bin;C:\Users\marvin\AppData\Local\Microsoft\WindowsApps;C:\Users\marvin\AppData\Local\Programs\Microsoft VS Code\bin;C:\Users\marvin\AppData\Local\PowerToys\DSCModules;C:\Program Files\Git\usr\bin\vendor_perl;C:\Program Files\Git\usr\bin\core_perl;C:\Users\marvin\.claude\plugins\cache\claude-plugins-official\browser-use\4749bcbfe456-035549a4\bin;C:\Users\marvin\.claude\plugins\synced\cb299575-6bfd-42f4-a13c-c61030169935_47f33c50-7d47-46fd-bbb9-48df8a7e4479\cowork-plugin-management~g2\bin
USERNAME=marvin
SHELL=C:\Program Files\Git\usr\bin\bash.exe
TERM=xterm-256color
OS=Windows_NT
PROCESSOR_IDENTIFIER=Intel64 Family 6 Model 154 Stepping 3, GenuineIntel
TMP=C:\Users\marvin\AppData\Local\Temp
TEMP=C:\Users\marvin\AppData\Local\Temp




Compilation memory statistics disabled.

Periodic native trim disabled

---------------  S Y S T E M  ---------------

OS:
 Windows 11 , 64 bit Build 26100 (10.0.26100.9568)
OS uptime: 2 days 6:05 hours
Hyper-V role detected

CPU: total 16 (initial active 16) (8 cores per cpu, 2 threads per core) family 6 model 154 stepping 3 microcode 0x424, cx8, cmov, fxsr, ht, mmx, 3dnowpref, sse, sse2, sse3, ssse3, sse4.1, sse4.2, popcnt, lzcnt, tsc, tscinvbit, avx, avx2, aes, erms, clmul, bmi1, bmi2, adx, sha, fma, vzeroupper, clflush, clflushopt, clwb, hv, serialize, rdtscp, rdpid, fsrm, gfni, f16c, cet_ibt, cet_ss
Processor Information for the first 16 processors :
  Max Mhz: 2300, Current Mhz: 2300, Mhz Limit: 2300

Memory: 4k page, system-wide physical 32499M (11746M free)
TotalPageFile size 39667M (AvailPageFile size 12393M)
current process WorkingSet (physical memory assigned to process): 616M, peak: 620M
current process commit charge ("private bytes"): 986M, peak: 1050M

vm_info: OpenJDK 64-Bit Server VM (25.0.4.1+1-LTS) for windows-amd64 JRE (25.0.4.1+1-LTS), built on 2026-08-18T00:00:00Z with MS VC++ 17.12 (VS2022)

END.
